label,generator,y,fft_low_energy_mean,fft_low_energy_std,fft_low_energy_p90,fft_mid_energy_mean,fft_mid_energy_std,fft_mid_energy_p90,fft_high_energy_mean,fft_high_energy_std,fft_high_energy_p90,fft_high_low_ratio_mean,fft_high_low_ratio_std,fft_high_low_ratio_p90,glcm_contrast_mean,glcm_contrast_std,glcm_contrast_p90,glcm_homogeneity_mean,glcm_homogeneity_std,glcm_homogeneity_p90,glcm_energy_mean,glcm_energy_std,glcm_energy_p90,glcm_correlation_mean,glcm_correlation_std,glcm_correlation_p90,residual_std_mean,residual_std_std,residual_std_p90,residual_mean_mean,residual_mean_std,residual_mean_p90,residual_kurtosis_mean,residual_kurtosis_std,residual_kurtosis_p90,residual_entropy_mean,residual_entropy_std,residual_entropy_p90,corr_y_cr_mean,corr_y_cr_std,corr_y_cr_p90,corr_y_cb_mean,corr_y_cb_std,corr_y_cb_p90,corr_cr_cb_mean,corr_cr_cb_std,corr_cr_cb_p90,stat_mean_mean,stat_mean_std,stat_mean_p90,stat_std_mean,stat_std_std,stat_std_p90,stat_skew_mean,stat_skew_std,stat_skew_p90,stat_kurtosis_mean,stat_kurtosis_std,stat_kurtosis_p90
0,Wukong,0,5.352894861662568,1.7299139232630738,7.487259176852225,3.998099053650771,1.6288872339221176,6.115304312692366,3.327377608950516,1.4763972571565933,5.356280291722139,0.5974471577959047,0.0869370224398468,0.7131851344885239,1.8294998518794103,2.5838847102517764,4.796519707420005,0.8719465403562862,0.12921110179669207,0.9916712923595363,0.5017027960719636,0.23450507568271686,0.8029727595492604,0.9222347994559701,0.06584123354467124,0.96249992614108,12.280748846456857,14.079855168010349,30.553189448719586,5.8681793212890625,7.161950734302546,15.692138671875,12.229478797928778,10.999106663904122,27.16177956283685,1.6292599842699587,0.4363178613599033,2.254424034462577,0.5069359050565048,0.525917528156317,0.9653550529330124,-0.38774394894465236,0.4671652090697761,0.3033525741788504,-0.7923735182863265,0.2935554766690747,-0.6058564164794895,100.67080688476562,18.030328776636154,123.6126708984375,20.393811286122684,19.13012015742224,46.2118773225288,0.20998752456588216,0.4407199307247125,0.9134725134320467,-0.1987900837884876,1.2391288089651322,1.4361045238022097
1,Wukong,1,7.4195137650510485,0.9299552840979698,8.435799896100335,6.33096594640979,0.9471122748855121,7.501857986500799,5.714008247993605,0.9594449852473202,6.925868954769716,0.7676326731004405,0.056595875122173143,0.8356905722561192,19.231401208486886,21.286186389988554,50.44264632936517,0.7697181806673686,0.12398013822446388,0.8925194919677063,0.381895090478379,0.13234741020847524,0.48565981780498824,0.8575677857181878,0.11502589912492284,0.9678540719736136,60.93931275872344,45.38405356837102,127.15920601031493,29.17669677734375,26.103724809215887,66.396484375,47.87571956518214,116.22200263353076,70.49147002339393,1.9932374350526996,0.7205489678079835,2.965528107009302,-0.06981249931853808,0.6524598767234319,0.8186897357014955,0.5280977501382562,0.318369365115242,0.8888087704982686,0.28133555562807866,0.6087062082787548,0.9639533096813941,165.8842315673828,43.551032241423314,219.564697265625,59.600568896234364,31.80326136359282,94.34400804653416,-1.2915808444015624,2.1633680431668165,0.22874310559105998,9.085475270263972,27.50621790628911,26.046347732043774
1,SDv14,1,7.1885876207310435,0.39784130247356586,7.595050969719029,5.751887546845724,0.19311862633587043,5.9528192674760385,5.204967177489788,0.15296274316553882,5.408500850305308,0.7263160276610693,0.04595279598511565,0.8009977468756232,2.5300371088829055,0.9274879271317457,3.5235575711766205,0.6983848049354993,0.04657106188488954,0.7515530959046908,0.2580819477396423,0.0878135152181098,0.3341137043755075,0.9299940320510587,0.06357665259990683,0.9848313424969187,20.78886028833805,3.5920050619643416,25.541572794401127,14.037551879882812,2.7116900180375256,17.793212890625,10.43474702195974,6.364535572441567,16.93765243407111,2.673666941394923,0.25951731587135046,2.9007440554494006,-0.29892867397871403,0.7004278962812142,0.7334809110508056,0.19839961112318494,0.6563713579871067,0.9367746888935999,-0.9425058211568735,0.06537479533549279,-0.8563920430429665,97.28843688964844,50.42512074387215,163.068603515625,49.03876000151604,25.27282576030672,76.9172927196021,0.2274060434077084,1.6195487376519497,2.055791839058419,2.7639356947801845,5.226983412278808,11.193948875624175
0,Wukong,0,7.272033628433613,0.8692076022574428,7.952050520261545,6.317736842995837,0.874708013201143,7.066674042894034,5.825963950871316,0.8957624352579436,6.530491443073008,0.7974606023639426,0.05280449437941341,0.8574007500216274,11.624485945275111,8.653565222563032,23.509490051807788,0.5902678556162595,0.20865117388375873,0.9440529324844674,0.24108713312858568,0.15912751965652372,0.5167469307793688,0.781386170069271,0.09413359587380656,0.8737759302555232,61.26510938016529,28.314411947582176,91.86227914104535,37.604827880859375,20.82818035790795,59.8603515625,24.179648217179526,53.18602302844859,61.89029352201612,2.4709246339418165,0.8056927146357815,3.2692973343995386,-0.26719630024880975,0.29992099359101715,0.0466896344454374,0.22139466074702197,0.38902868343630054,0.6024687680319654,-0.6906182469284496,0.23748723145975548,-0.4420311613703851,103.62321472167969,29.130608555940515,137.714599609375,37.02580640492094,15.621945226976331,53.187137871577,1.0677316265276482,2.4865810487758346,3.820163170548518,9.013896792522395,24.971754292560107,26.714391292017087
0,SDv15,0,7.4496831686600675,0.5006472287672773,8.047456026120155,6.400513351992469,0.46638854298341953,7.010122480509752,5.6329252924570525,0.4976446653563759,6.28777789976964,0.7561086306572444,0.04300236878442421,0.7965801156806748,10.568844027049494,8.169750877654005,22.27504763479471,0.5692715247054931,0.14554313353167686,0.7284868771631443,0.20734471745888788,0.13235302631439347,0.36061748960068374,0.8307049973890959,0.08029645944835692,0.9441110167953656,48.64136053000834,21.097727143391506,78.81401431792071,30.318557739257812,16.283579623127128,54.054931640625,10.91533160109265,12.185474412534278,16.511025739987033,2.5609674858759783,0.5578180515805652,3.104365684268775,-0.42971566664341176,0.32016965214343057,-0.0017229999297002085,0.2330863503866629,0.4086088231434995,0.7364189182342797,-0.7318179275693801,0.17758644176358288,-0.5535418454662118,136.16493225097656,29.05729792872162,178.2861328125,42.88560494180443,14.579484865621348,63.36771512289998,-0.6280135584068649,1.0093832863644119,0.3341861625926646,0.9642735658246956,2.628151414292982,3.79409731268113
0,SDv15,0,7.009851546813671,0.6106925078013631,7.760054612554866,6.163495871820558,0.38055534399335395,6.609902896788704,5.681311886868851,0.23747712973489551,5.950337680943159,0.815627200043912,0.06804337003334632,0.9184385526121106,5.7777225401155885,5.598613907757165,14.144014550264563,0.6414118954166323,0.07945998277973149,0.735796405854639,0.2101623378213111,0.047419004905508426,0.2781837294873829,0.7971545504384562,0.1586662806398357,0.9317161233162841,38.21547798042112,13.26292566345588,56.4982429898686,23.00238037109375,7.2596658241056256,32.7952880859375,18.81945933978576,32.20498903947401,34.52207218515729,2.593471720717311,0.5960425847759608,3.409850280134945,-0.20553947129475453,0.5310614839959849,0.44845884983664064,-0.1561208327555575,0.4221551267042902,0.39039956508188695,-0.38262274106500754,0.4549623130982631,0.21681084011690382,97.8759765625,29.581598990337437,133.5010986328125,33.38333432336457,18.39077504128146,59.595234731620025,0.32444804310524045,1.0977692083376744,1.3151661039817786,1.207149933514616,2.4010977593790943,3.510210572740396
0,GLIDE,0,7.607782435627241,0.31651079246876673,7.934509100627942,6.502101205813396,0.45435786546259577,6.951448243021144,5.995272159941898,0.5631528466324407,6.54640006463976,0.7867624620719949,0.05100525778305599,0.8296955142260916,12.231304696357725,8.857597232096898,25.127616961136354,0.4864033202090988,0.17334806838966244,0.6870028938567907,0.14714884182739763,0.12285725817306171,0.2842907193203798,0.8485931234592227,0.11097458534939263,0.9727570573730044,59.27464284980004,27.86165572289314,98.63544997124592,40.23918151855469,23.510478741322537,74.767333984375,9.09972313448925,13.460506531610816,16.555385304132365,2.793745813750848,0.500037903136419,3.341650172686135,0.345395468941192,0.3331232619752509,0.7883488659672608,-0.5130964784341151,0.22625330151603906,-0.20581480564821863,-0.7827578787408356,0.19750776265793088,-0.7319613483000547,84.83799743652344,29.418743065479166,126.650146484375,53.412339465093545,8.79999254621354,63.86414013612808,0.4099593007579766,0.653083844857212,1.278222330792367,-0.28641450626542037,1.2176894563018636,0.8064213177476702
0,VQDM,0,7.924295150694423,0.3538741935756397,8.157951112726886,6.943980944167078,0.36641165214781823,7.328771150685839,6.377019294361849,0.28563732141671994,6.6273624040896735,0.805182205637405,0.025150696948786865,0.8250541322168017,27.838568670379075,15.017270161979125,41.278962250409485,0.5341181119467087,0.09718935111105034,0.6448885156863293,0.2042541593958093,0.10508766125118695,0.336667142097565,0.794817842112606,0.09521626790662616,0.9150014812048768,87.72841841681903,25.73963282609778,109.40039995842747,51.8524169921875,17.692815257063693,70.7664794921875,6.454456290868606,3.9239018330188697,13.139057382153183,2.678798289299761,0.3506878730914006,3.154691323428087,-0.0969054333492206,0.2553648665445639,0.2657297635471872,0.0502236149306573,0.26241641917243574,0.35710741655098305,-0.8936578491107365,0.11083725510137075,-0.6909335651515143,108.36497497558594,43.855989452191,160.70556640625,65.42806540199815,13.575552414803312,81.26455253717702,0.09989880005787982,0.8740578000498477,1.0658436125229167,-0.3515761034350867,1.3224543760378713,1.9253791168220742
0,SDv14,0,6.123332239492202,0.6220704266934295,6.925775368393219,4.971922644759333,0.2853232120542916,5.2962578561609,4.463473653390982,0.2486111582514071,4.714609484261956,0.7336419156174643,0.05652801846890705,0.79245280334513,1.6621295508944323,1.9459019592108653,3.9827446893109086,0.7690655462876066,0.08402889670414412,0.8616716240124198,0.27744787231166046,0.09816982214007916,0.37463253343270786,0.9337514329396948,0.038660782796416465,0.9728340527769854,13.011261541897552,6.866626811245793,23.24975812915165,8.7257080078125,3.7641412504658858,14.338134765625,4.488783444219375,3.8925826768164913,10.01271172538706,3.073907404645248,0.27560337221601067,3.4735573031596756,-0.15838734050378292,0.3972965142117572,0.39040227776638703,0.2692299115243325,0.43572940826514733,0.6605257085186333,-0.5408257729642945,0.4095856115250325,0.035268539448406154,103.39857482910156,39.63930195647787,157.1553955078125,25.732990287912774,11.822952432414136,41.75175185402392,-0.014134778936118142,1.174505888348934,1.3379687467855073,1.2554997496369815,1.907715752836009,3.849868132459279
0,SDv14,0,7.387291173966563,0.4379072568475187,7.970487537969458,6.594011678873624,0.48337512945690714,7.143751679877651,5.975166393335616,0.44780483515975533,6.39475206909545,0.8084617987955166,0.029068511765573745,0.8425937014497252,18.11987390804125,11.228123614837418,32.0764892762661,0.5397172851485287,0.10971350184094754,0.6703775390524064,0.14838800636050037,0.05205211215791398,0.21741552689960314,0.7124284224158056,0.20371105826826397,0.9221240445455865,73.0816834036599,28.285547768410627,104.43089714923804,44.5162353515625,19.945959066698514,68.72412109375,7.850549200830719,7.241035860379099,20.41384848444836,2.763792592218552,0.4456380604072453,3.2533674119356006,-0.3342802522979055,0.32876774394025365,0.012973298373648696,0.16075056427324963,0.39318171259619233,0.7836082259493017,-0.8618001335623992,0.09430446464985187,-0.714659645144722,116.64404296875,29.687743397769,157.5057373046875,47.39581794003644,14.679249350336125,69.53486897338757,-0.07804837266631319,0.39899980735215224,0.555485088879332,-0.6442938008763663,0.6995981335008915,-0.08573713494613555
1,Midjourney,1,6.575238314271232,0.41409543130375476,6.9865395277518285,5.336319123488169,0.3172658164280902,5.668048404288393,4.799655903269224,0.28834317938976445,5.098033024865081,0.7304504592159438,0.02188293053727339,0.7571063842758246,1.0104041797563934,0.5190032366027638,1.5729998307193247,0.7229085068779509,0.12083784354411459,0.9042057937847507,0.34643265129994066,0.25037771249925855,0.734023392952089,0.9215592491590798,0.052635034269807875,0.9777626055538818,14.449653276090775,4.354692512125386,19.4111967396642,10.939849853515625,4.075645231685891,15.1790771484375,2.670008439087309,4.1014833150466465,6.812501198353294,3.1843647586008936,0.4006456164769778,3.5385768962851722,0.25055195064963254,0.5113431977372541,0.7577145324144361,-0.060202993011104156,0.5173657034409758,0.7492948022646321,-0.39550877707825044,0.37445934379245305,0.11458015349199266,71.53965759277344,45.36532752597577,117.605712890625,24.313888712100333,13.265108110374655,44.63599237256469,0.7387885191247929,1.7177882457140556,3.166280500028715,3.519529308051303,6.615043810298263,11.839581350021444
0,Midjourney,0,7.342309499999616,0.32416604748352623,7.703960446002829,5.986712137337471,0.39944126936144386,6.4511018451523565,4.9683690221563745,0.39410683246873607,5.450056396042575,0.6761684414982108,0.03688742260044974,0.7266809213826821,3.9610599086278033,2.2593003601440493,6.659739937641725,0.7462426898442496,0.05851088635911108,0.8060881275391534,0.308544372144435,0.07114861583696996,0.36212296519608106,0.8960239738550767,0.10819735341754144,0.9789881077524882,27.531713468791637,10.970362567067417,39.97795875675644,13.615676879882812,6.108247701868509,21.6378173828125,19.545811184206023,10.262850395875677,31.596003306658336,2.123819590214983,0.34012409308194724,2.5178837771992257,0.3739177705736899,0.6851494258952906,0.9679947924143104,-0.5569606880663482,0.5751175174111657,0.3499693972135772,-0.7533189538533036,0.24750878597609785,-0.41217539497567196,137.8399658203125,32.18491997922262,170.94140625,47.008559360415674,19.451126346500338,69.63077830938943,-1.1903183630236156,1.075039161913447,-0.3436581618780258,1.8071065270715692,3.6713807044057174,5.773262460028832
0,SDv15,0,7.694631945389235,0.36675164557892836,8.091551749295334,6.492481025469288,0.346529520940185,7.033783202040866,5.918153446071587,0.3389864951528193,6.216361493851725,0.7698745984844512,0.04329356448069016,0.798049299095077,10.79091597576532,7.2967013444711695,21.260058913611783,0.5888347333961497,0.09753489563852631,0.7100942253423994,0.20647192596954733,0.08109890374654005,0.3211637000266858,0.8655509097508618,0.1048721854841617,0.9493169032044815,55.42740446303416,19.92755780022101,83.02611984289116,31.957260131835938,12.075096780139347,52.8935546875,9.785221127197206,6.044835381599548,19.91285026131676,2.5631653004962205,0.3381962790481978,2.9298257178409237,0.1714694198295307,0.47242815097017216,0.7549854242104297,-0.3868057223612463,0.38186857715388695,0.08873651575978654,-0.7912748198966445,0.08860481927704204,-0.6810941746311814,100.59129333496094,43.37817618830208,160.623779296875,55.065721360197614,17.218235119829274,72.14256114116847,0.35864851836510314,1.2421032231478446,2.1717179606366765,1.6810310053655693,6.28717175595792,6.251997641781277
1,GLIDE,1,5.380314635438435,1.776081544492456,7.401304907904157,4.170662888666975,0.9448854201316023,5.240648548964296,3.3793453632805153,0.27653680328081093,3.7316730190452283,0.6923022897911968,0.19833764346878305,0.9633676815030641,2.235769535678855,1.5392241731791303,4.246952947845805,0.8519399202660145,0.10508504816004097,0.9884435921359285,0.5899624578605205,0.1860740550378839,0.8527820184899911,0.9504201218863078,0.04462090898456566,0.9940749824897974,13.45786744711264,6.796706697836404,20.991365265365268,7.2244110107421875,4.018291905335156,12.6201171875,6.498452529999117,3.793677441412952,11.188146873865934,2.349339585760603,0.3165585352813946,2.7555381554389298,0.43511971394762666,0.49611274553988344,0.9215621800925174,-0.4816489512342216,0.4086406090629014,0.10176543990711345,-0.4466325540570836,0.6308451152335647,0.5198587442601161,225.68759155273438,15.50106589168956,246.061767578125,34.593867573329646,17.460464322631353,48.33129511796247,-0.9734734606258597,0.8360114745655874,0.08126629951843012,0.6953009261504166,1.8946848306423,3.4193364161365114
0,SDv15,0,6.03861739173054,0.32191168569804607,6.449366199808452,5.11573235613332,0.14314278970923655,5.290356580099669,4.232961626256243,0.13966356008670944,4.404347481181256,0.7023296710032306,0.0324764995247519,0.7388521266699037,0.58413797014755,0.16320871919174532,0.8100675744834978,0.7904795986989219,0.01672313973833318,0.8076149093896821,0.3801931349448726,0.08938881897651015,0.501431098470944,0.8006718122428291,0.24391498562625444,0.9806296124823788,10.350493925444791,1.109576336529901,11.730391466162642,7.2766876220703125,0.702721504990261,8.1368408203125,3.4453753837740035,1.1774829009523045,4.103770829211974,2.9872707469688056,0.11884529200269613,3.113808474546919,-0.17562862164479875,0.3129633667953008,0.06223063133897386,0.10529231458838326,0.25317370131177785,0.42513558001236773,-0.04408714503329131,0.16433893050010073,0.12094266717184149,148.3932647705078,14.655012045975695,167.6624755859375,18.910093541258192,12.385229860129948,35.40053475075548,0.34032352436672886,1.133293447089194,1.6101179697880776,1.1737297016167545,3.510716033224604,6.132079245974412
0,Wukong,0,7.523211451262098,0.28266765198254196,7.856067960028821,6.176334039497244,0.23780630047478707,6.477619168475131,5.096615211558097,0.2234583191939284,5.364376060358467,0.6775880962334477,0.02019167821987773,0.7109540101848391,5.565328992563465,2.6167571892534256,8.512103568279173,0.6198785932529378,0.10198488674579324,0.768752086529513,0.26010731348257266,0.16150772546488248,0.5253656626528607,0.855940521349279,0.07583376750581404,0.950754206757322,32.64944486974319,7.418371689642758,40.772937806622295,19.701980590820312,5.705123891858272,26.1639404296875,11.802816070905605,9.22002510057086,23.24050469460782,2.5308499781722436,0.3838315638176215,2.8372138996029905,-0.054272177140439984,0.22915264252339143,0.23355609759948026,-0.014114827617751083,0.3114608748727509,0.3920749839035331,-0.06803235767963652,0.536817735701925,0.6021905840962809,77.73564147949219,42.813164706553565,131.0933837890625,39.912815326098084,17.676722427704767,65.13426924167767,1.4543260181687432,1.140732225442833,3.0030052089152104,4.1532061940859215,5.144549283423366,11.177166308782295
1,SDv15,1,7.266321047245485,0.4667746686929317,7.939163423255682,6.028115114368063,0.3506046647700156,6.487559059253822,5.205643451844782,0.39670408056474715,5.82067422001921,0.7167766002859255,0.03696161306868206,0.745269748412858,5.171768892018618,2.4143466349633034,7.705930925611001,0.5439791810594758,0.06614490047829293,0.6063801967751795,0.18516139996763847,0.04441862996220489,0.2333514150636848,0.8130336107424889,0.17649644605903891,0.958628141487239,31.426021694363023,8.050054323075651,42.15809577759128,22.152252197265625,5.279586810756808,28.931640625,3.1789078799623116,2.7887183806114524,7.195352497996733,3.068776421292834,0.29259433523438183,3.475107645952339,-0.12810153871645852,0.5171026377756801,0.48530146422059306,-0.017162165226896176,0.5745431873598007,0.7913277751493506,-0.6991028263261532,0.27587055958007994,-0.22337321006157262,114.98057556152344,36.6691455768005,150.822509765625,43.54973521233029,24.316695591724137,77.3264658580251,-0.44741411390985625,1.2503678110342824,1.2330694151793822,1.2994403098311986,2.6347595428183257,2.8744059194876694
1,GLIDE,1,6.264541520054731,1.1734327170162622,7.624624642451039,4.453383326759287,0.8296431093907,5.486562534545735,3.4525216211639873,0.3260506895368345,3.75282504969641,0.5637519568959972,0.07283369427390052,0.6635002970914572,1.5386362227182548,1.9798144428291993,4.478093407501891,0.8219455704270776,0.14533566419034047,0.9663677681720836,0.40443928258862927,0.1919485735459066,0.6372988435206008,0.9172111590625379,0.04656275668511923,0.9759721375851353,9.06937550822041,7.59822733658816,21.00267957067539,5.225433349609375,4.6193776212021795,13.9027099609375,30.378938687036637,50.98713262692921,81.37792425693095,2.15280426862918,0.5694437120339229,2.8703277549559685,-0.08928716534899088,0.6617402199500493,0.815728545023197,0.278316384289921,0.47752701364297434,0.8139086090850396,0.3710190406892079,0.469873300585292,0.7902805118697875,169.0167694091797,13.99256957545763,181.0401611328125,22.46751101904597,17.700778064164982,45.518823527070566,-1.0089276223547197,1.1291912072713095,0.2782260187178264,4.277896803913368,8.241504140796296,14.318824279585986
1,Wukong,1,7.716045766757875,0.4976877992566027,8.026539841901632,6.500594714831335,0.3020234187761159,6.686508362638481,5.831476154065922,0.20973952954325614,6.047426732802481,0.7577248529993652,0.03391710619246418,0.8024097138779196,26.165895553823475,10.520543434962768,35.67123724489805,0.4581723947238639,0.10721060142656431,0.6114015266438906,0.16787473925637136,0.07494374294992547,0.252301875679803,0.8474122401446464,0.052176189361790824,0.9057754653010699,65.37760057996465,16.802714237055348,81.99895105119657,45.78497314453125,13.486035412865093,62.1573486328125,2.4569605359414624,1.593638345622425,4.498713291775032,3.192966990205398,0.21908244146297415,3.4461099139393907,0.08039921925971599,0.3108474446657529,0.5300131367159865,-0.42236487730768696,0.2644782511882231,-0.13366492716475137,-0.7481167408962563,0.12581701353622884,-0.5592185425927784,94.98133850097656,34.89722682510537,134.1270751953125,72.59711348915255,15.112525318769944,83.57306052338777,0.6683809639865567,0.7739000359911926,1.7238402109934865,-0.05773367654965261,2.5618948076071786,2.4741162446857787
0,SDv15,0,7.731012409381366,0.45906281430658585,8.292146578054137,6.804198179072589,0.7030441980496176,7.5600233386567455,6.141863219986181,0.7531617123918761,6.977428224178288,0.7915297618269643,0.05417167826582585,0.8519029305736643,20.085661434712826,17.3945511085953,43.35697800532262,0.4482039245116981,0.14417631689455146,0.6680102365587854,0.12443796877016118,0.062410260509243684,0.22447935401614283,0.6875297672064793,0.11527738183109128,0.8216169092068357,76.5533706689226,44.16203418380076,131.8442651289268,49.98524475097656,30.985907646686396,90.3038330078125,9.846496362819344,8.365938283669601,19.583759831101837,2.7393198430856627,0.3944887461898869,3.3090850931466362,-0.02220750721816038,0.31952547338146786,0.5045577026263126,-0.20261663303770783,0.3027724702361714,0.14630028906379947,-0.8148648827428254,0.12757295350785214,-0.631574064205383,122.79110717773438,18.18306173451317,141.7120361328125,39.41132358848526,16.754231919847914,60.491656418433394,0.18552446130823352,0.5421568281755491,0.8624260020770644,0.716774563350209,1.1880127549545256,2.395318536362022
0,Wukong,0,7.6731127712766565,0.16527297897809315,7.8564087317379645,6.377273964199454,0.19129196904396822,6.592607338215724,5.992527137527864,0.19963295685752855,6.225964738712271,0.7809095668345674,0.017159561926474137,0.7957501501931689,9.041701113315703,2.600035064281191,11.92854042658731,0.5000371488686456,0.07748153862652774,0.6300491593376953,0.12757716477260397,0.03790669613277165,0.17796387823396442,0.8465363891059328,0.06505569785870934,0.9610309544913207,51.504959931701976,9.655106639191168,64.1862639220017,33.71055603027344,6.951402126575442,42.2276611328125,7.612781229144316,3.6826512983559554,11.479027850732766,2.7807169176459103,0.1984741839690551,2.976047039868153,-0.4388415924772259,0.37214281772590063,0.2017815629414055,-0.6489477043541312,0.25012528302467085,-0.26237854696283236,-0.0726867550344589,0.3291149777445909,0.29666241135296334,164.9118194580078,32.11278952547249,190.404541015625,49.00080672375857,19.2611800124849,80.67290618699852,-0.7391501583576955,0.6936216644963556,-0.27509123394006085,0.7433613245540605,1.4052182915270737,2.1576139766039213
1,SDv14,1,7.459881240357213,0.39691032599677306,8.119112652229642,6.044779365180283,0.33722204546431295,6.433529189690635,5.615842759978965,0.2707060847792754,5.899377670783455,0.7535946963374631,0.030430433944816586,0.7942732737432125,5.578638439606172,4.926565194550079,13.425094777494333,0.5945025848937022,0.050084255335950595,0.6542203889454583,0.15714418516752077,0.03967836103959947,0.20597713951722274,0.930790015906531,0.059177915089134614,0.987036716222005,32.2082891590147,13.98887344078992,49.770468066401776,20.787460327148438,6.48431067662838,29.2611083984375,6.354853510656236,6.198745441025476,15.254909428889505,2.888108441421571,0.422775013274276,3.3803936898043423,-0.38210138497554547,0.40023302392490107,0.13793965608940542,-0.5243823598079377,0.31637078745394415,-0.10362518747449757,0.7621520924319434,0.408299598148594,0.9823945477645435,123.83296203613281,37.33597816964944,175.3226318359375,58.307654690136474,19.580447893975325,77.95989539005043,-0.21439765240208852,0.9833323506106156,1.1352949243271988,0.5184546250513885,2.1489840889028593,3.301598844863275
1,ADM,1,7.199249610009545,0.5431183526484433,7.697109302695693,5.980900728906981,0.5147909753732223,6.447543061953219,5.329500888654454,0.5464731433331531,5.860697502046438,0.7389400105620632,0.03000330716076051,0.7737111527785563,8.186211387766914,5.877181693514145,15.388681716899724,0.7242303734706457,0.09814238915985177,0.8230576799710376,0.27880578845601794,0.09891645137038879,0.42280459393016323,0.8957576304051127,0.06277586257292413,0.9723925717450295,44.85128381155949,22.51276013812146,73.12846231626696,20.446884155273438,9.139344243842938,31.222412109375,21.17428981624817,16.418909945849702,35.56700342160106,2.115421026750357,0.3876000626509115,2.5688790340345475,0.11592684922693175,0.5043334101687247,0.7708876602384289,-0.4172653537689769,0.37421364000002266,-0.02053929592341518,-0.7540543216528978,0.22453123999221417,-0.4251987072335548,117.05267333984375,52.58140531013192,197.9822998046875,48.805017693865196,17.566481781975256,73.33670047087205,0.07395256272905092,1.0251355971405056,1.2845743065851418,0.1449051126213573,1.8038787791011461,2.6807086560678806
0,ADM,0,6.177354211637677,1.38178896399236,7.70377013097412,5.072784287015708,1.2957181622848135,6.659767319296201,4.440878802302651,1.2989372518894113,6.111221018647531,0.7099277610971861,0.0688291191102929,0.8010391529159978,3.3462747548382827,4.566098849071459,10.656645644368876,0.7566565272143906,0.18366931795782016,0.9667894935752079,0.2794446405344784,0.18107784949881633,0.5669213594664075,0.9376429535548141,0.04888976827743367,0.9820180611229634,22.19475377037363,22.56191051344937,54.986011371170896,13.3253173828125,13.787153682213331,31.955322265625,12.086488880287533,16.780889397307142,23.461530434933096,2.3219045106413487,0.3886637501432005,2.7926707883908657,-0.12689008032343738,0.6717598851528642,0.7090425599493415,-0.014492706643510683,0.6956404204698167,0.9800258440781227,-0.8597781460997573,0.15385097582535293,-0.6110677879237895,94.30628967285156,56.00582900700623,167.225341796875,31.97817755827522,19.90650382331612,54.95337998478725,0.4070903776949002,0.37380094147908505,0.7020859547824083,-0.5559417889047592,0.6524373565270833,0.2396610696745085
1,Wukong,1,6.990848629672463,0.865921356163699,7.693232021679243,5.603453164815131,0.5551841569803903,6.222489477275429,4.977985143255724,0.42406847399229064,5.429184418087919,0.7189800323693385,0.0668554104539088,0.7477662022000361,3.974275734599399,3.407572074173704,7.833389432161757,0.7474664785440525,0.07221769874452659,0.8294445854401915,0.2772332723991846,0.12011306907101399,0.4027899483574079,0.8879641040903932,0.13130959552388918,0.9773712188215836,23.393692666958373,11.613958435070101,39.325469414342265,12.4166259765625,5.4803906528294695,18.4007568359375,26.113256051356483,25.247004896900535,55.28833739360486,2.3580868953729865,0.555331256258271,3.033450363461183,-0.2549026866360902,0.51211065041415,0.5154505072700375,-0.05958334131742792,0.466170710969475,0.5911175919977447,-0.25481356220729934,0.5997499651246221,0.5575552089780258,110.19949340820312,37.33285172709059,156.17919921875,42.882092740935434,19.54186648003371,66.72739037569131,0.262400706701339,1.3840756187271461,2.252641372030789,1.6545571540747668,3.38945428785538,6.265359074124716
1,GLIDE,1,7.051535783695112,0.35423725308125514,7.3773759876865785,4.94697729587762,0.2671510640586817,5.314982994263449,3.6685670415128837,0.2992230738938054,4.061449869734539,0.5211814866101043,0.045082707236270544,0.5868266657149257,1.9261422631842091,0.6419301459618721,2.5515681098828433,0.7654378302454956,0.08078104470238202,0.8979636932410698,0.36355808433537895,0.1541765510195794,0.5471948859714793,0.9160445825946417,0.03870508267499378,0.954444607419668,12.634425288315462,2.8975882196499487,16.842812924107896,7.038848876953125,1.9691412984838925,9.280029296875,10.31753365529729,8.149189096034474,22.642784148176524,2.4939253119718714,0.4810762683550091,2.978905898434469,-0.741982217756666,0.3127700889798111,-0.48677809848947745,0.339152927659263,0.30292149476654145,0.6951300782548836,-0.5313288267874035,0.2326734173120486,-0.19388267914000953,137.40673828125,20.15098853433739,161.9886474609375,29.213562624313532,8.369695715176624,39.809896569531304,-1.136955740239496,1.340870104614218,0.34458290721772444,2.1968215950037657,5.094874028894551,9.70340742904401
0,Midjourney,0,7.934756499668781,0.23275910790057705,8.2567367425368,7.392984298352688,0.24700838676490472,7.700875961912482,6.741705781345539,0.2933846871820607,7.082165756260626,0.8493715769115706,0.016873751928315854,0.871528299577002,71.74726598176906,15.267928874205138,92.44033889597526,0.20573036659632726,0.025591635825981677,0.2254674896764552,0.05527644549945527,0.012889415751902961,0.06328693973935644,0.38323049496292466,0.051525018745529755,0.4268749787069429,148.24017597400712,29.142074605148153,183.42757983915646,112.90809631347656,20.31196167030199,137.9150390625,0.772685790439186,0.3056560750348755,1.142452930519617,3.459329342494698,0.08507638231746997,3.570737552924273,0.4371167269555618,0.08527693829262578,0.5367731763020596,-0.675758069000391,0.06760992783687525,-0.5911404631529051,-0.7403155110888577,0.13012626295157403,-0.508225037849316,95.31571960449219,8.714876948241137,105.723876953125,60.80897638696981,6.18260881981903,70.00107168636495,0.3467401900067903,0.21563045668700437,0.6820317778179434,-0.7010857916497671,0.21266288509417602,-0.42706839416142084
0,SDv15,0,7.313562403383232,0.4042574758730307,7.75240896059095,6.143224849648879,0.2963313007745574,6.437873565992347,5.551918841932659,0.2640879721648951,5.781997661386198,0.7604711510628929,0.04068383424652664,0.8179263388899134,3.973628445156998,2.209604035940857,6.865377574640968,0.5473116604664416,0.07843034027146112,0.6603543034105135,0.13646157858893027,0.033725916618261575,0.1863166604060278,0.9016088473840371,0.05206234748883962,0.9518748355844449,32.91528428308277,9.118502799810908,42.26858873456442,23.771209716796875,6.571202853900539,30.7489013671875,4.185458702278732,2.816780966181837,7.5256896994828395,2.990876551326422,0.2641317444845369,3.3422247110733503,-0.35084284744228766,0.29367772928344155,0.06075970686778576,-0.7694237768731573,0.23294708905535574,-0.44820656834370354,0.19224641279153287,0.316765037115775,0.5830700462092746,100.03108215332031,36.97813401596468,148.0052490234375,38.469299530611096,15.411672719887887,63.08960676734344,-0.009532308219514576,0.5255274148932856,0.6423036462681778,-0.5508610859700822,0.7101020910962801,0.3109807834828775
1,Wukong,1,7.374114219659846,0.3906217731480446,7.769988014893139,6.3630402834796875,0.49963587690214656,6.800552811897255,5.755633375454249,0.5548320886009273,6.347929642731769,0.7798029211753487,0.057595914570703254,0.8687739822537979,8.419786425855072,4.1414464785910825,13.648932547556084,0.5912082045786768,0.1701614294853144,0.8352647027662448,0.24182145827326143,0.15193055561828947,0.4617639223554537,0.7956191555844154,0.130253656269259,0.9202563362932936,48.12283888283594,15.270156396171217,66.6119736271385,30.108856201171875,14.379613916671154,49.3240966796875,10.828559554648553,11.09784997620292,24.71176486015316,2.6156279114005843,0.5694503843046076,3.2788336821045383,0.5361924850731434,0.2676931984247045,0.8246824566983072,-0.5528193318700444,0.3246952729972375,-0.130645118805795,-0.7177767566278024,0.2694859294584486,-0.4979539991595302,85.26353454589844,41.90915968475422,140.054443359375,39.78612662258658,12.044666782689736,51.87006030286294,0.15161435350340174,1.7261754195399146,2.358634895855345,3.212215694928786,7.918149031291168,8.45650496100199
1,Wukong,1,7.8126034603890355,0.32875973670729025,8.118693718572075,5.998285530218831,0.35404557716118723,6.388512487350138,4.7960586926042765,0.32135067643798937,5.202753068185345,0.6133669321429237,0.02008787956052084,0.6408344722787418,8.872839826034594,5.040255427173145,12.185069542863458,0.6094669118361105,0.13355265191463356,0.762422131970313,0.29325716648170186,0.1379932628031613,0.4601074710812558,0.9047062598317783,0.059326805025026005,0.9685672270670477,30.855581989939026,10.01563496805987,40.03990158214799,19.525543212890625,8.135217415890526,30.306884765625,6.433703018496232,4.758458220140436,13.993950200119034,2.743964776352992,0.37857754874710536,3.2050760783565075,-0.19155223691224899,0.38803754081682157,0.306316227168827,-0.03565093531172695,0.4330663773787711,0.264500473726052,0.22036380498397717,0.5623677936474047,0.7759748200273315,92.28794860839844,48.55235130477578,170.703125,64.62866267324691,31.55005484184334,100.59979158333475,0.7171247224886315,0.9815340644627276,1.767127433562713,0.9967424979592049,3.039014560635856,5.7417184927440985
1,ADM,1,7.646715599743075,0.2583389692958659,7.974737467373874,6.416701519469404,0.3705699092389019,6.861117237354481,5.759872070818574,0.42510284909032164,6.259907144367645,0.7526015537691215,0.038610945890653746,0.8020492943036897,8.51140325560202,5.2024731423024395,14.977916253306889,0.5327320596226968,0.09656041961751345,0.6657622666424818,0.16961483245757636,0.056077377763960164,0.23495250612071608,0.7879733252075105,0.09475689556248999,0.8794645498493259,49.01092194490682,16.9607173733208,69.20693953176038,30.613296508789062,11.79952901943262,42.830810546875,8.749494985601682,3.5110279483244264,12.905734834589719,2.731242903120605,0.24315151025977286,3.0782152226865778,-0.059999748344829185,0.3504420623993695,0.4520195034641955,-0.6385879351029287,0.13200952990097178,-0.4518537830152992,-0.3636638847466433,0.3098299924361096,-0.04746532472964348,78.37490844726562,27.652699935818113,123.5037841796875,36.37296050108614,10.220146098030705,48.314591506695194,0.6398646289689197,1.233783441075495,2.1116438083772113,2.505859700901027,3.3590284044279466,7.361772424898717
1,GLIDE,1,4.042777893008617,0.3742695879780667,4.435046750495141,2.8233453245516875,0.1616568066731776,2.9981603957322593,2.567628510698737,0.11142873836123703,2.692873186325385,0.6392986063577212,0.05028145719051177,0.6780801324785486,0.020739650750346436,0.013553264122741743,0.03670684130133535,0.9896301746248267,0.006776632061370848,0.9981698987465356,0.8700610901350303,0.10226113815588216,0.9884671998482273,0.9106447500775832,0.0805805480658404,0.9794283991936895,1.1515303646370154,0.1747939598027377,1.3659984303597588,0.6112060546875,0.17321779494389622,0.7772216796875,5.320955387088185,2.5438850341094907,8.445135140583286,1.269898792263166,0.2518785080538954,1.528031705266532,0.8402148341658926,0.18029048015872345,0.9667083709525534,-0.9585918334491981,0.05420331440806504,-0.9132655191700678,-0.82501253430009,0.18235733954578257,-0.6385027539634156,5.1076507568359375,4.679465697377449,5.8399658203125,2.959376007580233,1.5432872409636194,4.571733385956081,1.7316727591297116,0.9815329522401343,2.8070188338868127,4.209643402652002,4.593173941090689,12.154996295894493
0,VQDM,0,7.7231405145609795,0.4973979490479415,8.266806367839942,6.747448592266904,0.3656426404983861,7.245465754508869,6.136400520487189,0.2892348069001034,6.554354043722778,0.7957578659551195,0.024866942438978048,0.8278521651469919,15.734915135759184,9.162404717496006,29.133440905297334,0.414332031530001,0.04129222906084951,0.46797886379619563,0.1000055479362762,0.021534341090358875,0.13128854492561767,0.8081453504583109,0.04482693079813401,0.8634257533332463,65.34773078583906,21.6086859256689,94.31592333066286,45.02250671386719,13.4371171365074,63.9560546875,3.703745045397027,1.3290873403286254,5.6256030858559765,2.981211461173764,0.12361135232883681,3.1124344079700563,-0.14023902365340696,0.20352505785063787,0.11182099390421994,0.07657112968625299,0.1812893711229051,0.3037807974464516,-0.8169852933235064,0.07376745168165326,-0.7784353648060399,108.88389587402344,16.385234966772146,129.5166015625,49.371011816576065,11.854020422819778,63.503309906476076,-0.392994101807412,0.47127609339489773,-0.03772649310676707,-0.42963075700538056,0.8946517379890633,0.7519022255749195
0,SDv15,0,7.249663535166441,0.4483812219574473,7.819119396317631,6.028936541543953,0.42489071436115833,6.528208403208781,5.244588283348325,0.4003004508842984,5.726503733726993,0.7230801580551636,0.025093282970698846,0.7463980315039727,3.9097614052854954,2.92105493413661,7.749255952380958,0.6655848789250076,0.11452234642696538,0.7871790294314707,0.19235329996520237,0.05533150305165318,0.25438929887789224,0.8953877997790571,0.11698188008412694,0.9757969951314404,28.671455474129534,11.823977351933232,44.408840876314486,17.234451293945312,8.411950422635343,26.9566650390625,17.956963989938117,11.708410748570651,32.379589059103694,2.4168961637298976,0.41355559497624517,3.057336909973226,0.24161425373431222,0.4972476364555008,0.7849096254350889,-0.22743527035360145,0.3722281251060449,0.19535348020263404,-0.6106996285655082,0.36940152180100505,-0.08003165014853444,111.24798583984375,50.39939766788805,179.6278076171875,41.472408360113114,18.846676818477004,67.87842676516252,0.26571201809164363,1.2651381739004535,1.9328117581038173,1.8286618498885532,4.137441159083477,7.186449081765517
0,Wukong,0,7.2171450411538345,0.4561392987175247,7.664265540375638,5.6501290610986405,0.3934862738344555,5.995214046395867,4.860800999456451,0.29904748377417273,5.165691743914001,0.6737726728593758,0.014698065936423617,0.6921572464226982,2.9658468856292526,1.6619183975666345,4.63935195027085,0.6196617795222881,0.11280739245926583,0.7763925740623404,0.16652171336574648,0.05594403375984483,0.24798820516317238,0.912615644579458,0.03808581297310651,0.9550444356608777,21.794185918320277,8.339529698814573,30.705271982957548,14.88330078125,6.015065236490957,21.376220703125,5.001382052721555,3.467177488187092,10.458011411517063,2.9376668952403806,0.2868873101676683,3.3202599292181687,0.3115809821527359,0.2829055449252663,0.6581917620900526,-0.7058593988843075,0.255625689649987,-0.31931403016294047,-0.213437667257185,0.3777634183103912,0.32412558965201116,109.16114807128906,29.86461078067709,142.66552734375,32.39325979610559,9.857390261839537,47.34825956564379,0.2324139110115452,0.7164491629025999,1.1523105399129219,0.05900128025399923,0.8711924814025381,1.4305390269331686
1,VQDM,1,6.820710741518296,0.8386636712244877,7.433832882815576,5.160781073231847,0.7107060874347807,5.760633563061808,4.371276271756987,0.5789296264184278,4.877108218121692,0.640234299947813,0.01626848832553363,0.6557944154727664,1.7895044628094303,1.167330918278481,3.128172044280678,0.7914394893851141,0.10001230311644096,0.9252283147055118,0.37097874899339534,0.15429840074204917,0.5821183003358636,0.9717889214713729,0.03291358570820569,0.9924620465832696,13.288741703533248,6.473496386672385,19.911744442324306,7.554107666015625,3.7329050445771133,11.643798828125,11.349646781041663,7.117215939142216,24.08989608637009,2.362872406160509,0.29448714529962544,2.6751711102558255,-0.20814648222453455,0.45997103212094265,0.44808219030872515,0.08173973381109631,0.4186467779385875,0.6148129603670973,-0.5202606486873971,0.36641053621636027,-0.006775154642640918,133.4674072265625,66.79266735895484,221.5428466796875,57.801857725400126,33.436376806025116,97.47317435694251,0.13247763527541911,1.627137262108479,2.711345407139285,1.7959485383860199,6.138484000076613,9.662217827326122
0,Midjourney,0,7.606673413294306,0.6114961008701257,8.224987628277532,6.438952000020911,0.5983402000185929,7.0783241490678215,5.777340755896432,0.6107231788212271,6.394849417481344,0.75834935880235,0.03367349171270467,0.7950925804895199,10.387854874299272,7.167332772750098,19.60712022077353,0.6908128242698268,0.1591047281010315,0.8835621610483575,0.36690680377922164,0.1735222698367904,0.6199802437855708,0.8950983387521376,0.04266917656384309,0.9368439438566908,50.41149238304302,22.06669998114656,76.79516827908472,26.363128662109375,15.95572029151281,50.279296875,28.310094263953793,31.983263770553396,76.8904433209704,2.1326736639836397,0.6941444787727812,2.867219424623845,0.17609766881352956,0.41020880143271043,0.7164926691132583,-0.27534148392913516,0.3931467423642118,0.3180564581405919,-0.8353950857099139,0.10670574103463781,-0.6930296471849888,94.23686218261719,68.19858319317348,192.2213134765625,54.23292600786435,17.57844382910218,73.56851694401558,0.36394162704932165,2.1101880085342044,2.173602215102762,3.814121914839281,7.276807850491995,11.88916204516715
1,SDv15,1,7.702253865525617,0.37195388313761185,8.171706799853865,6.441815163702717,0.17873401523944588,6.6793261150500545,5.680980843468453,0.17588648030197424,5.868986476850269,0.7396452795470235,0.04871015693862699,0.8116281541820729,8.817651188803081,4.337153472300093,14.695123535525342,0.5736872918884086,0.08305093754338767,0.6721857576706711,0.18830126797726215,0.06820512895318535,0.30362918780213144,0.8620651467332108,0.14504490029938535,0.9408060481331231,43.01932240213139,7.07047587071212,52.06478701432827,26.70587158203125,4.554521671747585,32.3516845703125,5.81592965515726,3.784701284529251,9.785216999057434,2.756405308343286,0.3824027768005026,3.1811059630425125,0.1415393778977147,0.3124827311184507,0.39453024745068566,-0.4753464459312524,0.33497185593235274,0.06132443376318937,-0.47302386166632016,0.3664782866735427,-0.08615724703182204,94.94581604003906,32.06530392579505,137.9844970703125,56.07795900639282,23.60075197700722,85.91796206725886,0.1670097034149728,0.5298924341394778,0.9190063912205639,-0.2205490413077273,1.2748781382726682,1.3183648775715597
1,SDv14,1,7.11160772148981,0.4864257929539582,7.69511053237177,5.593990151746606,0.4914010893362873,6.105644224229804,4.808440530891692,0.42918077573086666,5.321668183744363,0.6760348102500968,0.03854751707536965,0.7166683022017784,2.51557228432461,1.9262729302464292,4.997855450050391,0.6479915393739375,0.1044668220194255,0.7563345540750571,0.1842662369241831,0.08069053657514613,0.27213309702983113,0.9609727355934152,0.022415953095522995,0.985494574082148,19.781371160449375,8.831937413766473,29.616051241932034,13.698516845703125,6.185210690623755,22.5814208984375,4.998878383966967,4.043252360628877,8.92956557883456,2.9218038832316555,0.2754690833478941,3.261041197637453,0.26909252297234504,0.4761636466486929,0.8362416234625958,-0.24895930986042206,0.46395212319358364,0.4074382482597637,-0.8440533007743889,0.2329943710541103,-0.5840100062601328,120.14944458007812,42.60238288679162,164.5799560546875,48.19011892526826,20.45860379476853,72.8666075653164,0.26013719820110925,0.6807232651036089,0.96816271070396,-0.1599665686785138,1.0587591922433293,1.3540438972193745
1,Wukong,1,8.462167581863337,0.24205864107738928,8.68473429011216,6.693163120734093,0.16465840446569568,6.849936823114842,5.793864487081302,0.2159584857032104,6.037781733230245,0.6854229999874331,0.03703973500157778,0.714828066854464,27.114985497960845,11.011840531672652,41.30317184744282,0.4331155529276499,0.06392080246385251,0.5154521161847743,0.19956325273733239,0.04089969219051371,0.2553558425709177,0.8806146282416345,0.04697347082925801,0.9326646332862556,57.14367512781632,11.139592557126363,70.47900662628089,40.72856140136719,10.277385718188091,55.0372314453125,2.1798731806514233,1.6538091443452403,4.656083970814661,3.1552305439835013,0.2557793006245031,3.451585329289205,0.2692966692270352,0.27736128981763286,0.5823990640087162,-0.5057752046999096,0.3348201819620404,-0.041008205245737187,-0.8589817144399846,0.03888546268547271,-0.7992219637310642,104.30964660644531,18.211157935046554,128.700439453125,85.77273849697951,9.33720218843084,97.67391220935565,0.16423553615597372,0.26708255135453485,0.3897074026869732,-1.391968674053942,0.3233827929875709,-0.7984907548431914
1,VQDM,1,6.716465855488904,0.4688980193196833,7.210245475669686,5.364581594359315,0.5511821184766041,6.0335975925615575,4.838238565651243,0.6719484270986789,5.667594622169631,0.720701522821561,0.08654406563745248,0.8157990330953289,1.434727721383693,1.0640032002771362,2.6358162477954155,0.7126521431986957,0.11781776626379965,0.836210310262069,0.24363737433231564,0.10022168290403032,0.3959641812327441,0.906080447252125,0.10530173478067006,0.9944347403295857,17.110188824209736,11.981877042384383,31.87993399716074,12.256210327148438,8.700635792466434,22.310546875,5.534782460619119,4.724932594215645,9.952538176062117,2.966132115224024,0.23821638923547434,3.2413752402198712,-0.006145322861223421,0.340648347298852,0.432374970211597,-0.01347674687064292,0.32017868073049827,0.3816679339615211,-0.2089026620808542,0.18969976960020213,0.024932161134392332,70.89544677734375,55.2167236239865,149.6370849609375,37.176672952909584,28.760118230449212,87.24978709929297,0.4825703453429111,1.1665439610346235,1.3726891105558896,1.7324174319625505,5.792276177331452,4.68985297738816
1,SDv15,1,7.502141558849872,0.27553525208651714,7.87143781409682,6.187967212335439,0.3225677938156073,6.558529406366333,5.279744237970166,0.3338547049564345,5.6299203817838075,0.7045105533342408,0.048998527712619463,0.7699640075844081,6.102418007133411,3.6319566650368627,11.535131153155707,0.5171201538407224,0.09772702259379931,0.6599198803365284,0.1403503741200588,0.07491169223393432,0.18364557862830622,0.9058662163814106,0.08700142910535788,0.9710567015446205,34.968697350536935,12.495260075751043,53.04405107127674,24.315567016601562,9.819587815436442,38.257080078125,5.364426150431804,5.9079403759957,10.93678521047191,3.0014455902188497,0.3406920400671092,3.416634911148047,0.08327343850724425,0.39792951267119675,0.604092765676338,-0.19726520399737457,0.483645939124999,0.40506935509392905,-0.24406927073669848,0.6338858525435525,0.5123545626981835,103.32785034179688,38.889765886363094,150.722412109375,51.67898448152807,11.497101203061472,65.67102265519837,-0.09024353594013405,0.8515908383261614,0.6290737796130544,-0.16610367527293796,1.2452009466033496,0.5858489803933284
1,Wukong,1,7.493705642008764,0.6214027350095876,8.097708569345421,6.544339292502044,0.8257504319853701,7.408912006714644,6.191622974275005,0.903703914968754,7.079165209589231,0.8223901008516803,0.06630943871440444,0.8896638090180959,16.322233577314037,13.610364187010523,33.71468874007937,0.6093095383053029,0.15649285807409655,0.8116732499705301,0.19581393623667037,0.10424812516364895,0.31280510897052705,0.8251786087528591,0.1456929421783136,0.9801159764033638,73.74866753789237,44.03360898036386,125.51504281043094,38.0068359375,25.543201676342324,73.482666015625,17.235908130507767,15.49171721014747,35.606861548316836,2.3075574463412103,0.6159094840779032,3.0197818034725716,-0.3193315746089862,0.43239791183864795,0.2534206838096378,0.14870341552943633,0.4347332115303331,0.6322155421298675,-0.6227088328015846,0.2980158596842626,-0.22971298485402283,99.3594970703125,50.74345138185668,160.3992919921875,52.655943806016914,20.503914618040792,76.1807055020657,0.41362528830448364,1.5378419716808438,2.582951088153281,2.0720096663051364,4.931813900976322,8.564105488441859
1,Midjourney,1,6.8332811617712945,1.179387458930053,7.851084005367438,5.470363433406076,0.9897579747053169,6.396410047076323,4.846415144651893,0.8151968870313363,5.781169341072662,0.7132860055427022,0.05180801868942326,0.7642222586091187,7.601606911572503,5.648238872447231,13.8705366984757,0.8492993476099275,0.0673489128349061,0.9526446168745276,0.4774211571095071,0.13316806271649942,0.6356391124603626,0.8900196213986784,0.06704360749625492,0.9556441066114298,32.50425944690612,17.881672902311102,50.30214392344337,12.291046142578125,7.061048653884289,20.2760009765625,20.850593111029728,18.901426174731668,56.72509524563569,1.7805145590977016,0.41761578940171734,2.342549204854799,-0.21751586112450189,0.34306188154911477,0.2602514819846835,0.34526068014287375,0.4709357427844106,0.8374250822662674,-0.5740761725471033,0.31073297604252753,-0.10987504605660489,165.29527282714844,57.082311649789524,219.9320068359375,45.24641458635942,27.77682780105848,78.67530113211879,-1.3734414942407576,2.0715674594624027,0.8362435260510839,6.212573853787563,10.764020978174933,24.911178935582313
1,Midjourney,1,6.454749889346745,0.223010264616245,6.70877988763303,5.000901914189931,0.14358184507461633,5.181822870238259,4.379026822695268,0.16364989591544804,4.613512001093357,0.6786868380813275,0.020953287409958023,0.7060546997105668,0.5738240898211137,0.13984344703547708,0.7509999370118421,0.8309222289197629,0.018714971959550845,0.8454431080213425,0.3316377637124204,0.04566895621713803,0.393073436120263,0.9610364054109936,0.02944961144283874,0.9804084539759893,9.048414956382015,1.5799980627294836,11.077817686457188,6.026885986328125,0.9090174474916759,7.346923828125,9.244678135612823,5.548151148133934,16.309288413472082,2.7049841345407737,0.2526596600428028,3.084367006886372,0.6697057830724005,0.36515405111276605,0.9324972630966574,-0.8317968754194891,0.16538505906556314,-0.672469237914102,-0.8870330556654832,0.19226331200948424,-0.6244863327666165,99.51675415039062,10.527821527823233,112.1053466796875,24.29732841750812,6.0764695727066735,29.97971227855519,-0.8880004847681746,0.4299947864252021,-0.3553387059414182,0.5743161311144827,1.6607615632694335,3.402361075582424
1,ADM,1,7.294550081742605,0.3546838086769372,7.712552456763794,5.730436679273861,0.6078260683719483,6.4608603342874185,5.011829143635418,0.7489394530567306,5.892272237858702,0.6856198964534088,0.08676406754057617,0.7906485908116216,5.147574611441801,3.7928624752754545,10.023341541477706,0.6372319561607631,0.11320825178564438,0.7830461096704313,0.1819832477399716,0.11024129060562862,0.3307007388136857,0.9297533479732895,0.0720981874162939,0.9883231481257054,32.38078577990438,21.476725530406412,58.862624475424624,17.33941650390625,11.744562202860195,33.1431884765625,19.277496116420302,21.161115644600923,33.08393256810828,2.4669065608074945,0.4337705924643441,2.913387975301905,-0.0020999486596133543,0.4776183974090558,0.497759389255778,-0.03829425829840963,0.42323889944640414,0.5242568947898141,-0.8308962594578619,0.10582792627154083,-0.7024475211854253,150.6092529296875,46.7723630230113,210.11083984375,56.31436642727836,14.129482749458873,69.71544106629531,-0.4231174496574104,1.0856532821907372,0.5951017482550319,0.7353357980758408,4.361838686956397,2.2155755850516408
0,VQDM,0,6.067385468259146,0.7723943486466487,7.08260150866267,4.549144432982657,0.6955691133247687,5.483933854187422,3.6738984537182944,0.6008136074394408,4.536648119228406,0.6035996281661582,0.03490753839465615,0.6481694535573725,1.5018900753299036,2.734745122154352,4.508265227387258,0.851064042769822,0.12603939777751222,0.9538472970206602,0.4828278584922141,0.21277168636129115,0.7197478875195791,0.8799703899464812,0.1312611104185788,0.988911885018798,9.857600870612806,11.072469902446644,20.375956354638067,5.693634033203125,6.544775014835885,12.3883056640625,16.85471520106335,24.054849128912977,30.7426389166915,2.3035246396403775,0.38461219704626753,2.8143061423196363,-0.2552434764958226,0.43020087249753636,0.26638239224824956,0.2700686582272599,0.36997769192996965,0.775227175966801,-0.3563616350320832,0.2662123794018237,-0.03238844667745217,134.642578125,15.833384203332404,150.490234375,23.24913774041086,21.021802461660076,52.70987185873311,-0.1823988411449915,1.6299502679273854,1.4674952584023666,2.8741900544788828,6.990092016004213,3.507632060747206
0,VQDM,0,6.899814716245709,0.6133343801193839,7.3557395270153485,5.86948924560479,0.3068826538125456,6.148725833963515,5.293286504400104,0.08428059492491675,5.399991116235243,0.7733639466607891,0.07082051507212442,0.8450086629174768,2.3546885949113445,1.097631445460838,3.433582923910305,0.5972701418457876,0.09097121690698835,0.7349079990127991,0.22666165221621215,0.1330804281802348,0.44280571804385205,0.7833187627447223,0.1691697283007751,0.9072781083680288,25.70913060976021,5.648398572589865,32.474647155016484,19.599227905273438,4.3356215138198895,24.8480224609375,1.3811301323610095,0.8736768511483533,2.551765248576941,3.2690176326286133,0.20976939576962594,3.513606581562239,0.3060166802367217,0.21636301229429933,0.5401329501242946,-0.3503035172236635,0.2817146102217019,0.02332264217563383,-0.4438952192760456,0.16294884324275372,-0.21661127181194864,58.08332824707031,17.857198551453944,84.3046875,20.864414779913467,7.519399935960822,29.352395940079724,0.8579144524866428,1.3756756916719746,2.9130919527695465,2.7372923732567735,7.062214647667237,10.10219523320261
1,GLIDE,1,5.355602257622203,1.9687169564017584,7.288897552778375,3.9454515727959123,1.42551904457169,5.372162555978553,3.1879387508541854,0.8601171411768529,4.151735178492871,0.6248031100280098,0.08548205665593,0.7278534634332374,1.5932931513172397,2.2199581045079158,4.012208384511213,0.9322918349062389,0.06530585146305988,1.0,0.6445703620258072,0.29952650860363633,1.0,0.93420651600465,0.17985144590317667,1.0,8.104715054484393,8.23749181191947,17.06663369621546,2.7814788818359375,2.8590580583091723,6.849853515625,30.93377937310538,27.136521459020692,65.35760099094587,1.1077933930040071,0.4406196509314119,1.6861916298478519,-0.11201971012299153,0.3130384834045125,0.28796671208751173,0.01966016072314564,0.3982708524639617,0.5643855321513187,-0.3417084794406263,0.37575965697191716,0.06058766724955783,72.95584106445312,66.72908735527902,172.365234375,37.29536386710433,36.91821169239458,85.3730976748119,0.32787970143386697,1.8396931559658558,1.8170326075711483,2.571833863934553,10.310079656586465,3.371620522619048
1,SDv14,1,7.096881009568721,0.5306478885386816,7.583954772513803,5.868688946730525,0.5905500003136566,6.345780820654976,5.226546015515963,0.5157584241124289,5.612662267421944,0.7354032726494043,0.03347605727421705,0.7772297549461122,3.464481629602072,2.135796644483198,6.161363359001006,0.6033262504720704,0.13782571348939154,0.8504468233126105,0.2074522222098855,0.09321400886479522,0.3800654482360019,0.8661850327741758,0.058398484648573085,0.9254090329592859,27.9547617811362,10.659795217302058,37.79224176404043,19.829864501953125,8.41443300621325,26.7635498046875,6.394880382453923,7.3144825721973135,18.841300320059574,2.9214619593461304,0.44005535913176025,3.30362986299818,0.1517920306186405,0.3651221291620766,0.6921003933382116,-0.5597680672754053,0.22074781835566598,-0.28281544075103515,0.09435494416743534,0.4766913842189339,0.6083033724807785,99.22109985351562,11.68186518543856,114.5843505859375,28.253996582799463,9.860088938543234,38.149385927031304,-1.199169316979517,0.750654299421683,-0.34293585941813715,2.8562236824209815,3.1709551639418585,7.4440022090293025
1,SDv15,1,6.9442747011962105,0.7492602833688177,7.692671783441784,5.480592903167571,0.5719005440675227,6.098798282009993,4.6468632850401335,0.43492414031063836,5.175714235537627,0.6715524287828583,0.03896069445965662,0.7197768470315902,6.465093857276715,6.962337132219757,18.094570322341923,0.6972501166607976,0.15447551576970206,0.8719995101417987,0.29611800202211214,0.1663033971919134,0.5229316092726104,0.8489305584013274,0.1706701383217534,0.9783254684201866,24.10218641094086,14.563244132175488,46.54792287774153,14.991134643554688,9.811086708813464,31.723388671875,7.780331538236379,8.18780978540296,12.20359337943211,2.825440252590347,0.3477927306305795,3.2615523978062644,-0.22935591868398464,0.3335819417783956,0.1801904055585698,0.024343913408598414,0.5055554006937361,0.6822957443603503,-0.6473077371879312,0.23865592834617955,-0.35892388593137814,102.94786071777344,38.46140200980947,157.2125244140625,46.01234160965295,26.29964258337208,78.87096382217595,0.6029806582204484,1.0746713279386158,2.3675797460640617,0.9300521177475682,3.6448770921036218,7.64418953671002
1,GLIDE,1,6.488974917951889,1.0399793583853916,7.327891259928888,4.657461958468671,0.6763268104760135,5.275904010128359,3.7502142621653234,0.4566621507949479,4.257954055111763,0.5884198279869075,0.0825924416458852,0.6586511855087954,0.9005265662399224,0.7126763229726257,1.7594137770849094,0.8453302598454829,0.08951009212793273,0.9671979324137062,0.334340692192283,0.1319292499007688,0.48064304661512464,0.981405009978495,0.0071185360218839625,0.9907923368649424,6.019489767292687,3.000360278925588,9.951377944714324,3.2802581787109375,1.50177440266705,5.1312255859375,19.04175641822276,13.367457988850674,32.7273091174402,2.1219663314214525,0.22221822003707067,2.3689732395385708,-0.06818327691911516,0.5264349358878473,0.6411390823329228,-0.15845256350251571,0.5098536326346167,0.4372383075823705,-0.5973443177816004,0.20299264533012618,-0.3673126343397175,126.70635986328125,53.95346198821172,198.5120849609375,38.6553340351597,20.090667060614017,67.1629741203848,-0.21731897966027242,1.5364306846418885,1.928612405844874,1.7329994437779568,3.5856864306898033,7.463168549084709
1,Midjourney,1,6.414683977918841,0.2910498150345951,6.731181425289059,5.810177429876115,0.24758866499885923,6.155304114647867,5.685973767792444,0.32932589680589414,6.135915641944773,0.8862751023694171,0.028001610670986617,0.9161525197966202,2.661005113851097,1.1374501646470052,4.3934786588246455,0.5384051028504538,0.06073477421618973,0.6133213132118945,0.19213869238978848,0.05718647406167803,0.25131841543560185,0.6231324123636084,0.1785257633094685,0.824165475816376,34.93785329279977,9.536247892621512,49.13689943838898,27.110610961914062,7.194890670789861,37.8477783203125,0.6494851018360839,0.5177581508685906,1.150404107532772,3.421092559273196,0.12684502236382791,3.5727718810306026,0.39990898308656836,0.2266433548491113,0.6722081503508504,-0.3017755112264208,0.17340153969862282,-0.07562557381258185,-0.20480065577176734,0.27917403959519094,0.1498974459425127,60.43989562988281,16.627318664071478,79.8619384765625,16.237053669142988,5.902432971708762,23.330817730986904,0.37029346286701326,0.4090286273708812,0.6450974187615024,0.1464485256770599,0.9665709559641672,0.30377649913122773
0,SDv14,0,7.604239446209647,0.2692699767214403,8.00949721001307,6.4770665733159225,0.2412897525075967,6.800127738814433,5.805929884502205,0.2700787372081814,6.104847286791989,0.7634968871670909,0.023003031052098576,0.8010164719229483,16.565968223950495,6.802027232455576,26.809727536848133,0.5877729434928611,0.06207559970362049,0.6580701838062905,0.16520134211349619,0.06397540180386654,0.2515329877143532,0.8644929048755196,0.05311648040090973,0.9177258841570597,59.55669500517166,12.637396545333413,77.77133599619827,34.50048828125,8.561441435692606,46.4722900390625,8.4818135418581,4.416155592315678,13.650349351541655,2.5297606126950036,0.2518211696505698,2.842372576084929,0.0691761478901064,0.23882324643188976,0.4069235949990311,-0.4588995030827806,0.38709110025428706,0.09037004793154602,-0.5044150269607621,0.23080636579171013,-0.2733657139640828,88.21441650390625,33.26347611741353,127.6065673828125,63.25508643026777,12.604188900081404,75.27718404332148,0.5378764815596329,0.5568168370654114,1.2230858258257822,-0.6274876227260626,1.1443368432591303,0.4362996410032818
0,GLIDE,0,6.745974936990884,0.570843469140586,7.356105806996137,5.734049622552879,0.3981326750305324,6.096250560575541,5.225954660756171,0.38643794743523935,5.745136876820476,0.778368879722195,0.0682844327426232,0.8791173062362707,4.339626182504253,3.132451224511209,9.152751204648533,0.6501261080310586,0.10150966935801119,0.7767895972839413,0.27566623478810376,0.10908742191243781,0.43264603517739775,0.853024135066595,0.17983981640526212,0.9650400922808258,30.184375915070888,9.545469223974749,42.63809976182419,19.373992919921875,5.834059388729174,25.914306640625,9.072990769681157,9.898171323561355,19.263825112447016,2.805327426196718,0.5139402537223081,3.3199529201492783,-0.48190465234229546,0.6053233468388531,0.3767530717194707,0.4254967051461046,0.6117530828871659,0.9410609645947707,-0.7843010094930167,0.33189721889305174,-0.43315592744476095,66.77606201171875,46.20235207714719,148.2098388671875,43.16227976797682,25.7442010056008,87.6084307722671,0.9206923539928937,1.6154778557124145,2.9550121740939597,3.4652564357592563,5.959306376286369,12.253697787050122
1,SDv15,1,5.925688468866078,1.2319866307773302,7.485755003265724,4.818723338619769,1.1721017678973042,6.2126653380575725,4.310561798049217,1.0246721827209129,5.611758519055369,0.723979980870924,0.04675572042901604,0.7937688835372642,2.28283639121158,2.6633530798436134,6.580201640841535,0.7790775751834477,0.16099517114860754,0.9483588140117158,0.4333976379000658,0.17181883438029041,0.6382602414852385,0.8687744928625813,0.07591964432704086,0.9915966433147737,16.987248551078174,14.353002144761252,36.17967239403805,11.063796997070312,9.333743873445911,24.100830078125,5.414858990534691,6.307655581161624,10.937876846303585,2.627084065926924,0.3156003681811423,3.108087631333669,0.5827811824999829,0.3233158930706696,0.869854966281803,-0.7220258455349848,0.18832739263160167,-0.576004778147476,-0.8684343517344943,0.21933879983065904,-0.741521121509074,107.15579223632812,28.775124013358,143.56103515625,22.149945861398038,13.232604899159492,37.599336330630905,0.6952430332306189,1.5541275724214871,2.8926757439841513,2.4265679131486153,6.4567745345070255,8.712712897675413
1,GLIDE,1,6.632839276736586,0.558554687686812,7.371688963284733,4.715042636060154,0.600259261531856,5.487556447744028,3.729772231746126,0.46911675396022,4.2983989224192625,0.5613013667955007,0.04145188599602047,0.6052095540319752,0.8578440309862374,1.0617386856976423,2.1035653265936003,0.8887646030504037,0.04180259472218046,0.9246742098014754,0.30767074922092635,0.09989321738172456,0.4377178240644837,0.9821588076227086,0.012316291561531504,0.9939676971953162,6.040791035873969,4.971939575090828,13.578085701780545,2.6145477294921875,1.8035244191462223,4.0018310546875,52.86929681889946,81.73504908778652,144.7299340631966,1.8423379503562303,0.5760573870790244,2.4945579368191355,0.0061850855334105725,0.5603937285154539,0.7867282038331109,0.02735221295065443,0.5155440240618485,0.712698168862008,-0.6501471766156841,0.5534159175036177,0.1835198893677217,119.57997131347656,42.93716013826014,169.3326416015625,37.470311433790044,13.976295593207958,55.3571071941358,-0.8615292939835624,1.2471968015883743,0.7284574643423776,1.9539838889511927,4.086375009468317,8.006599439937563
1,VQDM,1,6.979560061960235,0.4923922501017185,7.507400377125085,5.56523622953023,0.44981516291780305,6.141153275767,4.920395255218182,0.42928481934345664,5.4475927147609795,0.7044924459971784,0.0235124434186552,0.7336453981850103,2.0771190963364514,1.4353166528399635,4.326634444286975,0.6259316608620773,0.11544120563981361,0.7096681555168074,0.25411181251564513,0.17100527093123485,0.31538406955185083,0.7795588315079789,0.09967114259383363,0.8814551247782818,19.974637431456,7.93143442913501,32.77061242146891,14.865142822265625,5.780069720359524,23.69921875,2.754158039103426,2.0616364452644214,6.135891654575109,3.154901522809438,0.18359111890468888,3.347962385475335,0.42951415701049744,0.39489620075778137,0.7470043172412504,-0.5272877077729539,0.275704729514535,-0.2078307174296056,-0.29297995297396584,0.3261771496888191,0.10573483797814544,61.897613525390625,20.884194680998167,91.037841796875,17.314245032469092,7.531849308714458,25.533401992944377,0.996194836863838,0.858884400273477,1.7514325504671562,2.185840184683782,3.3207528612891557,4.101528603628787
1,SDv15,1,7.126217081036385,0.47309776124527103,7.637456356145822,6.039118566766321,0.3055412457988894,6.39523130554068,5.31848416417864,0.2532183592696484,5.6439508041036515,0.7481494654948427,0.039305792982410555,0.8108699484439013,16.389165938366105,7.267380289995897,24.9689114071555,0.4875591909801813,0.11018554640863819,0.6600392454622049,0.1704525607362357,0.06446303163666894,0.25961245039243264,0.7255199449713476,0.22916247516799948,0.9226020604077818,58.23615695042986,14.778966612511528,72.6837182679662,40.79304504394531,13.55463963005967,56.787353515625,3.7033481497298846,5.582706690142383,10.416570490330669,3.253179052466307,0.46697301223496135,3.662440726326399,0.2909085382288912,0.4643068289818261,0.8910231334438263,0.17748078992081462,0.5204837087831757,0.8891467902960577,0.055370047218924884,0.5844498724399058,0.6943394514263289,111.98878479003906,45.65734049026002,175.2640380859375,51.222826224944846,15.71992392640922,72.51243125004419,0.5865825109376446,1.1148852979486539,1.420894151901936,0.5889599219562085,2.127492654845119,3.445572592667213
1,GLIDE,1,5.016259871914496,1.7880305100268776,7.106340963066197,3.663995363292448,1.1667344408976752,5.055103153454559,2.9898522403426555,0.5641908395421045,3.704494422641078,0.6366209477544471,0.11899642267773788,0.7684247847871815,0.6960386476639268,1.2236355495163023,1.4990566539115644,0.9343279243027549,0.08893590836410781,0.9920280612244897,0.7304105152177691,0.19476046646731054,0.9367829695028521,0.9373592547038883,0.03544655614868449,0.9659761651183749,5.679656792485152,5.799629866812849,13.000156118306155,2.353057861328125,2.8678914472446335,5.40234375,51.22318652194164,137.70296102063298,52.95462096711968,1.2860922445439429,0.5104948920369377,1.7948715144920846,-0.4848904365083576,0.3553089149484989,0.03841420679157935,0.18564253690470328,0.4878317042167936,0.7160274273165077,-0.5284753166619173,0.4761588185448058,0.1361959833423323,131.24032592773438,6.085338334027766,137.0244140625,13.857236697174145,16.812982322996017,35.41193828189098,-1.4174437333425272,1.4272836121259973,-0.2790187528371133,10.09609308704064,21.24779115382672,37.573526799494914
0,GLIDE,0,7.447197286323043,0.3824277607865476,7.870165079338335,6.297270703315706,0.5326492483897053,6.813028346775653,5.55192671051015,0.5966708986710858,6.150539338008254,0.7434568669864808,0.0457991338193271,0.7935357963757337,8.787730460384392,3.694010811020972,13.669728973765448,0.6713187254410465,0.15789761361144594,0.8407398939656858,0.32851295587677354,0.19119234829702367,0.5864101399268058,0.8355885586416891,0.09882585532191879,0.9373816406997009,45.39349669976981,14.228998334005778,62.17064197892744,23.612655639648438,12.663552306018195,42.6151123046875,12.330481248406407,6.016045381477261,20.193919605119078,2.1560597617311146,0.49136618362312967,2.9612833413090005,-0.34832657959645125,0.35279106456425074,0.21389952263214576,0.13494353969689515,0.31159721535326096,0.58855541223756,-0.6274798624146126,0.4155425966106462,0.06986620421390466,142.67010498046875,42.51523166574962,189.8692626953125,45.56734314832335,11.400194302361708,59.785518025171754,-1.6192450366512792,1.8237725479581595,0.3902291005464461,5.031577721623357,8.699054142737328,19.937913410726722
0,GLIDE,0,7.217066562957808,0.7444952978069782,7.730026537693011,6.260022801368607,0.7283326612912486,6.818941594231305,5.711457725974336,0.7535274460357061,6.259657556771304,0.7881415549545379,0.036893290572727624,0.8135181455627365,8.984509157395607,5.371926217964121,16.490746153785622,0.698729348246246,0.13597568595942702,0.8527092516811126,0.3476102736091059,0.15906867261286553,0.5732847797855852,0.7570556786261184,0.12183905440901462,0.9056214372230844,49.01958406268047,17.944620623707664,71.78682984317612,24.83843994140625,12.073907636665554,40.9166259765625,16.21450581055825,9.401034763458414,28.060648808766977,2.101869929761475,0.4703133187943888,2.548514525586344,-0.2624438747110852,0.27883966582192077,0.14141399579167632,0.05543727319025199,0.3961767302943606,0.46630909659002945,-0.7313762498374099,0.21097539725671452,-0.44860166159344583,123.49076843261719,71.88286765596867,199.3875732421875,35.32723402232482,15.042255337780142,48.421316940503175,-0.19971697509551717,1.8413434788749228,1.897637601765647,5.056450625201619,5.403469786441794,11.198873687777507
1,SDv15,1,6.903199650859893,0.5230385869604376,7.423520256199417,5.546266539444039,0.5891403252127088,6.109237006945678,4.833753810761149,0.6293548264804532,5.361292954452324,0.698548136303215,0.0610597598642192,0.7672757018379965,2.9317464869338954,1.879493603481672,5.3484686988221295,0.6846659262317685,0.08815665342427985,0.8187236956760549,0.2604362019389185,0.09898950818509304,0.4192769505971344,0.8775572484453243,0.07557854475833768,0.9522823219539461,23.377691329790096,10.03371462888822,34.38742912636778,14.264892578125,6.119721185129537,20.117431640625,10.002341553033085,6.184228452845603,18.218565193395442,2.6583952505348467,0.40863931715950413,3.327342463331214,-0.3305688044583873,0.47033374391435634,0.25310974752818394,0.07793454024097665,0.5704416440894289,0.8124176421543048,-0.5806500239951995,0.33877838410021044,-0.11505555050509023,146.96832275390625,58.88752424018174,213.08740234375,32.09553593624534,18.48081643102914,61.12712272756766,-0.5660226489380977,1.5514002128047066,1.2273723030208419,2.473609006175967,3.854963265463534,8.433286919357746
0,SDv15,0,6.812977771461844,0.5484592727665979,7.512695110662594,5.201894670388096,0.5949707417305606,6.117929191074661,4.380923078450779,0.6805187048845456,5.3499258431601655,0.6401829741260696,0.05826386592153398,0.7074725479519965,1.8119783178028166,1.5158217398192677,4.323324121315196,0.7172091658008211,0.09452306135323008,0.8204089014077853,0.1939766235047855,0.059157127908056543,0.2588809373217308,0.9549344460890135,0.028830306073639525,0.9826542342966794,14.2479920993549,11.725971313750696,30.727440830324056,9.100616455078125,7.228823144734016,18.1083984375,11.159150078177953,16.107603661693886,14.592064569584076,2.6385414758805394,0.2837347252116623,2.901642604158112,-0.09368046877809265,0.3758211344869505,0.42852592560840386,-0.10761429247264154,0.5156835994134228,0.6385160626939017,0.1713922723307152,0.4584234974900073,0.6490203459445743,118.22119140625,28.2500737990253,157.603271484375,34.67718129187589,9.955300177763418,47.28873943447003,0.38402513255894066,0.7952118843928494,1.4948824083034984,0.5536115816539751,2.0384581646140467,3.13281503819059
1,SDv15,1,7.3258056324322345,0.32269659401248646,7.72239467851062,6.077706858633208,0.18411741377300248,6.337637463843615,5.424778954973812,0.12971433004675229,5.581510690249495,0.7414673591461616,0.026009190419686117,0.7652738254785447,9.447849003606084,4.124502289489049,14.649113146416,0.49376745028876107,0.04109005650402423,0.5371488982345101,0.14728734451346454,0.02859669400234706,0.18859728790303248,0.8545578924103099,0.0493522070359392,0.9078268419115084,38.149430727180366,9.07686126000847,50.49762165985223,27.632400512695312,5.429534186606073,35.1539306640625,2.8643206255814655,1.8161702078514288,5.005207807366752,3.145252945992737,0.2041260083892276,3.3487422638736826,0.005661636044035488,0.1802139944586379,0.19963926301701823,-0.15491621143893075,0.253069453221093,0.17207680652964913,-0.9264645559226843,0.0327052613053575,-0.906523865643706,106.73707580566406,6.820133962549555,115.1175537109375,45.6821419834964,10.19279030886385,52.76537264739633,1.4173787416119858,0.6403041993393644,2.0932895264555116,2.0042896137994544,1.2894116274169818,3.8106719010731087
0,ADM,0,7.180828651400327,0.4509209947519399,7.673502857378244,6.134375373008516,0.30705639361398906,6.487525769355311,5.67265954528129,0.2872666623233145,5.945553754421352,0.7918771750249504,0.047555366455136146,0.8641429836604143,5.415730025372421,4.447628941535059,10.3281535415092,0.5779173407143526,0.09167810149249014,0.6484668908004836,0.17321437774463824,0.07174225889074254,0.24201221575604093,0.8722215985577979,0.09752441981011889,0.959822678360772,38.32689202882749,10.691663255635097,53.04187878053354,25.543624877929688,6.744964613744979,31.146484375,6.1638016943678196,5.576166642728852,15.523821007181407,2.899782448823684,0.45317736665304637,3.4608859941984464,0.021006190052718907,0.3419920087059738,0.4416384268856784,-0.1537214681672852,0.25133764263538766,0.179945671739921,-0.6088538059372612,0.1834655158835004,-0.346162586484524,117.07981872558594,41.37990983230788,173.981689453125,43.29220685174318,21.13496252772556,67.13681461370946,0.37319227505897773,1.1452026147634697,1.564296695561848,0.7854210836524739,2.328593352546501,4.844411858755764
1,VQDM,1,7.7720126750617595,0.39574836145725684,8.122899415804962,5.80806606967869,0.40575878846538466,6.290843000742573,4.680326197639712,0.36884244597892835,5.144462379950706,0.601625045482935,0.02503559778336067,0.6380873951722349,5.377342802717154,3.2019783402025817,11.049506723985893,0.5968758761418812,0.14121581142738535,0.7877357537299964,0.23766435614978726,0.11982090736836505,0.4328681722691156,0.90315885663719,0.12329425263465443,0.9864936946244519,23.894326552563257,9.885017890691714,39.108562482083144,15.709732055664062,7.8343473408229185,27.770751953125,7.609835519190675,6.606957633293113,15.46838495432058,2.767250101585801,0.4014719555981632,3.274550780003712,0.26306989534851155,0.46677762290980107,0.801928381432762,-0.5101741752850038,0.27134253344291837,-0.17221351268835913,-0.4796364219952381,0.2744957903398045,-0.14545463029372857,142.13909912109375,60.51182904137072,212.8701171875,65.18023883391572,27.423230472544258,93.20001087052017,-0.19020723998067646,1.3885044446070356,1.5796404670831232,0.7627150789115802,2.691177596219135,4.023810906231373
0,SDv14,0,7.893658937479316,0.22357610980664425,8.0474141899241,6.907936232248295,0.3118257345469614,7.091170623310029,6.3409169067688875,0.29093836570049264,6.51564942448333,0.8029430393724661,0.01961940181830512,0.8248892798485487,27.887731789040913,8.291681674336878,34.91295282580633,0.4485492955990427,0.1253580286024422,0.5184652830247686,0.14306321448149376,0.1501301022938788,0.21115954501018902,0.720555576070965,0.0840443823900214,0.8303048140512368,88.85352578746449,16.546173126550315,100.68995715462245,58.94212341308594,14.272033153696297,70.452880859375,6.5886090449,14.0490641068853,4.443167260939502,2.9003370263835846,0.46033079292072576,3.144120379968407,0.13928646376954756,0.1959656896055611,0.24772970847233752,-0.2665637255727492,0.14428853006395362,-0.11074115842313928,-0.822982093019584,0.09849740833446496,-0.702567152031407,106.63748168945312,33.494030843762594,142.8326416015625,56.179882751412244,10.596435380771155,65.73187326114743,0.42032267535457407,1.3497452826846112,0.8102268437665364,1.3777154594493037,7.336053768207977,0.45208921556987836
1,SDv14,1,7.381300352046992,0.4403866222715349,7.904844546548113,5.699675050357506,0.42380155960892135,6.171154869436229,4.5753597205242675,0.36708757617516125,4.955700970340985,0.61974532346376,0.03280183883556914,0.6539686429553206,7.518636375267707,4.292445365388326,12.857873618197292,0.7399562290552066,0.0712797585353534,0.8107812461526362,0.31042848378302174,0.08079928117049374,0.38189749259590455,0.93140612039078,0.042003127448555735,0.9725251182115535,28.749763458663992,11.096297442184214,43.169728542073486,13.879837036132812,6.130677487693528,22.3260498046875,16.742058312012023,10.621129492374408,30.93557724501968,2.2003565562515233,0.4215095211821839,2.8332226970844285,0.0751258257906086,0.5803280804147697,0.7703441405734417,-0.060767025158586174,0.6063778777812916,0.7272955119961093,-0.9172096817306326,0.08956153079912371,-0.7942464578273458,152.3584442138672,29.649451384242578,191.6024169921875,60.428853538476616,16.2026381935836,80.55572932242538,-0.3249673529859159,1.1179178888929802,1.1316485225410513,0.053356021318272565,1.7705324740311092,1.6066659907885446
1,Wukong,1,7.061491087249223,0.5257538273833318,7.650073441904782,5.391267677304945,0.48913360551098967,6.014022416824775,4.418738104108817,0.37545977728235524,4.899677023207694,0.6254924126774526,0.017734953684576567,0.6432585738333513,2.4271300208451443,1.9653310413210265,5.4485583585285955,0.6463923138321548,0.1681931188278919,0.8366703846574809,0.29072499254450396,0.17999433212783125,0.549902187324006,0.8775495285534716,0.07648516144639758,0.9708613730526079,16.76477244548298,8.381802719603655,28.924349472110148,12.161148071289062,7.0781437542378205,22.7725830078125,7.027044496436655,9.511425478775292,19.12673208605795,2.9933093230963257,0.4303552818193689,3.4300693263543978,0.5841936128812424,0.2844036270199329,0.7887315701245372,-0.5371605087119115,0.36877936779470355,0.12921401662270726,-0.6689833632161357,0.2952685134771632,-0.17018263709297193,45.78242492675781,38.592797827385944,81.4019775390625,28.610291905335423,13.685794706674626,44.67754967433339,1.1029501635541492,1.5109267364371952,3.0702107642095315,3.444293289296204,5.268414777979899,10.230923662678856
1,SDv15,1,8.035335620788587,0.2417354499719751,8.204592061317719,6.5195942985745665,0.193311067585205,6.696363114273416,5.55458777914586,0.16851672943622906,5.70346180826137,0.6915461752069066,0.020208662314548854,0.7008294328059876,13.399617789824273,4.772700361197715,17.732399730725643,0.373979879217601,0.1490577525261067,0.6018134540578306,0.10141096787580511,0.05929131917189202,0.20047176962669583,0.753685924102137,0.10845931074245005,0.9370611315422479,49.82561862995483,9.489989383877727,58.04033068375236,37.37718200683594,10.561057484778345,45.644287109375,2.147943526320108,3.6356457145160124,6.666605248070146,3.2518354022819604,0.4579951857737549,3.5329822416225913,0.34566169001319896,0.36531526185110436,0.6064462002581895,-0.647592501373607,0.2747245178303606,-0.2436037752356462,-0.687539757350451,0.09785503017054756,-0.6145897961723957,124.23808288574219,18.00656887427575,133.8087158203125,45.42077500618076,12.730963296065553,51.45824327777462,0.1758881851768601,0.43794720302067086,0.4063232060276397,-0.6410008451190297,0.3939539822862116,-0.14861953304734232
1,SDv14,1,7.504846470138782,0.7310766914991269,8.125851628953896,5.873510079978723,0.6965294713468217,6.640716083842774,4.806321758314818,0.5741666981122586,5.486390568210871,0.6399205479338265,0.03395421532248359,0.6808155699187791,6.8164757584168,4.822082448723062,13.384974765369115,0.680708312559296,0.1612825864633161,0.8460352612732883,0.29109432520245415,0.11108554321985949,0.44900703405699194,0.9402729444986648,0.0416446842908343,0.9862986880929083,29.069969777350735,15.42194648502348,48.899696183130374,17.070266723632812,11.434663992994532,35.0904541015625,52.79822393511965,161.24781823745775,34.30407711196659,2.402979523011034,0.561146397883619,3.282333394851196,0.2023301345211354,0.4229294051196315,0.7547856220632417,-0.5857942255305257,0.3977379341654254,0.06911245731353184,-0.7116161103913812,0.20191556606368097,-0.4980895153836719,121.99209594726562,53.42516373194798,201.34326171875,64.35595061901788,23.853437327374884,84.76685724953474,-0.29616027027043806,1.2728041492134836,0.8713542199310241,1.191841251267956,4.574061966317769,7.835329083460175
1,Wukong,1,6.894875811558025,0.564710875849529,7.432795506499293,5.579854273888137,0.3196067427070753,5.903697296696087,4.788039821233365,0.21724559777670177,5.02524108564335,0.6969178858328545,0.03214778831861761,0.7399951064299601,7.045519401336926,3.4238060005577915,11.774563905423289,0.7352460144788827,0.042750386582131074,0.786334832079874,0.1918445347144126,0.027962120649132248,0.2080672327342477,0.9562828923467424,0.009719408532393402,0.9673102035938419,32.26859476666198,8.517228473883266,44.331414552722435,16.28216552734375,4.43425281474272,23.4127197265625,12.37125786311074,3.4975537200838183,16.623944143234084,2.41551766629036,0.163158474934406,2.631516664882275,-0.36612068462634295,0.21695617877867082,-0.12850778054411194,0.19701662664307185,0.2250686443395071,0.5170497047849417,-0.8526348053508019,0.12491363306876645,-0.720592667127642,112.55867004394531,29.93294989016734,152.66650390625,70.50632929283907,13.864247380528642,89.68667173668513,0.14353089658597493,0.6786392934215318,0.9487485799277047,-0.8493540466562741,0.8041806150812627,0.30518261458044726
0,GLIDE,0,7.577396613281234,0.40907677009342924,7.890822198161737,6.4149879262724525,0.30531297917579114,6.7403452971674085,5.84509130821862,0.31746595799400606,6.301134210396047,0.7722828860818491,0.03584409300103927,0.8183389672371261,7.152657706601168,3.685035730408222,12.121788096025453,0.5027980380672799,0.08014753862842697,0.5867968769910962,0.12962733253725886,0.04331157338479772,0.19020614477255454,0.8878135126125395,0.07177258584543801,0.9350710892665072,46.06664380547247,14.499204642061875,66.93363866220751,31.168594360351562,9.64984193957515,46.5244140625,4.272885531792483,1.916331143074143,6.511626845462882,3.003246916643119,0.16706213672277984,3.2106350400377996,0.08394681412207534,0.38052096910209965,0.5645527809742585,-0.1449494091392565,0.3697156561461757,0.2795359277769538,-0.617212790458891,0.36772728304756974,-0.2582234267118618,72.98516845703125,32.01491312686071,127.8564453125,47.891740257090554,16.46633164276288,69.14173861837652,0.7648730173185401,0.6900565855554649,1.3837662245237587,0.3123753983568238,1.7507496356767376,1.4877921564943373
0,Midjourney,0,6.8172463389801194,0.5029933079535611,7.2834320012130735,5.638388091516231,0.34447693412127783,6.130566922292552,5.003897302138212,0.2358116175531904,5.331605073556596,0.736243634070598,0.03630033360246576,0.7498438097837512,2.4246700995212906,1.7642928137807445,4.752915662792896,0.7435338842887267,0.06312365916758622,0.8222697574077525,0.3235494970152791,0.10681206103571145,0.4615445916968845,0.8994978766655873,0.10184271184509792,0.9616156497014268,21.075401081261234,7.820345954318648,33.199330266167436,12.981216430664062,4.448272556296528,17.3768310546875,22.229333538370604,24.076424278358562,57.82403274803098,2.4677539227233733,0.4651222014023889,3.092427012942996,0.009304753469898619,0.3477241051940824,0.3669541075319581,-0.17486107101476706,0.3392821990149405,0.18125309789332303,-0.37015236857277756,0.21319939504612465,-0.17719743414762612,101.01089477539062,43.202363922637446,144.0810546875,31.58637920843471,12.052498264106733,41.135839697996786,0.2127063228913289,2.049341572690632,2.0116117136155727,4.380230308370532,10.388235681851882,16.88263105330075
0,VQDM,0,7.504905285958202,0.5279453968355418,8.18889491185765,6.497893328626224,0.5071916056838187,6.942499560057397,5.606235050974934,0.5497018940044217,6.043461881569625,0.7459957796257837,0.03761820952392007,0.7831922361543675,10.562773235741071,6.952818454312229,18.75031149612626,0.4503858546496793,0.17429172463777418,0.7586538745715032,0.1521228977227882,0.1128872494560642,0.36036659222173395,0.7311757584956365,0.10878090775732775,0.841397181341576,51.57960703623,20.75693210847484,70.3766326482314,37.81353759765625,16.923543322214446,53.610107421875,4.360016470086704,5.11046996833519,11.57158063190381,3.057775556858879,0.3682760899163135,3.4360728798666056,0.2058473568037872,0.5077100924280774,0.7660212977135619,-0.37322517900115804,0.5502540494108124,0.422828365635976,-0.764544329630492,0.16304478002518,-0.6810656288158516,72.64666748046875,37.9298596004526,118.803955078125,33.69008331774156,13.54352340110137,51.71724247168717,0.9785291541404484,0.7381410171252086,2.022102425412878,1.7262602472124242,3.1501021560868816,5.851386782326927
1,SDv15,1,8.389313877938722,0.0970820320208029,8.511802688254415,7.462874006202423,0.09483744801113207,7.594556751324939,7.006365024419659,0.20561293404008807,7.3226176996353205,0.8352091457280241,0.024583592286193983,0.8790521109463403,72.59004452475442,16.774268898416434,99.52799971261653,0.27731858292145684,0.08664775350085142,0.3881420690626527,0.08045274371510183,0.03136029945828038,0.1213451439972957,0.5654487257070075,0.09162657162225946,0.6620565976635928,147.64304691509008,22.84031837345257,185.46656556837684,109.4559326171875,15.951942600852368,132.2738037109375,0.5370520208258633,0.5921729080310071,1.2797165723425556,3.4447453601363893,0.1677477259220882,3.6616041507021206,-0.4730521974932155,0.09397970454193243,-0.3480875210394436,-0.3428493035838851,0.34669821332619233,0.17986690264791277,-0.027343989099650346,0.26538737450281213,0.27398106421519225,111.14561462402344,15.257686637902484,136.5081787109375,73.87438626571951,10.22100587666755,84.87856744902001,-0.10880135992162221,0.23645559525486193,0.12193406750299131,-1.4598352211081425,0.20693179383731622,-1.1893737020592574
0,Wukong,0,7.758717509855127,0.4965402792362211,8.121041058293095,6.66030482600448,0.5670403398630366,7.077525453197469,6.1003211749167905,0.5985475671698556,6.502264493860254,0.7843682683161274,0.03541573005066975,0.8166456794241758,13.383652014046373,6.028895895712328,21.447994909769506,0.5909580413201918,0.11591326478333415,0.752682413822933,0.16971742804010037,0.0706541378879178,0.2819470174342468,0.8850704702247607,0.048506806921684374,0.9388103662394941,61.920162040601504,20.55255558201528,84.4155400531686,34.87986755371094,13.68035719131182,49.89453125,12.232275799466787,14.364156383045112,16.728021703945934,2.4724366648648552,0.3865980366667209,2.8504756837985763,-0.26382364262938335,0.31922070959303167,0.1518398369280332,0.07969236623038281,0.27096320922987766,0.4191996446051879,-0.28326215910383945,0.39634282382504915,0.27001199048250246,147.51657104492188,25.469526201963458,173.3583984375,60.86036325538738,18.355158042224176,73.53136663912723,-0.10796762825897983,0.464046492768817,0.4584358419240997,-0.49895556267454577,1.3443284756173464,0.5072014150438187
1,Wukong,1,7.759011857485326,0.26560906817092167,8.03210339771335,6.54809888567625,0.26226560391599274,6.862472614746851,5.828134389006729,0.33061120128528193,6.290602416326594,0.7521237296982753,0.05184476978468045,0.8138734062357276,10.13464696859648,4.7280621093976904,16.104977147108848,0.5347247159414623,0.13955918152613989,0.7137726069039347,0.2714370048977543,0.2014547064124996,0.5405653543725971,0.8586686170708797,0.06634588934953958,0.9366519771288659,49.97446428750355,14.232987161837576,68.12810344838093,31.629364013671875,11.592995277769747,50.0750732421875,5.447130272167021,4.71010899527891,9.222019215510699,2.7604255621003344,0.51895845651298,3.2221404224983266,-0.19650503314679524,0.5491860125065514,0.7346687177912796,0.21070375624179566,0.567346585466357,0.8479144889653852,-0.6797687971072499,0.22764555671415168,-0.402410692043577,88.5712890625,49.38030695952314,152.2232666015625,50.233529756907465,11.16296454929394,63.12027711595775,0.2742753486105961,1.0927353711725665,1.7002219281276802,0.5077470475711809,2.2487902068632835,2.983934768734213
0,SDv15,0,7.523980444512242,0.7215662107543905,7.883314000319122,6.422644184109352,0.5711831428509491,6.784833057870121,5.789580563069236,0.5637703776270218,6.190448912003379,0.7701268525978999,0.027592932314272546,0.7935832847741748,14.443528225092145,6.6249360821646555,21.943314594356316,0.5873009170120823,0.13188277850260163,0.7845298211227723,0.244787054191615,0.14646225462691917,0.4641543688567451,0.8663280521264494,0.04066001410358013,0.9076264948819748,56.63199163943687,18.125425971311508,72.4745588422814,33.93017578125,11.936361900534228,43.57568359375,9.727674632175459,10.500671395534756,15.79400831921916,2.5777496746459065,0.4619441945533606,2.986411266627707,0.21540682839328298,0.7626687796853638,0.8971233452563255,-0.2937791841102259,0.7163285525716665,0.805584761205667,-0.9372946071845083,0.032124706420413436,-0.8959865636209521,127.64027404785156,41.19117454094366,185.530029296875,56.65098149387708,16.77328140569067,72.59729409450628,-0.31849422664032057,0.9797164933393342,0.7013259307888702,-0.529626743507615,2.0651398527228735,2.089778611747562
1,ADM,1,6.081633390397929,0.7101352144752126,6.615538387639747,4.410752392528041,0.6025696399928583,4.872356314128815,3.669688305747658,0.6121538590544847,4.224277022705975,0.6063337854926398,0.09048006419630057,0.6832103114619477,3.5276924608095555,4.443091480503189,8.771862303949359,0.8814033861683437,0.06180245407841914,0.952071302016476,0.4548563223433644,0.20892334139057867,0.7291868188807513,0.795146786689745,0.2543582670587405,0.993902867198824,25.884062437876725,25.743699091885894,60.54448881764047,6.5519866943359375,4.902803571549305,11.0726318359375,34.80735355684591,19.872402875616277,57.7157517355236,1.5238181565075475,0.8269618948529778,2.541148176479105,-0.2652480005888367,0.6250431767524928,0.5291198658700449,-0.11533969665800081,0.7050875577559986,0.9028723476059597,-0.7023834680729014,0.23241345387404486,-0.3579127472325645,157.1009063720703,46.030169125965614,223.182373046875,34.74171654364439,16.805214851933183,58.572521315373855,-1.3621222219630729,3.651108563827578,1.9931938371920481,15.9209801035371,20.721396691278755,48.80272013546248
0,Wukong,0,7.413373759027605,0.6579182123407395,7.802000565082574,6.05910639182138,0.4420345901573537,6.496037903607516,5.240997586934639,0.26272546807794206,5.605004397874993,0.7125415833783599,0.07059366296372371,0.7605367392819521,4.459687947806438,2.037162105858593,6.6341126149533896,0.7034626487334393,0.06709426711686231,0.7960703155370177,0.22972089999016476,0.08155579965295442,0.36415644768882366,0.89751849796545,0.06243150364288341,0.9688310106333182,30.064172952351907,10.405421946864836,43.319956281931496,16.315032958984375,3.9037771741403064,20.7828369140625,12.2097518016469,7.170811144750299,21.05138670219825,2.4810036108760887,0.4617523350117933,3.1080662277826447,0.4742591647420731,0.23142085989409758,0.7620609765616049,-0.2249841043281863,0.29697471923010993,0.1653025239024435,-0.7179850356975399,0.19329922070836902,-0.555866745515424,116.01454162597656,30.415581209862083,155.0633544921875,40.411854173130216,14.100113694064074,56.558001293948415,-0.6775638452154185,1.3980548098032046,0.5119652575902607,1.9178794128253371,3.093437404408041,5.177890264273435
1,Midjourney,1,6.370965374424861,0.7012824299356388,6.951371798088594,4.944297247765547,0.6443071212052062,5.644108136628741,4.053522186484882,0.48277450709269376,4.656983620728855,0.6366674950241216,0.031197176378759517,0.672466811421403,2.1009181016156475,1.467262903931285,4.1980136093789415,0.8316866403325398,0.037358863735136714,0.8726735857474874,0.43083472861259464,0.13254681728408269,0.6346478027686108,0.9012222909425995,0.07500121773471558,0.965758334182309,16.335447486493816,8.67173017194746,26.43166865626837,7.7314910888671875,3.681461118595834,11.4195556640625,12.930223752315111,7.278856313729373,20.846073748224136,2.203629348157502,0.32505210482756436,2.669112604830033,-0.4251132873692475,0.5525568926583272,0.46032537443876553,0.03338164280840005,0.6387406436295868,0.8104933287025942,-0.7909702567076257,0.26111654748202145,-0.6475330675353193,116.79827880859375,21.806431191904007,139.89453125,29.717791604047168,17.019506047520018,52.44087688684759,-0.6990319035343423,1.2157274183045936,0.25934333612979815,3.3517891163202975,4.892638785822586,7.445994743310069
0,GLIDE,0,7.167499730704063,0.5121504694597642,7.707442573978025,5.91295246791535,0.4326405945115795,6.418498896917969,5.15090730670387,0.36580442716250516,5.602798732073925,0.7195241519818808,0.03378537816171608,0.7641719638461435,4.1266255742748505,3.3874463310227827,7.806160832388515,0.6396963555787967,0.07669547390838123,0.7267926212783875,0.1945090802284108,0.07243937996898338,0.29899721572200844,0.8983696196824773,0.053932338342532415,0.9670042589935233,28.097434546111117,12.007842921956092,41.48897468666658,17.841354370117188,6.164774980584928,25.302734375,5.8541572129336625,3.490253560406614,10.964922491532896,2.8252514690799577,0.28078888783329303,3.139173701891756,-0.12754921061791485,0.39518140951500386,0.4552134747282471,0.35208771992204346,0.3654329777164362,0.7680916989075577,-0.769142420349787,0.15994863148972524,-0.5231007402708119,120.91244506835938,24.72399925033532,152.8712158203125,39.71457748953433,21.97771698113825,61.82226940807196,-0.2974199895496875,0.5746006385707093,0.44877282230550697,-0.06125271813755662,1.6150481548468665,1.4625711152327545
1,GLIDE,1,7.150563459850134,0.17497632367986235,7.384537856831286,4.910293646072438,0.2616539191847763,5.2204866817083895,3.672259459071213,0.3011909673159674,4.1172651581177,0.5138675292977201,0.044307167213558984,0.582047905799226,1.5996875565909239,0.8961474349431376,2.662386424477198,0.8078305700577538,0.06201802342716189,0.878826929533842,0.2827022396789298,0.06940172305759254,0.36447717152341746,0.970646727953328,0.013045094366760298,0.983671708770256,9.622095842955027,2.9055090546496856,13.626738087348599,4.7489013671875,1.4864584881912326,6.722900390625,31.14826472209153,31.23822901651928,69.17506094244386,2.084407164965449,0.41251252952813866,2.478692193420576,0.4561363292969167,0.4143109974307325,0.8131430204437061,-0.44214198361213286,0.43335913467682935,0.18438954533679874,-0.9891440837143384,0.0077731425805642506,-0.9835427143384299,96.88331604003906,46.588950374042824,161.5423583984375,43.630655897925514,16.28552614735967,67.6875126527137,-0.09966654703185324,1.6519187231334893,1.3235330493727417,2.2475642053818596,7.75653444778767,4.616040572809987
0,Midjourney,0,7.529016406391978,0.7291650311163467,8.113687791471563,6.269710201460293,0.8340804213241607,6.958537011888146,5.3736981224064255,0.817105408708441,6.070752464172232,0.7096653979932857,0.04850972296363164,0.751392461707052,14.764415799595326,11.2179513403028,29.610791249370173,0.6393281114232521,0.13499647985668942,0.8507949989189411,0.21126832962080166,0.06451428143799345,0.2923518162588165,0.869309917774335,0.05423530744664519,0.9482258307187659,50.024959706987005,26.45858007774867,79.98783929371882,28.833160400390625,16.575648793829483,49.3448486328125,12.31061047738801,14.764829587383485,25.73281883939709,2.499517869601127,0.3548909081445903,2.892771790855943,0.13568769931095845,0.3665082063292705,0.7429458460810503,-0.2935302446030386,0.33130579110221586,0.13499743657858682,-0.5564265985535347,0.35376633333348956,0.005632662047024506,142.98098754882812,51.05664556515566,190.8936767578125,54.16361646133924,25.634532094397507,80.16984360737283,0.203902505825154,1.2718773391569964,1.758912364175666,1.7526541037118466,5.90103383261412,4.611187188055989
0,SDv15,0,7.102679446955047,0.5648332382947711,7.645760284930676,5.669995705656652,0.46235958649613,6.160436427895688,4.699522157032122,0.5415651217893053,5.349772339150656,0.663204825045037,0.0700844323655978,0.7530705369516038,3.9114976394203538,2.309679657479809,6.272936547304108,0.7255373693087979,0.11986658542791047,0.8706013506597619,0.34764330725909603,0.15703869946892945,0.5443758346682158,0.9665936306151578,0.016527027203225596,0.9814759757278801,22.27322183884676,10.194709624832308,33.88800328243747,12.217025756835938,6.822157216224355,19.308837890625,56.99242020754626,154.0294271243982,62.5030560349914,2.2053975812743545,0.5895108896913739,2.8726854961517887,-0.11795151564423705,0.2692801049827672,0.2121583233613198,0.48592607961218176,0.2508961732329751,0.7530072466973762,-0.4600210138334151,0.4484529761021539,0.07637130860962335,161.25279235839844,36.27657058411607,211.4398193359375,61.290781984864154,17.235737978197243,74.21369091559052,-0.2666601914880638,0.8001116942174856,0.5945999570498295,-0.45247201070258564,1.6768232318646519,1.366420593878646
0,SDv14,0,7.315899477076477,0.3310527270928788,7.7279519296869035,5.9789673710725335,0.3485565267751744,6.395023424780584,5.097475882695417,0.44178634939421235,5.618239235271022,0.6964508150591355,0.04686424113551367,0.7507216031443951,3.9159965563192887,2.50956638548716,7.768537710222984,0.6724196050915365,0.08202140310618117,0.7764496323942417,0.1874494432039988,0.07412448117665489,0.28737059156542116,0.9354092225636012,0.06397072490145392,0.9772991983561354,27.75282117971369,11.372037465225617,43.45913735938714,15.09527587890625,6.087731340947857,23.5887451171875,27.150540986992038,19.87916831821697,48.19541375059675,2.222823609431532,0.3397844269394229,2.5106770773161764,-0.3816655488979238,0.5220538165955954,0.4026456713207747,0.19676860410876557,0.49184696313081977,0.6593636716984419,-0.8288595280617712,0.15604556767182295,-0.6628500032724283,125.06770324707031,39.41082321280172,179.8616943359375,49.91949700282703,16.841994293180278,67.38296942056172,-0.3829320020025811,1.499096492753437,0.36138657653828665,2.48319415608272,7.129312780839992,11.012730659191423
1,SDv15,1,7.0524568041392435,0.2822291566561973,7.413483127323282,5.7075208038047895,0.2997727446812279,6.040621973254398,4.999910965321969,0.32897784378016875,5.34690440657708,0.7092840400615199,0.043716921353992085,0.7685212517638184,3.437062404533578,2.951217267257009,6.777607512912586,0.6773075086290625,0.05771308878642844,0.7536034738323856,0.20517555271202947,0.04667233995274209,0.24244866203444201,0.9156244012571344,0.058513815958265845,0.9740210461165824,25.053260907887534,9.298951118092589,40.32659345100584,15.067092895507812,4.908730215769959,20.475830078125,13.866816109839817,10.629845431017197,32.69179216292605,2.603912899149985,0.36661024451584867,3.113660066027279,-0.08288875389635283,0.1946484978982151,0.1294587382960948,-0.08181001988007294,0.25314117975072,0.33790376811712847,-0.37356740174854225,0.327267784460781,-0.022112776417391407,89.22254943847656,40.64210239523809,152.966796875,38.68224222087093,14.44026914552497,56.004247420809655,0.04872510492857288,1.5961214205906364,1.3814245016730677,2.9480147443784945,7.470149417771867,7.54777898530258
1,SDv14,1,6.743762890155166,0.19825657278375103,6.931868067655878,6.0504358368831195,0.17308529031599243,6.201036705187298,5.187645880753152,0.17481444054646827,5.340304273736628,0.769529318880297,0.024748112299376967,0.7954524717261163,21.99226371321099,5.436092404724219,27.390191956412195,0.34466383156074376,0.11467493042803922,0.5421350283168695,0.11797407972197065,0.03817634207083628,0.16611316794984693,0.42936391936742957,0.307417473225148,0.916581108183602,67.45843035680772,12.107580843433418,80.12553558301195,55.4188232421875,14.307105600658277,69.702392578125,-0.17086338209886084,1.3811404184905784,2.0284391927151084,3.6556868637019413,0.3182412530521553,3.880752154316845,-0.6495260621151282,0.08707232615116452,-0.5490943114124928,0.17841888400327022,0.25510431294845287,0.45309485183172976,-0.2686557932869715,0.17971402004588213,-0.005071794867690981,110.74961853027344,27.919470029855127,149.599853515625,45.124920458682055,21.21057284878814,77.19204990511338,0.5260846196407727,0.6955972035144398,1.2567390094242215,0.02616072481195031,2.7726717620018815,2.6096452527849703
1,GLIDE,1,6.655400762774121,0.5060166411240672,7.10088584680949,4.616343019195869,0.6149535889986861,5.364736489827315,3.790343850385498,0.506159881977903,4.487116836050703,0.5684648896457731,0.04982870137917213,0.6343726718159841,0.8042034015573823,0.5858910074407269,1.1169911541005288,0.8451972660862972,0.05387974753528289,0.9016510523152245,0.3129118890574897,0.08892723713557735,0.41983089836844734,0.9858090687004919,0.00611518045644489,0.9937828538212722,5.258530091774162,2.3106363370168124,7.4723388216115865,2.8617095947265625,1.0194205153415947,3.2960205078125,37.859275589591356,44.550250889307954,82.71026321242772,2.198667541227679,0.32274230947451554,2.553882892517087,0.18683060912366653,0.556018281625423,0.7180661284136856,-0.338804969215371,0.45577610972724203,0.40329897772393397,-0.9141044250848499,0.10441264024122193,-0.7643762066235256,125.982177734375,47.99924313487439,183.1424560546875,44.56986338579155,16.056108611518933,66.78027852070548,0.24542375080235357,1.2415734997113566,1.4116226838618293,0.6896718916422581,2.5935958335428304,3.801182047739391
0,ADM,0,7.469682753767305,0.3769220571678825,7.936722320303773,6.668894402613853,0.45697171152163496,7.042905344303348,6.273594739747853,0.4043760902608939,6.495503561403325,0.8395093928903605,0.026999387470627773,0.8704719731770382,12.603348743287839,6.5420132386615215,20.57959095096374,0.44250543534151165,0.13038354851374961,0.6203032190395732,0.12084296143049739,0.06210097510730467,0.17321817816068974,0.6714592826638723,0.1384109201124541,0.8387259974485335,68.97599292924573,21.79587758168155,89.39732191881916,46.9024658203125,16.69618157591311,66.427001953125,6.956971167243966,7.612964969668112,12.128686958516425,2.8608616728501657,0.40019073879925143,3.3209957344462393,-0.3047705977081174,0.27333285238542515,-0.021333746071626823,-0.12419343846729233,0.3630499448778024,0.4782329472032687,-0.6269514570451535,0.2616269807850844,-0.3606257454148818,111.21903991699219,18.06774543875805,132.0753173828125,35.018747082012275,9.260647574021936,43.69567064707958,0.17141521884109778,0.7057349875193633,0.8923201861524295,0.7923452197141364,2.1723589831255348,2.2048325004922944
0,VQDM,0,7.270400930513132,0.37350057410300147,7.6782312801861625,6.345740185086932,0.38636685201108534,6.795564011916078,5.75373978439187,0.4005622898114893,6.168297940140324,0.7909552456198893,0.02753842514510391,0.8223783935315878,8.37954425114954,4.819182508185668,16.16282635739484,0.6188856083761387,0.155988176874217,0.7854583298515007,0.2672481171261432,0.11366605610427054,0.4076214335282521,0.7669159522531768,0.10094392104050527,0.8575654460493104,50.004263783151245,15.922095051157738,72.59129867707792,29.2271728515625,14.05009570900511,46.69384765625,12.23776064463878,10.734591811052931,22.68083823241018,2.4775272883188437,0.601202036854718,3.360548100274293,-0.09513663811112805,0.5724532605487513,0.6467500820836677,0.013858894264496907,0.5800190523657814,0.8519419611299225,-0.577936899943942,0.5066328218337357,0.2125277812863196,141.4329833984375,63.54734537748049,214.52685546875,34.43079598488882,13.794091769016665,54.48308607413363,-1.371052836508782,1.9346570489372776,1.7428893783387505,6.146044285531513,6.154778325689439,15.519458875224835
0,ADM,0,7.655808891411389,0.17329088830715908,7.9223141369372385,6.677457613505246,0.151862185459315,6.84344954190111,5.741934684532515,0.17595464095537838,5.966944323611642,0.7500596721807543,0.017752528157299437,0.7671242502529941,9.482235309488384,3.246869302906482,13.727124964569175,0.40064832295950115,0.0563066065033908,0.48107847729175146,0.09477250786694008,0.016568552647244043,0.11796107987482309,0.7788860348399574,0.12213770015685978,0.9182749279156187,52.96363046797495,10.182870078586976,66.92235821772906,38.836212158203125,8.040465699041388,49.506591796875,2.357795535405258,1.2498535255691992,3.7587868137114833,3.165468352310832,0.1676614716333134,3.3527701261846823,0.11928830411356847,0.3758681355472784,0.5316688836595859,-0.19074181905990562,0.39646647153687936,0.4096436302211117,-0.8153726635656849,0.2722096491245349,-0.7580304706576899,111.4173583984375,28.998159505985473,145.675537109375,40.573807176383994,11.911455828737326,56.530027494472094,0.15450784030963477,0.4241208483705436,0.6569431680508937,-0.0712655472087411,0.5712000660423172,0.7133191178938834
0,VQDM,0,6.955856497374893,1.3880395615299195,7.964680354277812,6.166801485113604,1.3647886823062632,7.12760717195982,5.61258606677679,1.2534503648307782,6.659060130862207,0.8023751156011159,0.06030936784032344,0.8385200909965937,13.926590500204725,9.215619447697629,25.338859560027757,0.5931569254713522,0.23089984300479124,0.974075651672706,0.36049021853243607,0.32073577853550367,0.8574400419957071,0.59007107919963,0.3052179707829445,0.8609852138647793,61.53745383862558,31.278390257706306,92.41358631514986,37.49432373046875,20.79973704202016,60.145751953125,18.756851946088815,49.99120237565145,18.660389708177448,2.554620724751746,0.6841314619905661,3.305985310661157,-0.19273595698053853,0.27548864583838095,0.10804083389467829,0.26808872112573107,0.40725024654580316,0.8249050891732186,-0.6366845800348118,0.2015798195063043,-0.37644451437717097,164.43359375,55.38313465149825,236.8289794921875,36.218415489416714,19.648492814276832,55.76370277374807,-0.40817656102670163,0.9960171311857833,0.9065127960457546,1.474716312555151,4.025060186765535,4.026490411716007
1,VQDM,1,6.76706894438685,0.6987247507147103,7.423735143399165,5.989914397226812,0.6171266171580668,6.606028979413829,5.58397571062321,0.5470470312120496,6.146766303110256,0.8268681508748422,0.043558625266231096,0.8810213607681252,5.201802248677253,3.943871787095767,9.456103158856141,0.6384280511944552,0.177190605931137,0.8801352312567743,0.30329653631107084,0.21088343310794858,0.6297653588836145,0.7216859565232527,0.1527050240723067,0.9097462059129262,37.74221442968053,17.135829543370306,56.30197594030905,23.946319580078125,13.67112052685173,38.39501953125,14.130640009658649,17.70163074525935,33.237771210707805,2.5410505849356446,0.5639385141750983,3.0612185779123786,0.12539620357248432,0.2922637190903002,0.504354210617096,-0.11489433208655439,0.39107393516395406,0.32789449490832034,-0.19356193526292367,0.5302482808194823,0.5870426073053472,108.47967529296875,52.07787667122133,193.72900390625,26.61562015298577,14.871514925839387,45.86817844284251,0.787492972432023,1.2727563256187742,2.5664699547381056,3.708835862188569,7.099412067269547,14.180345736791748
1,VQDM,1,7.320255612132573,1.3751431915595749,8.511385136292954,6.084086029518792,1.3121479717062627,7.257406978785953,5.506748687808621,1.2391761767297818,6.639483521183196,0.7462554118854512,0.04133381288947116,0.8018276703738945,16.416379037147294,14.500241387799099,34.639546819885425,0.6941717531817547,0.22502152367037392,0.9338586939405391,0.32896071851350317,0.15868196605973653,0.5087142877459022,0.8120254600454775,0.11137369985246559,0.9523512040797532,54.2455920014619,39.02069560778294,100.55756419756473,31.16644287109375,26.264176792364392,66.6343994140625,40.45055051425697,115.5632051946639,36.20552455386667,2.386073355406115,0.6820905408005101,3.1047045378479527,-0.25137209659667975,0.45201225279287416,0.4125185653078572,-0.34093072604437274,0.32028095117036987,0.030506920070138527,0.11654981215746299,0.41250087188348594,0.610257974518227,114.92510986328125,27.134579815479277,150.703125,41.46512758388546,24.843610403433928,67.79393721716059,-0.8980636845634722,1.9785331464478255,0.2956597348085167,7.9502451335538,30.996682004937313,5.222456101907886
0,VQDM,0,7.496695972475521,0.6867240331159642,8.090894538982528,6.378678142065732,0.7719593124553085,7.111836475230264,5.636059630197298,0.7573309173444467,6.405615618191761,0.7499753392677178,0.05497107424279249,0.8104160916457099,21.55453980999231,9.568163316281105,34.5794615299824,0.5088929077716821,0.07715317013311443,0.6378767820325763,0.16633234343006822,0.047244884760204005,0.22632313100665752,0.7912967626214931,0.10506168904784419,0.9075589069143584,67.72654232889857,19.966272687243073,91.29111902384116,41.32658386230469,13.389241480023024,57.767333984375,6.260407765901563,3.9074670080791924,10.761678577886613,2.798637951062144,0.3533625893988235,3.1690141293496445,-0.09955999776917886,0.5505241653090029,0.684842459806908,0.03105798273431297,0.49714422187013674,0.6928188255967803,-0.7272326481187907,0.13486331207399627,-0.5496099729093542,168.44276428222656,39.1066408971428,203.7510986328125,59.79260442064694,13.86892403924198,76.82824680192502,-0.8165096997023127,0.7398048582719592,0.21653358931125516,0.06784176598094052,1.2852408175499184,1.9345501641808798
0,SDv15,0,6.575410789438612,0.2485709366726328,6.937894743380728,5.610085558320754,0.10586105371769204,5.751673336448093,5.4360239522264875,0.07634782466783291,5.529879224225143,0.827710427066391,0.028135066824408934,0.8582505042425139,1.2798466681232679,0.32975304755437485,1.7378437775573192,0.6473492450483772,0.02673587220636605,0.676316167576891,0.2008084687314366,0.05165357294749381,0.25946479724121796,0.8739402258415059,0.10573938411297983,0.9734965548185837,22.231043786189787,1.3340742608693805,23.94067362103341,17.5050048828125,0.9872161418023843,18.810791015625,0.5959526427789162,0.7987716588776035,1.411112044336456,3.386912542416949,0.18664787555920548,3.5579079807443423,0.044803922399618945,0.5637172765972871,0.7263423286621808,-0.6315124329150857,0.39670551579707986,-0.02790179770870656,-0.40777037972818114,0.32096482876344035,-0.06569169910505313,137.45248413085938,38.14966037102652,182.0023193359375,25.226197212950993,12.661729113403227,40.055725925250286,0.05053339228575157,0.7169822892238752,1.073529617614608,0.3568382775700566,1.9995321605526468,2.1763309824260015
0,Wukong,0,7.151489028257349,0.6274708834611701,7.824832677859822,5.981254301629813,0.44400270077529325,6.386549681408411,5.4637276820904095,0.39163989526583703,5.8714124052671535,0.7653158387145607,0.021692763157138556,0.7959922433510757,5.134315850182676,5.312297169239357,10.227651014109382,0.6804525933645321,0.1166412081810367,0.8505530480255843,0.3244260695608555,0.18556607261021607,0.5362947021894141,0.8936421135085693,0.06966164051289547,0.9689899462263278,33.185853318377966,16.170997643379724,49.69677021680525,19.8607177734375,9.193600182816683,30.4251708984375,24.239692875668908,40.08682919368193,52.03334365117074,2.444098747493991,0.4426351960104054,2.8891026622599485,0.020750221965609328,0.6274134220766089,0.7526362612587976,-0.5613528829553693,0.5516767854640761,0.2803468299842199,-0.250678962938662,0.657637041909051,0.8190852521386627,64.67269897460938,60.903604106162355,153.5433349609375,43.65600401123538,25.19450306087707,70.37980448274428,1.7878476403812582,1.810292857252929,4.774802386705494,8.285747788683237,14.601488409497842,34.80261396494646
1,SDv15,1,6.559448484610797,0.45287818680350767,7.11044521515751,5.24180480237223,0.3178388612019983,5.57121906274441,4.548343526593115,0.3467851203784527,4.995191777354962,0.6960909101739408,0.0667577955130741,0.8038770753312278,0.8368121373259955,0.6342112970601551,1.2994835955215427,0.8057610965951498,0.0687024675579523,0.890075214444944,0.28540270724955025,0.09240450488278884,0.4363403223931782,0.9345237644262355,0.05466543890976469,0.9768621641452785,12.163194201416104,4.89889600679503,16.375799425520963,7.593292236328125,3.4755053690398325,11.3558349609375,15.58468914072199,18.237242286659345,33.07656370352133,2.5274143025227134,0.5076693434382148,3.058004179081948,-0.368129568070104,0.5926185472762607,0.34807974561106514,-0.015381409721281741,0.5956930111550097,0.733403225202113,-0.22387080520958003,0.618630688709793,0.6871293327202839,147.59393310546875,44.90608837128297,209.6695556640625,21.99807283969011,6.557599046767004,29.942148115496366,0.4192684489177112,1.7561277255086831,2.3267409262705363,4.347325758965091,7.647524019389544,16.057448889911566
0,SDv15,0,7.281044403945616,0.3777297129476984,7.696980061246238,6.380632214345441,0.39613835331700165,6.757216082926163,5.950816649695499,0.47489711260117434,6.423741680226058,0.8170670652638921,0.04438374964561654,0.8816105743120666,9.359823729115497,5.8428881513510005,13.687737681878325,0.55199707246621,0.1015030754688272,0.6724660175858368,0.1543361354162636,0.039881528732939334,0.2125790568106733,0.716714968296507,0.16526441171518527,0.9047527927189318,56.18433981183686,22.488195788212767,66.56637735517984,35.7259521484375,17.464447778911158,43.2734375,7.3682060239024505,4.637869440894624,14.25599004155667,2.8052733946554755,0.2754293829263177,3.0105300899093184,-0.3343467521854003,0.19055037957215906,-0.030636165917744568,0.1766027064264689,0.24143323744579356,0.4669142333976307,-0.6779170895632489,0.20117366608438336,-0.37783119314962543,130.4407196044922,31.9750079064618,172.9384765625,32.221073901599254,6.1468652006746405,39.6766774360396,-0.32197803010465414,0.5488622828862492,0.48637757943635673,1.089225688088106,1.6723306172115164,3.7225698861498264
1,Wukong,1,7.192546190031054,0.38655682462911256,7.531663173069852,5.494687295775268,0.401503681624566,5.867188264490987,4.527239587752554,0.40219549072022204,4.927094387486525,0.6289800914609269,0.039546532007866876,0.6685576343315667,2.054109657462523,0.9195175741655646,3.0037123645754615,0.677232143307241,0.0884714507100504,0.7899355479888786,0.17045979828966484,0.042195906500586085,0.2340814462259495,0.9313095420088185,0.12626951477180404,0.9887340224042267,15.42650150571663,5.847908852500392,22.425941242696357,10.198577880859375,4.438352858725835,16.4903564453125,9.60345371704151,7.963677422760743,20.86664249992178,2.6875056880868025,0.35757575304536,3.138894150580831,-0.29064112553921617,0.43286171068828816,0.2868017262649422,0.0327772017755259,0.5192126825013873,0.78079572570409,-0.6380748554048545,0.32313762803187723,-0.17734710965350275,138.26243591308594,30.14341386784072,172.60888671875,45.454376647298524,18.43924126913838,62.29056885720572,0.0990315242719797,0.6367844909187736,0.8119759756322079,-0.14958388469040518,0.9558290893507698,0.9469089727230351
0,GLIDE,0,7.563025205284523,0.26469157744786304,7.920557768777874,6.6752197489385345,0.4020376901465866,7.2489558777574405,6.170933481453774,0.45530893046553605,6.796689238170368,0.815092398296867,0.03741761266496306,0.8601531782606278,12.307399189421147,10.900951615094721,29.200039072341937,0.5679228092574565,0.07657878740644768,0.6633272578658406,0.15813904378452404,0.04488111385392251,0.20696410619758315,0.7921278924800748,0.16997428372757414,0.9597350060949932,67.61865655514646,36.80246952081976,126.81530341114782,37.761566162109375,18.82901752498774,64.013916015625,19.21717978388778,23.347736738612223,59.49041400287352,2.459657318925583,0.4242331274895638,2.9589471331352963,0.01778667882246708,0.41283239790960685,0.43327617851572287,0.09765280136743502,0.46873980153191086,0.545410682421267,-0.33803739382776354,0.5305332168721376,0.49055663072923333,145.16519165039062,41.873534003604846,186.5345458984375,47.21634211863231,12.871035039613869,62.111587422441616,-0.61498201392056,0.8174451468036769,0.3910217732539671,0.5938964362759733,2.0204445520765306,3.283325212164609
1,GLIDE,1,6.48692887996812,1.6506464888730028,7.651359676937852,4.917938149994156,1.0625726059158564,5.7976376693875835,3.750861754985303,0.5088244688487464,4.324771326372376,0.6098302782359887,0.129314409211979,0.8570464228833805,2.799927711246536,2.0056075148954986,5.228029435153692,0.8847859159642972,0.06043197580233736,0.9662319991654069,0.5406015655815517,0.1816185841099139,0.7656420976884333,0.9014262461089855,0.0690408266937172,0.9582578474402383,15.2270250174765,8.594926404337667,24.554430217616442,5.2536773681640625,3.020602372430198,9.1497802734375,31.68306723320775,29.740281177786482,61.068640698563,1.4394359161083488,0.2937316339347034,1.7513466209775808,-0.15410931069843853,0.43284192706411834,0.3678362326125628,0.29438547540583954,0.6561591807924421,0.9398289018719097,-0.6620205229834815,0.280329051458899,-0.39514774426982935,175.7388153076172,23.883952250754504,202.716796875,34.56874595789017,23.145173887431167,63.23553025241481,-1.633100138623742,1.8347119050940555,0.3608974479065675,7.327744877929598,12.56174389925213,25.278062643680638
0,SDv15,0,7.161890613930178,0.3101312744853207,7.37146314510535,6.213553853940066,0.28716755374014113,6.389793117490377,5.744010180192284,0.2970781116980028,5.923717745686803,0.8021410661567413,0.025341970510967985,0.8326048654884227,4.682881196460066,4.839360413022548,5.7768659257684565,0.5890102874111882,0.06649642134627484,0.6733991291515442,0.17315323281084188,0.06690140868488723,0.24945243485640264,0.8664699170932906,0.0777265639317151,0.945886177736513,40.69925029506219,17.36357047383706,50.25155111785409,26.261199951171875,10.153799792104998,30.38818359375,9.330613358492277,6.126895499327567,17.530614671520723,2.734224399185605,0.31714165026978836,3.152933137162546,-0.28792412079172713,0.3843439450635853,0.1926356362649504,-7.524086204163671e-06,0.5771056269036544,0.8342314731946312,-0.7131532634708231,0.15601422728154357,-0.49364698951482644,114.67338562011719,46.666063419111985,181.1029052734375,35.27467186145378,14.120501172935892,53.46793429719516,-0.3643458567778694,0.8893560639164213,0.11992285468781727,0.875819708634222,3.802084211489419,5.330975699157866
0,GLIDE,0,6.682438690901763,0.8582109102167745,7.605709461858318,5.752703859854197,0.6812278228511494,6.569348031563541,5.131767788838225,0.6530258237494396,5.928066264953925,0.7687726857089727,0.030850877125815555,0.8089041065727516,10.2031751936886,10.411856538827161,27.521368732678322,0.6279946555150846,0.1146763755406683,0.7446819279155148,0.22685458790381596,0.08294978969854266,0.3109670390255269,0.6759125322219162,0.12658632082266674,0.793298155534023,42.29852901298273,22.171530699300035,75.08594157781249,26.863815307617188,15.265347094436486,49.501708984375,3.9645010597660844,1.7475968201889254,5.98519848281225,2.922831676100073,0.22748322439562724,3.260216322761935,-0.4739197876283896,0.49979637315157394,0.3076237953568736,0.203090647522903,0.4741227321880684,0.7606307512217898,-0.7825447286197916,0.11863631973619454,-0.6313784008846725,127.62751770019531,37.906739069978684,175.7303466796875,29.39495146377268,15.486601121115216,53.04921825397996,0.6941048462461649,0.7986673048552946,1.771659318983625,1.3177288101361206,1.8419396053806816,4.507682648086599
1,SDv14,1,6.592665079411246,0.6035337988321914,7.399069615582816,5.099902320194416,0.5726644432000539,5.896290593644082,4.268390933617491,0.4838456586796319,4.9424217339815595,0.6465151309087919,0.024330094661760115,0.671291643711778,1.9312361844332662,1.8941275116724279,4.595558941169067,0.8173277639188936,0.07510105872656042,0.8890677491236454,0.38614089023981246,0.1263819580301847,0.5403669220038307,0.9090858033860358,0.07560334738330327,0.9565882493001612,15.458161352437356,7.957230724536489,27.236112606671277,7.7480621337890625,4.29605630311737,14.971435546875,23.291591663778465,21.778401558932863,56.21260639790813,2.185510639336305,0.4400018758349158,2.767200513406203,-0.2521117141583061,0.5897950684516603,0.6511153513786567,-0.03447375939290309,0.6138384375127072,0.8090161541866244,-0.7247463006308472,0.3651250733253495,-0.0630238081977087,135.88674926757812,48.88666650834647,207.8812255859375,28.922250361149928,17.1276159605179,50.785964864641116,0.28655643389500474,2.406905694943148,2.6870223984619654,7.675249627305989,15.917825160885194,15.44066917305177
1,GLIDE,1,6.711510656345129,0.7348267028981625,7.418333299640872,4.761447669024017,0.6577016130567213,5.468315416403167,3.7550840511888026,0.4536446589090716,4.353708754717811,0.560189960382206,0.036464195581628056,0.5972311702875597,1.375158270049919,1.201932287420675,3.2058600639329846,0.7831923117055051,0.09810750328375561,0.9235286852009323,0.271900787410647,0.12745181446676312,0.4579395526385792,0.9693960070637471,0.019719129344086494,0.9869819800508524,8.022641715372933,5.137871691996883,15.936034967968075,4.85455322265625,3.0286990122364457,9.8477783203125,13.09634384057506,15.823686084035849,27.71966057541259,2.4483847166427712,0.40069611657932036,2.976244655340672,0.16089042103307089,0.38894656399854743,0.6572320617946872,-0.23742076974827442,0.32178772421408214,0.20363595119551547,-0.26323226764355645,0.6284276412793216,0.7346067694899607,103.97529602050781,32.490473928760146,135.5172119140625,35.518010034325066,15.01575285740724,55.61064534841297,0.1307476781242752,0.9889712627739643,1.2998187594379798,0.7633064108513351,2.142018649462023,2.6254313473457414
1,ADM,1,7.0384469684191355,0.4860867406246272,7.493083990772507,5.844550819264783,0.40156626381710653,6.167395900301647,5.258210063045549,0.3801262836280438,5.5955515399344495,0.7483945276229307,0.050675663248879045,0.8005467098818908,5.610155278112406,4.153311899319587,13.53164318389393,0.6395701377743259,0.10435038198592834,0.7721337540656055,0.19070120872032675,0.0897562574285903,0.30616425716721224,0.8429325669090844,0.15218800760745377,0.9783776485960038,39.20718371681738,16.869312357411477,68.39351843155154,19.941421508789062,5.729851327012949,27.7899169921875,15.971834759433005,14.512912269787776,36.38572275021122,2.4869575809445412,0.6256765778541544,3.034335695498129,0.03134106907215353,0.3453426330970367,0.4624063171702286,-0.24191787573436802,0.40108829001297985,0.32944311226424616,-0.7037135713015598,0.23303532712324915,-0.3895397404185003,111.10972595214844,52.801729843687966,187.233642578125,47.38056579766325,22.25770449666825,72.78564687622904,-0.5585989060157664,2.0302243246365532,1.0661800673131157,4.670646392668258,10.347812881285945,18.729741309600854
0,SDv15,0,7.950355112732879,0.19497442148476074,8.152047475469658,6.839179075593185,0.3932999349188234,7.278650673642316,6.220514016832812,0.4760143408866698,6.796711918033985,0.7819755818907334,0.05041969087637476,0.8425777513928063,16.356550005708325,9.22110984827129,29.758699747260074,0.39995065442694316,0.07455163175846917,0.48063277029291074,0.10428707978975457,0.0395202068267374,0.13960932095286935,0.7819603622677631,0.10810135525671564,0.8810116683187785,70.64614605663823,27.57786874689061,103.5307066738086,47.94831848144531,19.888746775561067,72.154541015625,5.155457424460486,3.184437673135035,8.551317234002527,2.891343574982066,0.23675266975461584,3.1983704160165534,0.13457104557366983,0.5332378841075555,0.706001243288948,-0.2637928279697328,0.5322797574554224,0.5230221816235106,-0.888268140392709,0.04253641058198565,-0.8366215789904221,142.92222595214844,47.27255427333166,196.8311767578125,50.566228727859595,14.805252705606726,64.13017817535638,-0.4694401310949324,0.9002293057462492,0.5114119701667437,0.6328579424162282,2.5215324832408785,2.0939500091070977
1,GLIDE,1,6.776229131784069,1.5066729208980325,7.956124981650685,4.984798570087448,0.8649726215387626,5.822120680274713,3.7669883532025685,0.33990671085058416,4.1858936186505495,0.5888534529596943,0.15513525384077353,0.7784040457123325,2.765233661462271,2.7329663723494697,7.050007676681789,0.7484848795697796,0.20257917241559326,0.9886895594687305,0.465787304662875,0.32942407290846937,0.9381649349368425,0.9555656506936674,0.032996497378807235,0.9912748805271481,13.0828451442123,8.610492537591462,24.932756767646495,8.003341674804688,6.163058959364382,17.0877685546875,12.741043059312497,11.765428379256516,23.79384494260055,2.269923660353526,0.5293523056464987,2.974361451216062,0.40625533276595194,0.49238757531457383,0.8380415169671529,0.11363779316518849,0.6158799609062903,0.8112411287899342,-0.18945555735310793,0.5041546271181746,0.3882324909338243,204.3335723876953,39.75047106318652,248.83349609375,34.528421810614205,19.642338203867762,54.22449657672041,-1.202441924799912,1.7090302271068012,0.43065727327948444,3.8304299268964614,9.186349322478964,11.576038815290463
1,SDv15,1,7.746498088339759,0.5092844268827561,8.161993712204199,5.801395151654791,0.44625415077292524,6.297616662468247,4.574265069301282,0.4051679025515252,5.1230391566023386,0.5901591205491538,0.0266967970319105,0.6286882570792915,9.334138400730675,4.53075520566043,15.283388152714828,0.6523517311416673,0.1266760851943134,0.7800947992405494,0.30422895950816714,0.14868401067904002,0.48615532469334855,0.9350216997877889,0.04206454985055812,0.9809559901131916,27.937592510754094,9.6079841961284,39.02106031448177,16.20318603515625,6.249005920807672,23.850830078125,8.11987948182379,9.423838191478605,13.20529259183811,2.6241229913858835,0.4545635565309258,3.1088284780433724,-0.1367365232566355,0.27529780456296443,0.09860618333088195,-0.0965374178702404,0.4208192491862563,0.40026712215765076,-0.43510269039206306,0.4626189804032509,0.16258756822428053,119.57000732421875,50.27153753763725,187.8974609375,72.70086324590656,23.115451125594735,97.72841119908173,0.27211932389335397,0.943560478210835,1.4173918220700696,-0.2309744777552452,1.3085534944819845,1.3620533149641254
1,Midjourney,1,7.0554057557492715,0.5571159212464334,7.692304338989792,5.477561152953433,0.5257122293225572,6.064212557043881,4.423326447719912,0.4135586283802778,4.832877255192907,0.6266086045540352,0.02363380090947011,0.6599213194750118,4.738693871645884,3.2867159110079243,10.032819783005797,0.8069395922733439,0.056226593317295445,0.8781745775034457,0.37925274120785923,0.11554890917130406,0.49016877552454463,0.9325202204143612,0.06754169480806617,0.9875153425740385,24.16968564844823,10.414248194042937,37.90217448497448,11.124557495117188,5.451829188088589,19.26953125,15.139771393825292,9.818707752966608,25.463594277101393,2.1257275023594326,0.36284017550506226,2.4210355040604528,0.1998933307422627,0.5190644065098068,0.8992653977884688,0.06919199445958345,0.4307373155495653,0.5738748624898211,-0.2283273480467907,0.6348991811639539,0.7464214677039152,115.56085205078125,67.78316607315574,206.695556640625,58.29124177239995,23.925319245043923,81.60589803475148,0.30560478980516725,1.7832055544438048,1.9012167441043941,2.307992089093806,5.807543106279289,4.821972168726726
0,VQDM,0,7.8052743998526,0.346717732430725,8.20254882618693,6.695464219509803,0.564153136440709,7.411107811236743,5.858014792337565,0.6458410329545425,6.621579614427869,0.7486399523531243,0.05439142915915689,0.8057706178010624,16.69565592078848,11.353695165827128,34.60915109678137,0.5452640630807759,0.14231728644695765,0.7462097616954639,0.1848717609235227,0.08482819338958894,0.3146318051158846,0.8597710767484755,0.07631460789808843,0.9507784524139307,64.75901761072024,31.261366911958213,109.60687302408454,40.37158203125,23.275274291647687,73.392333984375,8.554053193060799,6.645368875394758,13.398825299318279,2.6743737734790742,0.3677952118200166,3.1340997430645365,0.12238102664302164,0.2667412411785698,0.46258747279328205,-0.29018112251735134,0.23763257863945636,0.025263566747737526,-0.3914017446800893,0.2417533423915267,-0.07559273835961153,96.34403991699219,26.147568032355267,124.558349609375,61.06055821253143,9.387484237524149,74.67054085240687,0.40654570649720234,0.7644934374738777,1.1850813223000336,-0.5882109919208867,0.8705517848522624,0.613944439246443
0,Wukong,0,6.306800619154675,0.969115272795316,7.281852818074268,5.34142776233534,0.4580077432232821,5.901588470053299,4.859257764824206,0.2781029290530725,5.22127648271729,0.7849311327338246,0.09905692582550923,0.9552365050141336,1.3286374554161953,0.9764471327087975,2.6462525982615306,0.8005863164591606,0.06425970698322575,0.9002836417686733,0.4863266077344846,0.19270669797017598,0.7604307666579921,0.7663339362082184,0.34352368689970064,0.9815120512992648,15.438955962439579,5.225613290387948,22.214845658214557,10.068832397460938,2.3706176544862343,12.9801025390625,9.99198770200162,9.803359646564752,17.151079279296447,2.8412937559188878,0.4728822444232404,3.488153239144741,0.7706108003748177,0.31189746952930675,0.959039277671798,-0.777703787060442,0.36258362606193534,-0.13050191534040265,-0.8035210871868843,0.28922956217103213,-0.30822680578236206,31.423095703125,22.230444200623182,58.8955078125,33.440917110617136,24.30867689962651,58.71214394110048,1.5060983063403992,1.7399396864405479,4.195311469718331,4.679612235124043,11.677097388101219,19.209946449079517
0,Wukong,0,7.737212048633207,0.12117700951989532,7.904002444974142,6.843681292537873,0.0928831947983039,6.945102237551247,6.433170694571676,0.20251142377136763,6.7094518169737976,0.8315991688429171,0.027390356127628485,0.8646322023194963,20.227081844746024,7.388659410032063,30.620177961230823,0.3006934121561935,0.036058533111369646,0.3376115279463806,0.0752651947549787,0.009595282595645353,0.08936579105733441,0.6095398332882981,0.09293132816470229,0.7319346210955711,89.97261624017155,24.277139253008357,122.15804597306766,68.3521728515625,18.926623000331144,93.786376953125,1.1557055858885386,0.5002542122586368,1.7054826093537194,3.341892008303386,0.1142751897736654,3.485583158520715,0.5255167424331785,0.1444621081668057,0.6929587327283948,-0.5839700689180001,0.13099082225433908,-0.41874128855615206,-0.785440235448017,0.05570412344654223,-0.7008903655873716,108.36264038085938,17.171326418912955,128.4620361328125,40.72661990179677,6.163787436839463,48.92757696277002,0.49534907817657736,0.4423954368280886,1.0024798155600114,0.2510798811460793,0.7479126384721354,0.9861979713723794
0,ADM,0,7.501232584467097,0.23564392722769814,7.8076195176905685,6.269625719394759,0.3130378712922942,6.6535272406966985,5.134453185113527,0.3156237491098982,5.456355840916312,0.6843306535436241,0.03236583843450418,0.720606575127503,6.455330569727897,4.001909533451017,10.518132716049386,0.5963596852155917,0.06818251724070282,0.6666481583437895,0.19864999435670622,0.04186392935071372,0.23991768353817428,0.875844399133419,0.10470277590607488,0.9629353984151594,36.16220846654491,12.74489060033042,50.331939231356685,22.171127319335938,8.473711989835627,31.6795654296875,7.471524771516965,4.302749871625277,13.972595823945378,2.727950675261993,0.24328253758660012,3.0073636559612122,-0.45671899205116673,0.2028429226667769,-0.30410863614520034,-0.6395777610039045,0.12019886313849684,-0.5110716272377246,0.12647764438531472,0.26927759832240844,0.37186209660989955,88.35653686523438,37.755728265483775,143.52734375,48.40935963113025,16.817203093450356,65.95555164955843,0.9109834872983751,1.1852150773883374,2.085728177238151,1.5281448212248305,4.593396052737092,6.534066601134129
1,SDv14,1,7.261813646348868,0.2682925424786652,7.491263457243317,6.086020186442653,0.29062194229265575,6.421715849784455,5.414689878208405,0.3246742689259089,5.750994690566861,0.7454093831364785,0.030086357082767322,0.7794746534836855,3.624220090958839,1.9542468348259483,6.205063362150421,0.5448399416525213,0.09102854488445374,0.6755635507330913,0.14246655924389917,0.06050409112994948,0.2300153808706581,0.9280028735768258,0.05001339728161078,0.9749676898877858,31.209393624029307,9.735343773990486,44.077370510831074,22.758621215820312,7.423212854229084,32.6314697265625,2.7168999313388342,1.8422094933904474,5.358660793367033,3.1332815450948717,0.2227882717081099,3.329138779012153,0.30496810358265836,0.533625543060004,0.7843173496324416,-0.3908940651629153,0.5451586046102589,0.4578698867851521,-0.9285121286585797,0.06483075972177078,-0.8229228462884204,130.37193298339844,41.588864516483476,190.962158203125,44.18440393531808,15.223843072713722,65.71423973136179,-0.35083375216187807,0.952422961337503,0.4948985171724689,0.56591931856665,3.353671535484397,2.492413928623253
1,VQDM,1,8.049653237308249,0.24854161615772866,8.273689536159903,6.538061981105173,0.22435338901903676,6.75797572980678,5.453062682791108,0.16332625233719583,5.662238220998368,0.677601314283617,0.01414240988235871,0.694788077389564,16.719843312035472,6.297251499309631,23.139037993669703,0.5123357304266354,0.05315725521748491,0.5919776709960235,0.18906863094785467,0.0417532853299313,0.25189533192787245,0.7974115622878206,0.047304333847306416,0.8505440217447091,53.49713988852758,10.876174825987855,65.07742653047647,34.799835205078125,8.039614872021012,43.136962890625,3.635878879690522,1.1428885531007242,4.7926317235204525,2.991691144228713,0.17189383686128748,3.187964889308552,0.4879450788810604,0.1771499590838626,0.6249561371136139,-0.513011441884812,0.21114654668561672,-0.1980141145138839,-0.41003524383883494,0.14047366449798893,-0.2668163777991982,158.9246368408203,12.020537037935538,175.6724853515625,51.52727522263457,13.243014234812193,63.55959321634482,-1.148071195861693,0.30487142474000545,-0.8014201519537698,0.18552879337480013,1.0763188897140812,1.9018852702532825
0,GLIDE,0,7.678590823074171,0.56048885022217,8.299625689083904,6.572563747825466,0.4966402416345173,7.146522993449234,5.678434035204242,0.4661181009751483,6.2235864486993915,0.7391712675303455,0.016812659153697524,0.7528607090128505,12.883662655600451,9.607065818603246,25.742518679925702,0.5393253984387255,0.08991101166057439,0.6443335170291656,0.1854445570290182,0.06405970532378026,0.25978499332734595,0.8075670384383531,0.06337751297851875,0.8816515733467281,54.92345654374131,24.492025181859724,84.238286680406,33.49510192871094,14.563717497397345,54.0750732421875,9.18017032702339,4.403323008227934,14.80001252122979,2.6371391413172898,0.21074448523137657,2.8300726215677416,0.31731433326908326,0.5331746912305338,0.9045268585283852,-0.372300389832245,0.4921863559552262,0.33999128625538244,-0.8493066319584531,0.12331403650173602,-0.6796265276622462,50.478790283203125,23.1893989416288,79.2398681640625,44.57158574448883,21.667978488975464,69.99610191591822,1.7407204998366237,0.8181900693231206,2.334103491588148,4.13139590251746,4.703666052040243,8.163179445225996
0,SDv15,0,7.03445599581687,0.45075793351243876,7.494495125890012,5.894372901708103,0.42851801407501733,6.289419342666502,5.214325421751067,0.4084890012512393,5.675059589710786,0.7410875605069489,0.029815149763930366,0.7783599954458775,3.4099506158076687,2.5385888790239113,4.471660249748048,0.7187111982158194,0.06570105468163444,0.8187749136326316,0.30396105731816503,0.11456818993436088,0.42746509214228,0.9144281091950104,0.06128920337261375,0.9719764280891754,27.790362530614697,11.025514390865952,36.525512210287715,15.566253662109375,5.495159925823739,19.2470703125,17.32390889142672,10.671896712507165,23.867511096632825,2.3629600037157186,0.3625065502117721,2.858608329648063,0.29115720050617827,0.6545575242394727,0.9094272317730638,-0.4466678797615713,0.7274642434927261,0.8671005861062251,-0.7921846984902294,0.33849585967204676,-0.3573612353920943,88.56619262695312,46.969912478904675,149.3568115234375,38.40517110051776,12.656500346757436,57.71704111219701,0.07771990714607777,1.1748518949573998,1.1603371044353006,1.332875728032866,3.600935929084598,7.555243754896031
0,GLIDE,0,6.887529706943326,0.4146405386985375,7.556391434892772,5.566754481214194,0.4787671685688189,6.389149140267685,4.87557973025387,0.5013295202983885,5.647383704984244,0.706594794731991,0.04042777607578128,0.7552694939815561,4.3648373158580585,3.0383301051804543,9.418974592151685,0.8334289154018375,0.06467831642235385,0.9130793511346453,0.5048561442180018,0.13137994963708355,0.6819911692607568,0.9252927010920099,0.035384861526452774,0.9640517463514942,29.159612077073295,10.096820030433328,45.98906513233445,11.754791259765625,6.492668866695128,22.6534423828125,24.412935326135894,14.534184568864152,45.43303599122207,1.7082985297915911,0.40611613810208325,2.3083570349621843,-0.9727223307064811,0.024175316551313972,-0.9411388093409352,-0.9641425756074915,0.05068507759915074,-0.925031290972641,0.9306998551062663,0.10125698833525741,0.9914911855983468,127.72390747070312,26.410421650385516,164.6412353515625,42.61807160335794,7.799162518302118,50.061967735103636,0.07720046752320747,1.5251275603694683,2.004090372319871,0.4691650422298734,3.252516724399226,5.138937267908182
1,SDv15,1,7.005800857632932,0.47996041418346325,7.617935761536664,5.896175965821253,0.24439794240130294,6.247862522960837,5.441608237648947,0.22355917156021213,5.628584804935677,0.7796498883432064,0.05260162426219974,0.8407090662264833,2.7748919482434182,1.8418446113475806,4.96565029368229,0.6796454323244886,0.09577740611603518,0.8216215573267569,0.24082681377555742,0.14457225814166172,0.41491336374829857,0.9157495331198557,0.07870414827667097,0.9777973691463866,26.60125899217251,6.49097119516495,35.2281135833829,15.979049682617188,5.209935946502918,21.6739501953125,15.169383572098676,23.873306849048692,26.74910574046816,2.5611381816530976,0.6752956688195394,3.2098572526609574,-0.32713882730884986,0.6122188219263152,0.8031622704837209,0.20236236750132253,0.5714171694150548,0.6988526622599353,-0.9163514882093495,0.09018259994618087,-0.8071873791936683,130.2137908935547,51.05182605732927,185.2305908203125,40.978479624537215,18.59791611883331,58.78890129947827,-0.12834776951417648,1.0203134394350013,1.2398736860140902,0.5099826295623919,1.3995041627457439,2.1741741167542976
1,SDv15,1,6.996831090685454,0.34761287390346046,7.379709526185511,5.64529265581737,0.1063108627030054,5.77173250192041,4.94065259573636,0.10353825399996784,5.053975159123989,0.7078728864044017,0.03811702497626147,0.7545683105130464,2.651529824892921,0.8784828290748619,3.873251586514236,0.6025615448884637,0.03425996652708457,0.649289140209627,0.15687733384572605,0.0330973659166043,0.19441954854239096,0.8787732046183812,0.07791926316357953,0.9602524765356586,19.971159714531023,2.1784614869979966,22.663793043626367,14.496810913085938,1.5495541915624993,16.3980712890625,3.4663481910393363,4.400211218409226,8.24405959180879,3.1308549956864957,0.3607596708318661,3.4394876950421853,0.31154930591602925,0.33545031437411027,0.732664902820267,-0.3268614377748469,0.4620947895442649,0.21558526688049834,-0.5674341148689122,0.3813052756588979,-0.14656030036872558,120.77210998535156,12.822122598031589,135.5286865234375,33.147864063936815,15.764687631801143,51.70094171124155,-0.08362006379130736,0.3622167657017484,0.3860865756994397,-0.47472336104107643,0.46528879008032864,-0.030282614826832477
0,SDv15,0,6.377194181870977,1.5232779067257103,7.831790370464832,5.0935795609841925,1.2580129129507955,6.313463237394515,4.357322490498256,1.1265998154615995,5.45787096137385,0.6800174993149521,0.023002124426979187,0.7025398179920379,4.017971739477041,4.4496921002534044,9.69093875976317,0.9306067321673024,0.03603633960325728,0.9657332116874527,0.4784033999468388,0.0844849961709702,0.5930499566786667,0.9620980427068563,0.020849473535017694,0.9847678184939392,19.938928107608085,16.37475343217699,38.81288471559734,6.2980499267578125,5.535354105428185,12.8609619140625,30.33110397388676,38.692648109609394,88.0540942622824,1.4794664498678014,0.545691567448222,2.172186050370481,0.19153667722438272,0.8249970946399868,0.9502039715356579,-0.6345652929200648,0.4496685890957418,-0.002019563761336135,-0.5779417868078953,0.43493171532223524,0.15367313179037667,157.3036346435547,40.0991858800265,202.5263671875,51.72507618116325,39.99647077806887,103.92611319941753,-1.114806406431606,1.7897965966158345,0.08598123891094545,3.749127986529863,11.41123646523896,18.824513839893022
0,SDv14,0,6.898533090830315,0.5290954652626639,7.619437498507796,5.853961671500347,0.5403787253450134,6.575140517303751,5.369781750423592,0.6035368520523431,6.162645301543668,0.7767984727336351,0.03903951103454661,0.8327459861851072,8.173874012857471,10.863327929919327,13.19846043162638,0.6789194244852303,0.10970834608881527,0.7647892135336289,0.2807507645350229,0.11378015206333221,0.4314380517618863,0.8133614176756798,0.15141413589579802,0.9308316326271742,43.59303259713231,25.749422255299358,67.50036790442243,24.583572387695312,18.133241146211304,35.3563232421875,11.687017281052277,7.0730930004436185,19.235967469291424,2.5063996224177645,0.4479162743463783,3.043552080765548,-0.23533149585173807,0.5178633909111447,0.3836711711174093,0.13386839972780484,0.48562867863615833,0.7759065789150581,-0.8359760182536626,0.0829523196353347,-0.7045067919294148,112.60995483398438,41.74136262174271,171.4730224609375,37.63788963642283,14.784389690804154,56.24361912051579,0.329812523365435,1.2937995950711867,1.3961270939116441,1.6632177615595314,4.440462123967514,7.176933689620045
1,GLIDE,1,5.96748599648959,1.7537352698068907,7.477197709991538,4.339509485222336,0.9307023122428648,5.205266191245757,3.4046311897600288,0.36112082127127,3.8490079921177154,0.6182223526862934,0.1677641643223662,0.888068391015736,1.5748048966403705,1.416726702263138,3.4982870173532414,0.867214099348186,0.11337965030275271,0.9963092876039306,0.63499414605449,0.2316598268094111,0.9404042563761044,0.9765205043502241,0.015593640067985474,0.9948978662273258,8.057950945393,5.232816896173474,14.072364328812235,4.2030487060546875,2.658852474379733,7.616943359375,10.06891891759843,9.784724378008919,23.398356576230498,2.0429793065835766,0.3719267220506821,2.650523608598977,-0.4065428980952001,0.4059059099949397,0.07433750239956495,0.6389200008638899,0.14032288248533312,0.7776084097443223,-0.5262753508773419,0.2487897344689595,-0.1672256259744826,215.72413635253906,34.4658981937665,252.6776123046875,41.518387086696904,30.412209853364963,72.24988554310121,-0.9884684980245411,0.8171854364448509,0.10396204053942681,0.43029868908899904,2.0737727409751177,3.4713496637727
1,GLIDE,1,5.736165816736144,0.9448988749017182,7.095811083365737,3.9720448642773962,0.6428159123040916,4.9958700493662365,3.270691029111395,0.27446732950159775,3.7260698942038006,0.5789882130893484,0.05957186284587056,0.6485988572820709,0.588067902218758,0.7950043124756015,1.5319463144053929,0.8843993370542553,0.061042301408549784,0.9485738595206601,0.37413063956347736,0.11367592428641354,0.5036261143462735,0.9642146782595489,0.027668047727089008,0.9899899639457176,4.317447399865978,3.3709663852698313,9.33730729736359,2.4450836181640625,1.3548397079589118,4.207275390625,23.934764754076543,54.48781207379408,38.09790999583481,2.1420004832384967,0.2712452090347958,2.4862829350362112,-0.2382092475109871,0.5306412026191393,0.4221987457520796,0.2754632885068199,0.5001088905033199,0.8526711558938269,-0.8177779056363281,0.2245963956991207,-0.5352681629595569,130.76426696777344,38.49384870499959,186.2342529296875,27.049738644419836,21.637160351123665,64.52051157527438,-0.3366687176406416,1.1498000606497,1.1261240078703467,1.8085699968033713,7.0221111456260354,2.447804298046412
0,VQDM,0,6.317259245006122,1.5155302068419827,7.9454958780064775,5.513974211631956,1.2892587913259923,6.93412076256455,4.963948027578511,1.2797417803905442,6.415692025885587,0.7831017631812253,0.04099973346458229,0.8388602671978155,6.025181976725877,7.7778476962502365,17.130019368858648,0.7618270665679865,0.19016974683304555,0.9700656159454523,0.47326344501801476,0.30292957891269284,0.9304593650680044,0.6795221081219786,0.25568399666613295,0.9377781781730656,33.575301477472344,31.19870483563422,77.55788354496427,18.968536376953125,20.127405060469968,45.151123046875,21.36513087359385,34.91209890597214,46.1978817797037,2.2936668848437405,0.4980409400164993,2.9246177670832427,-0.03881726787363317,0.26788108897942864,0.2560556665683108,0.1874057686958947,0.2498029185922913,0.5138728783331097,-0.5349135915550596,0.2561648451526889,-0.20596335328802384,212.70616149902344,29.87627416051934,245.4039306640625,29.434636879200987,27.189811026196786,63.83101317118316,-1.397431580535025,1.0408395485868644,-0.2488552253974176,6.1209690612116265,13.23957580972657,12.815159423179136
0,GLIDE,0,6.721441540012698,0.3494784911337205,7.311404900883501,5.195182493749667,0.4391673935163427,5.852491225886869,4.478362296905471,0.5447361028491319,5.359675166707582,0.6643273445433896,0.04976095872142258,0.7318696345713374,1.1269504799894499,0.8427381145997302,2.5007839073129263,0.7631815846331418,0.04143491691029547,0.7986006960654635,0.2908367264789283,0.05456729564198267,0.3398929526435398,0.9246663255530377,0.044306831160860746,0.9635873495279053,13.690223330038439,7.566435224895229,26.709768385172353,8.330490112304688,3.3115638563037235,11.814453125,13.67566773440456,19.578959290364025,37.04792410115317,2.679850714643971,0.52979057205657,3.1662937584507285,-0.5675015936995073,0.19616132619447407,-0.32677464857360466,0.42489517282913325,0.13522086565658026,0.6210305576666738,-0.392802975886699,0.1434394025523437,-0.24660385684831415,141.5834197998047,13.222679414466489,149.7445068359375,23.57453646775399,13.805082136176475,43.43056035230075,-0.7365907751001072,0.9785081129601142,0.7251518278152499,1.5299544595729064,1.7968555196033433,3.309637017372204
0,GLIDE,0,7.492673216429389,0.4665626391319952,7.966520990808856,6.627442192114375,0.4609396774918621,7.00815019123692,6.1421455760683425,0.4615997241532721,6.530876666093581,0.8191959045591944,0.021428756971114474,0.8404596070371033,11.067632427681739,5.567551203110273,18.924585459183692,0.5522983444155041,0.10459582930530838,0.725218618871565,0.1973482178093185,0.08341598243385734,0.31110940592897807,0.720239374840621,0.1185197841182959,0.8696735321224579,61.68117137660129,20.42243220840601,85.52380443270562,37.4583740234375,13.867149055857492,52.771484375,8.023221999408019,7.009594312530681,19.72383633381675,2.7392917149271776,0.3906524115651743,3.1396445844987246,0.2734624076427003,0.3485681632737268,0.6946890924227239,-0.28260819012100175,0.4237690821506664,0.4426857172280864,-0.5306711118646117,0.3069968922573044,-0.07691933988577666,103.31364440917969,23.661781256919145,136.0908203125,35.220258425130226,9.756689733742865,47.55105227699501,0.646890127957676,1.0267644533958136,1.501541360292053,2.1807767906909694,3.814320280891119,6.455067604661074
1,ADM,1,6.802164909349216,0.44074794639349896,7.142982268583984,4.9215903528373195,0.5793197943219008,5.563998782391465,4.103600362296679,0.6347903608466295,4.975617729180356,0.6009706091024352,0.0639635123294399,0.7175779008160831,4.120734459148242,5.320114305400765,8.304846938775505,0.7363097821017295,0.05664632738195219,0.7975082926243862,0.18247600163329858,0.05248947732574598,0.25364438772964604,0.9371646894792709,0.04425813868300477,0.9909112878195752,27.997697697509253,25.11185975803723,55.94712362078057,9.523361206054688,7.004341856966841,14.3765869140625,23.24390107284589,17.17142455664053,44.65792896022133,2.0587810874572634,0.7554083632663293,2.8711522395352223,0.17218209435732673,0.46675447968371936,0.7282927993209654,-0.5169714116770512,0.4479275962840439,0.10919826005345867,-0.6965016213894094,0.3691836639171693,-0.41499159241435446,124.08103942871094,30.621685371818685,166.392578125,42.47992317647329,14.505555132497722,53.77136662823956,-0.12844419914955632,0.5335843549740787,0.39483454490664505,-0.06636046348817672,0.9749147473008062,1.3940512147936297
0,Midjourney,0,7.793471998329958,0.26726156896364067,8.091675370535587,6.797408883889734,0.29908411353695735,7.127291899454443,6.215264753012276,0.34574335878486195,6.564614469601734,0.797087925082835,0.02407951421149527,0.8218738511943431,14.749647413942451,7.57330386150537,25.1121272872575,0.5428647062946996,0.11212717709239262,0.6766631302785308,0.168581430991816,0.061989852766536964,0.25090125145352826,0.8210114101171991,0.07741039863221442,0.9068652828566877,67.42766249779348,20.24498934539736,92.02897627916815,40.22021484375,15.537371314458413,62.6920166015625,8.56516167435397,5.6025589219424585,16.9563113425112,2.5949371953936318,0.34412495629520834,2.993173536683898,-0.020215261264319963,0.19981897436915366,0.26157265297375176,-0.05267687053268154,0.323160939371356,0.30683298646547597,-0.6072394523077643,0.18928834098317454,-0.373798183599039,106.6826171875,41.843179451280484,167.1923828125,52.7576520765748,16.3116136582586,71.45816596048368,0.5037669527618042,0.7290211328679331,1.6619474828398446,0.6320381104662806,2.1055395018510175,4.510997940447636
0,Midjourney,0,6.727774242086939,0.1354674058181919,6.9093296079439455,5.107368049085258,0.3261482393749914,5.461897651988076,4.228464688392375,0.4731392645246175,4.750601490703305,0.6279454058423838,0.06413108458862202,0.7049524701287693,1.1788749281541322,0.42271598928883647,1.699480052437643,0.7729767321897665,0.03292713184911718,0.8069835818891286,0.23487018143778982,0.03730120317485854,0.26631724905932674,0.9175427150063273,0.05204145729793522,0.9791504260716895,12.759521617679102,4.8780773403354285,18.802931701937656,7.2494049072265625,2.4795950679593313,10.618408203125,12.786997276797933,5.018031499381987,18.944172340532436,2.441757864273526,0.19595923479250654,2.680515298195165,-0.38688306695276875,0.5980869547645895,0.6098354012199267,0.32309257238513117,0.6119942464491015,0.8380562374812273,-0.9100715754809854,0.05844027360498151,-0.843522821195934,142.20506286621094,12.620979608885872,160.136962890625,24.87701207395042,10.218073936803075,44.65559954688729,0.16108576406458894,0.5961926475800366,0.8867073084563453,-0.35824902089936034,0.5899555803406813,0.4853998349891999
0,Midjourney,0,6.9963163643416335,0.9023778328740223,7.733655947099312,6.472479010865639,0.7988614982848313,7.203820867586908,5.892245949447957,0.8962692058818119,6.833978584287468,0.8398654285626965,0.03309497114024207,0.8835007541545932,11.34692241335193,10.46730637781882,26.081757645187768,0.5060566449903324,0.19773220939936909,0.8120475186602418,0.17831444898789334,0.114103643987264,0.36606290589023305,0.7017190464712687,0.1541889525576813,0.8501659897902187,62.57105216366608,38.80140504383532,117.34181977831878,42.45072937011719,27.018735285755785,82.447998046875,6.252789789240248,4.4547913059277855,10.795401175979638,2.8569005815943456,0.23672200602477222,3.094856338367092,-0.49177911986035266,0.30138986876421897,0.04289147050496254,-0.09457993545179989,0.2836841014356001,0.24138559164547943,-0.16580486237141923,0.3760964011694114,0.4670670147174721,91.62783813476562,17.894169216677152,110.7916259765625,29.859492402093952,13.843572333799612,42.704339293785345,0.3840933863945562,0.753639228738852,1.3860445665910746,0.885488367257473,2.108300344983918,2.7283249966011915
0,SDv15,0,6.547710510674247,0.9089884287663622,7.468524060368754,5.204237747200786,0.7957707056251829,6.192921737028493,4.496273424780104,0.7549121833065991,5.389295238013389,0.6853078017491481,0.046040505817248965,0.7304914036178256,1.5517049738008633,1.4740690954993216,4.035458888416479,0.8303363974467157,0.11161786542927359,0.9547407496664545,0.4531249501139952,0.19945519737666276,0.7237862314481777,0.9215101238129411,0.09692208787706567,0.982619464904852,15.102770692987306,10.596048471864703,31.81492689021622,7.7201385498046875,5.870371636266418,15.802978515625,36.440195287897694,54.03056172840031,83.10441917504383,2.0856958993658434,0.6124027453911466,2.6963561438253594,-0.8052451183792216,0.13933105539973928,-0.6185666239515519,0.33862917375408175,0.38525253904093026,0.813839058325226,-0.5151064315459724,0.25540389206820946,-0.13681539873407517,141.06265258789062,29.091081849022277,172.9747314453125,27.116108971042095,14.962769290794846,45.962041896146204,-1.9127712420075644,2.946804554295051,0.5502916856915188,15.174099214348,33.561141383565406,51.091465590581116
0,Wukong,0,7.394585505053286,0.37853935855025783,7.964438963201949,6.5160843623199,0.3944117738122434,7.052548309744503,6.024458314328771,0.37192246011041435,6.549801151508396,0.8144270826193014,0.017759501837690646,0.8304650586778379,8.093368318826382,6.3556744682233015,17.21612319696397,0.4729664998636254,0.06798162121224557,0.538907479833804,0.13475465094776784,0.027881456919804537,0.1698096831505352,0.8054861039873394,0.07680191492512184,0.8677827999814329,52.906898974599486,21.710935397291713,85.88562929310127,37.0220947265625,13.551646796575364,58.0872802734375,4.541485707101698,3.746250221195689,9.846124125456011,3.0104396482280795,0.2693119185741781,3.2843180461960273,0.25623753663570714,0.3977837793659614,0.7337263045326334,-0.4963058052191798,0.3152793585104336,0.008243487922660886,-0.6586609788285132,0.39463541028900206,-0.02970065058867044,83.43623352050781,22.82854487870776,107.87060546875,34.83889155782295,13.033198488959245,51.47531808643419,0.46492954080454074,1.0329312678855425,1.761641319879017,1.1442694620640765,2.2859102068927317,4.831511025889563
1,Wukong,1,7.405712136531909,0.21172582093175238,7.65590768844545,6.430552312162074,0.38639685884032887,6.796285335182099,5.930853166261462,0.4356697280436441,6.327539551986829,0.8003338702529461,0.04626610134011684,0.8470138831329881,7.022193975970021,4.656436586098209,12.004858453798187,0.5114930827731137,0.11321599636812743,0.6612691204229983,0.12076633098489276,0.028183257023640874,0.1511633038910074,0.8387613144586319,0.16686303342727005,0.9651465882599802,47.18571167618918,20.760963125800778,67.44524766289085,32.86366271972656,15.719090057046934,47.6722412109375,4.495841856643127,2.9814333037958725,6.381415283157834,2.965270682177086,0.2571410750247941,3.30811059801859,-0.44880952238467,0.4104385396300362,-0.031802566862149356,-0.04314113943911284,0.5419399219412417,0.5789296038325484,-0.6795353175431341,0.1229295124331249,-0.5039524330181465,117.28506469726562,29.212566264119175,158.7889404296875,44.63463032296011,11.777485264990617,55.21634734990589,0.19066808606278707,0.8759016007024947,1.1766329500885415,0.056986315252119196,1.2759493902131056,1.7104968837508734
1,SDv15,1,7.50782220117188,0.45128888554350016,7.870745125715429,5.843797800748826,0.33171534231706434,6.251214175000692,4.719142779980427,0.25889034815301726,5.056453339746387,0.6294495822546772,0.028351021065801923,0.6565546016275803,5.628653190153386,4.098432600685532,11.972198601662928,0.6679997520160427,0.08630691301585224,0.7649803261141122,0.3061807492099621,0.16926026460683652,0.5255464544833239,0.9008725935043058,0.13235061034490586,0.972517351109219,25.98241918485686,10.636763295631335,43.250005065000096,15.327804565429688,6.349833643040039,24.8338623046875,21.905105986523363,47.52649313018798,15.669223430291163,2.5388038564906443,0.349697189359425,2.921098417509284,-0.021764155252368238,0.6461250499520758,0.8256308945996553,-0.32873016554057133,0.5690267909713028,0.5209400454756382,-0.6667937562688584,0.5178134501302548,-0.05362768472739263,120.804443359375,40.213715924126014,170.550048828125,52.22325040408953,21.17228634608478,77.92309079118999,-1.104271712323193,2.4694772113947967,0.7089074935919495,11.581809001071749,42.25042012995273,7.472811166943847
0,VQDM,0,6.962957430197198,0.4053442511511723,7.403539148220196,5.812954237398066,0.24290044014187243,6.033332869822141,5.230529921771398,0.08787772910026256,5.288633922420697,0.7536192276343054,0.043558276126906895,0.8116034496867806,2.2614527726599905,0.8521220283398692,3.283566783194759,0.6166835104880025,0.05014764078752919,0.6993686540910511,0.2062912189182745,0.04557626237544621,0.27144634751616925,0.8778046055347263,0.0770332710360283,0.9406504311706201,23.07509610752422,3.4846043946330267,26.418658142815417,17.411666870117188,1.9984043305344874,19.916259765625,2.797731843216793,3.551295616164514,5.526846402237302,3.1267016985034397,0.2740732201341916,3.437366660925931,-0.3505334880393447,0.4126947000681672,0.16042766288420235,0.273912025822072,0.30023153662634705,0.6691777677375059,-0.6408849310012057,0.14628489445769902,-0.4411358476517298,82.20999145507812,38.45457912034653,136.7568359375,27.83144560194483,10.217803577499003,39.64673811426189,-0.3260900955409974,1.5370234813494719,1.6601685640722357,2.610836980706975,3.2775769134630086,5.894967049385412
1,ADM,1,7.071644553565539,0.5017333176463011,7.483375056377039,5.607168135690239,0.5142902454434515,6.084827964841553,5.048639395855478,0.5835731816620818,5.543374983449862,0.7126161419250909,0.05244630365476656,0.76704887046003,5.344045072456069,5.212972450428331,11.9723260542643,0.7295455316118409,0.07885447426216038,0.8063226459586406,0.2798030133059613,0.12218164860269312,0.42698949757667315,0.944676272245056,0.03344940833776083,0.9819107025056332,36.012209651759434,24.248135601908718,66.91885417192142,14.841827392578125,6.820432563521863,24.2464599609375,18.290388875366304,12.395522328990666,35.94544075716291,2.234443735818433,0.4519866748631054,2.7831069238537225,0.3321899726400942,0.39625677709839735,0.7005885290750877,-0.29632081716920106,0.4283757620120732,0.3211660577204227,-0.7788403724933318,0.21650666493178763,-0.4438921086362317,106.09907531738281,61.25830019569661,181.55859375,54.79272687928801,25.381834403448163,79.68080586177932,0.42734006892683507,1.1895842396786207,2.0062932572499683,0.8362809863398479,2.40135489506361,3.995582912040916
1,SDv15,1,7.1804999616625365,0.33657399165359514,7.533518101963059,5.873696693449272,0.26216177006455105,6.151053495663787,5.13170311215948,0.23890075027774324,5.364883800507032,0.715230025004864,0.02796388714806552,0.7605942455392259,3.162094243079178,1.969142818527337,5.599587722820612,0.6659458838640433,0.06588923143991653,0.7458178117567242,0.20242351185961754,0.053911472616007615,0.2708776943545863,0.9081109286654709,0.0433479941621572,0.9646664695748932,24.4142612148275,7.175387260441288,32.60291018088183,16.091842651367188,4.813828068499514,21.262939453125,6.556335577817913,3.580645054759274,10.152610715569335,2.8036706901088104,0.26244611125922923,3.076137195723863,-0.12046272018445463,0.40865080727219943,0.38291753123283534,-0.38461256216042666,0.342234727793546,0.04822518262878371,-0.39902045852207213,0.3828515397044917,0.13455180985108606,116.69288635253906,32.12900872541379,159.844482421875,33.880963790275395,10.909213728264096,46.7158253335613,-0.19519903563927743,1.172589055721239,1.1446776856184933,1.4293906872036573,3.6128489867039772,3.140558971778417
1,ADM,1,5.792364709253653,0.5237884407284832,6.398506502566218,3.9904987555088,0.5636671625267324,4.517350942935003,3.253111686812887,0.5957660937573277,3.485888383455907,0.5605622979405578,0.07135611603258421,0.5882190997515586,5.602144586856731,6.571915221949049,11.310098084372633,0.9047268146811835,0.05473812254258105,0.9731033675044092,0.5647052946112373,0.1851716691434923,0.8659428573502457,0.8671033567194912,0.16912972045052693,0.9908851296932781,32.65845910847628,33.63092118033115,66.44709282094396,7.32000732421875,6.833417193252687,13.3857421875,27.931918219754124,14.29268086897128,40.77952317036164,1.3594744111895882,0.6681819208721811,2.191057575054413,-0.5050830506028465,0.24174046214863396,-0.21653468892083244,0.48231890595992444,0.27647528238763514,0.8894211350605965,-0.840787849592944,0.15876012865491756,-0.5937047581153105,221.0931396484375,17.622380835211686,243.10498046875,31.395239486499406,18.76873912521958,56.64670353946002,-1.6715978221612073,1.9762960910229954,0.18850230852295313,7.001796299177969,12.753070860767927,15.02927956356147
0,VQDM,0,8.017027513049086,0.446849927803748,8.460130589218387,6.406870230066382,0.5807204524965889,6.893775167252626,5.250785685831099,0.562954502882354,5.770613596905447,0.6531409670450673,0.03827502296924593,0.6904628528642298,11.648798205624859,8.252089491828304,20.17382861709504,0.569221729492474,0.17481694676359455,0.8002915828784525,0.23546946157353504,0.15329226643024535,0.4825250404053466,0.9149984766622441,0.0635943328503833,0.975388202082111,41.977959959390674,20.348481024749407,62.2968156361693,26.305816650390625,15.983452533967867,43.7110595703125,12.875375419989092,13.135437608690493,31.044612368953103,2.573945869860295,0.5157526004306624,3.241972089156455,-0.4140699624342854,0.3724782371736707,-0.022987667874778912,0.05192986843661178,0.4847000108549263,0.6712774088727105,-0.4648665051139563,0.2536598149943313,-0.20703798777691185,115.16447448730469,53.63285555235035,200.2664794921875,67.91193977770564,15.856351158334862,89.12261234581999,0.02060328323649198,1.2000059253482742,1.4528317849119674,0.37685350109113014,3.3703300251260724,2.9080500043516824
0,Midjourney,0,5.605085807985205,0.6531160550827433,6.281517572941864,3.8983340957351875,0.5687324976885285,4.440588913764431,3.062541970001615,0.46135315563908796,3.5107191835878595,0.5441443656220881,0.02662215763886733,0.582530094418899,0.2522124590576972,0.16129328975632595,0.4657093450806248,0.898815766513158,0.051258466456596936,0.9681225788926681,0.3938799332103704,0.1316564284589714,0.5553140823594245,0.968965729822447,0.01991272839056786,0.9911331496277701,3.3509684756133424,1.531290680079676,5.17976810113041,2.14288330078125,1.0013920865907653,3.1951904296875,6.175518574727893,3.539301563980743,9.845123659353611,2.305654717699216,0.40191364567625176,2.748269002411521,-0.3595103492561599,0.38323654183491085,0.08267564923695658,0.3245536172676032,0.34536117022086066,0.8277227773911878,-0.8698486877455536,0.08906260523735332,-0.7480261971214401,173.30319213867188,13.17386737330552,184.517333984375,17.53917030216877,7.594571520170464,27.17885534825505,0.2036069680318946,0.6853844501072717,0.9673126720557248,-0.003918862256417188,0.6527891714584532,0.8477518686704952
1,SDv14,1,7.406856908812124,0.10170328842511535,7.556211969067036,7.0602943082004455,0.1871985725941706,7.258907852169111,6.087352658324411,0.2612628985651963,6.403222989246041,0.8217825690089049,0.031631307201209526,0.85895777279615,37.62920322932413,12.76772380222213,53.60025008267196,0.2276920854325127,0.045021826606141756,0.2880275547864499,0.060217997634988335,0.009759134615212637,0.0722215491153678,0.6295634588928598,0.2154818295840655,0.8524844135324712,94.08036368719112,18.707941561477295,116.49146450143432,77.25314331054688,17.216485737403406,97.3685302734375,-0.31267528395010813,0.4211646771248365,0.16088981154604487,3.6673513293653546,0.10395269593484882,3.7809483086333895,-0.5647390999109416,0.17982189265825108,-0.3094413685795564,-0.09506944098037978,0.6275349678026702,0.5548955887256335,-0.16825768783203293,0.7281275754189814,0.729478660502457,131.7953338623047,10.181190052566832,145.4775390625,61.78505515460289,9.590673932933187,71.77404638726156,-0.26936948947720774,0.18146683999072433,-0.06615616234235293,-1.1536067017894405,0.162249471736097,-0.9811243705241108
1,Midjourney,1,6.091347789554055,0.3718895862461318,6.465733614128739,5.1611514742738205,0.19215236072174682,5.421479019141269,5.093700471211385,0.28274500070010467,5.367985523373456,0.8398134466419975,0.07478540938524394,0.9205164594632897,0.8224118387227576,0.24771689432712723,0.9956872795414464,0.7776252393819932,0.06048459884862502,0.8620529437030322,0.3785521027530338,0.13924154703353642,0.5990884415197791,0.9094845060473624,0.07166685266529726,0.986662809982681,17.12755907829493,3.564167725277479,20.816903098137196,12.390670776367188,3.7538325913024746,16.233154296875,3.415340960837942,4.444515402320434,11.195845049013908,3.1822844907075485,0.4360798497993148,3.6020807733189946,-0.6301546761421799,0.25759447720565004,-0.29796044765639745,0.5902209607758784,0.287112778192694,0.9375951291032083,-0.9313231630935619,0.06499073678338019,-0.8258621031220699,89.51350402832031,24.08881019441701,124.187255859375,26.37538064954988,16.181357854673806,47.766659781327164,0.21664870383432844,1.0055060917152074,1.6024729465649368,-0.12522134690018638,1.929054708381153,2.6286749526960316
0,Wukong,0,7.492676120144196,0.3532968872395808,7.7619838188716415,6.631758614819663,0.3048792085594288,6.879829888511656,6.130903215115094,0.31135636075670986,6.34785211090678,0.8183799642411376,0.022320241887316728,0.8556664595208001,10.548557226710141,4.201212918459676,14.761362965325038,0.4720913454195544,0.09587222722551264,0.5716634233678195,0.12993410057679744,0.044970207134498764,0.19722085400240608,0.7348826544688687,0.13228504436782085,0.8670742920729255,60.00126155597646,14.002480475325553,73.79876846206403,40.04119873046875,10.53166016730059,52.3193359375,5.93374344023824,5.245631969335671,13.161476797937578,2.9292936161829934,0.345455621213129,3.289757215979149,0.07221279833404462,0.17081602476205174,0.3072650220277543,-0.07729685092936422,0.2474454513871368,0.2400257866919354,-0.2428308783489343,0.2861735528377284,0.10727288464814629,101.82797241210938,29.41772337632185,131.6947021484375,37.969439974630134,11.590839623215087,51.01013752019148,0.36855739195260606,0.6605220406192184,1.2551467946426784,0.9312928515132917,1.4841879342060822,2.8223824895997653
0,GLIDE,0,6.760782331696163,0.5652019125835575,7.469414965916835,5.840385575615189,0.6895662868048136,6.695898179816529,4.931657920651243,0.7759997833130808,5.908741549105887,0.7254543006196398,0.05637729707363149,0.8052044464175876,4.945762643888583,8.842971962112617,10.51043487418117,0.6535618604375021,0.13449873875112833,0.7924827059984405,0.27901678732717217,0.1052519867362691,0.4179844632084187,0.6714188419855245,0.1059113883020912,0.7792516573072081,31.474797642993348,26.989747462635574,58.984550150380144,19.959320068359375,17.797171702619284,34.156982421875,12.226250474698684,15.745949273517844,25.645267777520424,2.725640731288266,0.4172634217152846,3.187392786148209,-0.06801909267967726,0.32511785182189606,0.3756747504134659,-0.003618267821466875,0.2834242367799337,0.2689634383914198,-0.6508622839910387,0.2289665382275687,-0.38756173361616986,85.36903381347656,12.909463485554634,99.6793212890625,16.330873373423866,9.47044731022769,26.386142970024476,1.2774566138948715,0.8265199305820161,2.011388168781096,4.38839815950288,5.62834802797675,11.21612983208951
1,GLIDE,1,5.003908134349031,1.0214857015595242,6.292090417419848,3.5535271149990404,0.6132524736699202,4.328627795323051,2.9465825195117556,0.2180034045424243,3.186100308509481,0.6069885490076539,0.09164560920119157,0.7534759011214385,0.36361187631881453,0.41399104329579967,0.9276310350529098,0.9277285991766927,0.040711319229295224,0.985300138573948,0.4885292460702087,0.09991549852983624,0.6326778121030734,0.9418750119446898,0.04386250836537433,0.9894842815855271,4.491214713785478,3.236669175160998,7.986286164774356,2.273529052734375,1.2224490836471256,3.7669677734375,12.929534585141752,12.932848801475679,34.0679440225831,2.0257504248121676,0.3681786305357967,2.4580330028869084,0.09345812051339995,0.4521626702902391,0.5470282163483944,0.14519594086704418,0.47280407470536456,0.6820324056153075,-0.3148730575937816,0.3021283061004386,0.12152260426728109,145.12283325195312,56.64410318112494,228.347900390625,18.63464786145477,20.42933786481252,53.50661192787135,-0.19559067220779697,0.4047942914498075,0.25753325724953574,-0.5068310504328065,1.5227474863406911,0.20418547586307234
0,Midjourney,0,7.710403247320365,0.17400442833861218,7.8546004207771105,6.883270867516326,0.12721006290559422,6.98377007341451,6.394356373979225,0.1274187546354205,6.520386816188507,0.8295017097218065,0.015162258215119835,0.8394717799407609,16.51922178376561,4.630828698465993,23.304162434649804,0.39348848951521787,0.04344402498972957,0.45204861770024674,0.09137541460445367,0.024483013515059535,0.1274376387348596,0.7383107329448311,0.09622241944738798,0.8406932515727275,73.84534670715304,8.95387097376039,83.98575907596278,51.551025390625,6.8722228889391985,58.9210205078125,3.639845842334303,2.444855102233135,4.767660221499664,3.0594406251228765,0.18847591187446133,3.2337430653819803,0.21090722053002994,0.36276895769165257,0.6371928977443946,-0.3713091659882344,0.19589198033546143,-0.08903841835252653,-0.2340827353416991,0.5467081938176441,0.42637704977303525,116.57382202148438,13.298893162060885,130.873046875,47.12453023261659,11.682842685041999,61.71651105162391,0.16977023435215882,0.37885364662224946,0.7220447885231125,-0.04013996763810526,1.3268527940911854,1.505430415706043
0,GLIDE,0,7.05896087846214,1.0364936408848968,7.987652323051855,5.676204039441433,0.959585191860114,6.422374811448053,4.687126583972329,0.876773395875735,5.4104342985906015,0.6600102016925145,0.04517876622050808,0.7215259325376953,4.7720985095427135,4.469246013898719,10.191373279635961,0.7081604856408514,0.1792440548309478,0.9550324793469422,0.34952095686456996,0.24479875847237462,0.7222771498950618,0.8603077151168781,0.08711590752222675,0.9484509165007515,26.05802242387607,16.350686227020304,40.70852510292307,14.746627807617188,11.0637080377601,25.84228515625,34.93857680402283,55.92503551492612,98.43194038682634,2.1318791614092936,0.7067641765338795,3.0098451442069827,0.4394704808212482,0.24414154789824508,0.6760054407248057,-0.3040974140775217,0.313723155430129,-0.03335860407298025,-0.8174974466023648,0.15434448159992717,-0.701036428650194,116.52772521972656,17.456407519415997,136.0806884765625,29.956904522878425,16.03962586617344,48.87269836970469,-0.8373089697809903,2.7280847317744747,0.774898422505276,8.6188463045492,22.767105057473216,31.684790479920053
1,Midjourney,1,7.114144472841943,0.3930522521048153,7.754313624691598,5.155326024282132,0.36745369801732214,5.508132486735663,4.116504136334498,0.2940959346544625,4.428489555704086,0.5785535253745714,0.023565697668814077,0.603521702613341,2.1821352419729467,1.5654522023090602,4.420665430524062,0.6368939632610169,0.10823231396373656,0.7719677616200287,0.1706662058741085,0.05314623281625399,0.23478380699006957,0.9313721367086962,0.020578265927629527,0.957975591097696,13.738011544924106,5.269714767172593,20.7933280117524,10.129974365234375,4.216193363910111,15.93994140625,3.1455081113802654,3.5206792437711196,6.808179611429149,3.119156122487901,0.24499491799452766,3.3590462407612627,0.3221611508756297,0.3848275247289108,0.8230424209735204,-0.18087024250288988,0.3955024280274523,0.32100486714262466,-0.8427472821181679,0.1673565379297731,-0.6206264643197993,171.2594757080078,32.090472413058244,206.720947265625,30.70246559207766,12.572315854870244,49.59819125758952,-0.5823974748022471,0.46769718440430896,0.05255279196111884,0.20435041716574967,1.0702214764151166,1.0287872672644462
1,ADM,1,7.332871451162092,0.4647835060794439,7.840202890322602,5.769296883207119,0.5604377195801546,6.417802377533535,4.757407237746179,0.5000864325401263,5.328075600083835,0.6475881625670102,0.04095545052767121,0.6842551469038138,5.509229118441363,2.4092964983457503,9.61256475970019,0.7166220601502905,0.06756446246593444,0.7984988651210245,0.22184683924706655,0.06186796958969415,0.3202437983850716,0.905355769566439,0.04877834629125817,0.9601272171020103,34.96639491175292,9.712510491462993,45.96633018030178,15.128662109375,5.181301829121409,23.9547119140625,25.10837710155434,17.126307785374205,43.568304908094554,1.9825866323942003,0.4045587787737347,2.5014118326702057,-0.2567224000535116,0.4741325710635592,0.394509983062831,-0.1309402905503414,0.4851037433665508,0.40463317002973176,-0.6830498354722228,0.28041491803817253,-0.33088919360799385,119.45207214355469,14.86630671902474,138.6373291015625,46.18134259201304,10.61729351621612,60.51630933354734,-0.11435513568090144,0.8851999844895,0.8895044749862094,0.1089633225888855,1.9979570279019896,3.181755591926554
1,GLIDE,1,7.585238310959648,0.2007613351648616,7.777598714526605,5.284897942260393,0.2630007636708106,5.636281883140943,4.042252573748878,0.39676319650855346,4.546885715711287,0.5329093477881199,0.05014056424123825,0.5969061885592527,3.521230392475281,1.3892751339543397,5.085437531494081,0.6692439532848125,0.10583165407187643,0.8121082745469779,0.2305282008010343,0.1369498366560531,0.4229373797467488,0.9606291656746031,0.01942679376969911,0.9803712576096195,14.033654486233045,3.538644284051953,18.650487973687877,8.384597778320312,2.988326336288347,12.697509765625,15.150313225251953,14.025603260882717,24.746928254564185,2.4356065338129254,0.3887467403893724,2.964634187586771,-0.09590165690634529,0.24189903363876283,0.23563403896857046,-0.2949025261579436,0.38834208079086824,0.30858657172567067,0.5012200421004048,0.2518749254770037,0.7085743830003515,106.64785766601562,47.45342592379125,154.3306884765625,56.67022226454716,13.119334757442429,71.56445281604357,0.7203536631868084,1.0725112162533572,2.2304712786186798,1.0492521702832263,3.1224524831057594,3.820688256519903
0,Wukong,0,7.1359147162382515,0.6801153895019332,7.681414689962273,5.860511665542371,0.7448249464726155,6.3766152351016085,4.968054204417985,0.7580713400659341,5.634617546441569,0.6923115447025261,0.054337383718514716,0.7509024189977246,3.3881207286155215,2.39086745989427,5.306312397644245,0.6925943812149197,0.11303082591657504,0.876169072455989,0.26407381429388155,0.12425353697617882,0.4982302983206093,0.9652785788135182,0.03147086763333985,0.9879665590970416,26.181733890069808,12.830067640211437,40.308096750708486,15.336654663085938,7.8364981821862,23.3465576171875,9.107313544582915,5.281868762683985,13.542483309523583,2.5208049111276196,0.3012121498217879,2.911384838863822,-0.4535713616342267,0.3046487549637597,-0.16524515197900036,0.2747069908539067,0.47455417961612206,0.6766071428377717,-0.7150920190986119,0.24780128492100692,-0.4262452182816885,159.37342834472656,49.887915973410074,229.81689453125,65.2313861121346,28.409171546573184,89.40213148157976,-0.7642474838983182,1.1058535030886112,0.363696285485664,0.862537147948502,5.634773451732144,2.234363058056053
1,GLIDE,1,6.262681015463823,0.5564846606971771,6.761324047878992,4.226788431732162,0.4147313546610125,4.719366219608583,3.3434970153757853,0.14745566354655115,3.5207049552003995,0.5368995108358132,0.03833988694543991,0.5933191801207667,0.640043466750126,0.4796702079183301,1.271866240709247,0.845241232291027,0.06034161836246178,0.933269048360085,0.3414629685699224,0.11097004555189846,0.43156810996928985,0.9623009726581293,0.01677811697302717,0.9860569680860274,5.960201831912051,3.078685566903761,10.427938872991824,3.5682830810546875,1.5899176116927392,5.7469482421875,9.844769689233942,7.629590549843157,18.847203580385298,2.4824919666347793,0.23628397951315677,2.7931213564134225,0.5941198448802163,0.2620499116219123,0.8781895043086901,-0.5776558648990834,0.29841893329445035,-0.20260634757948404,-0.8871298880364962,0.09895269158287462,-0.7597694612323762,170.856689453125,35.64635536605668,214.6572265625,23.323192995627227,9.437688646981792,36.064772029524924,-0.6098358659871175,0.9481794292199957,0.6430007679709462,0.6953682690127532,1.7506845959004373,2.3009274787888727
1,ADM,1,6.692252960208204,0.829235991614421,7.37244928622024,5.702416681634072,0.9873890792266363,6.675614642607554,5.328565925229965,1.0037426585206284,6.33074670516023,0.790752511779699,0.07658611057796179,0.8764469952449528,5.684130441094264,2.7700425211067796,9.42068265384858,0.5975604629406074,0.17869241734314292,0.8636618503998182,0.1872277207672995,0.07572625028409426,0.2919236981972379,0.7231407350262347,0.16606494934079358,0.905603372470405,45.05348878148629,14.596496337964018,64.00727346744682,25.33697509765625,14.216071163777896,48.087890625,13.455354405491104,15.552208011511707,40.55309700085397,2.48117948680804,0.9589710167966687,3.363167098373741,0.012764826012930122,0.44402181880265973,0.5177250855845216,-0.2079418189433354,0.36636218219516425,0.21476428786315738,-0.560535280480413,0.22907251100990486,-0.2913973235167381,134.28958129882812,33.270381490442446,168.141845703125,30.37805392173395,12.459912774634608,47.86813070050446,-0.6891646529767512,0.8061518190523302,0.21299832462605056,2.6485706298887455,3.7915628835904243,8.221376030741412
0,SDv14,0,7.684877159079177,0.3207584135738079,8.097121540513392,7.05470690605763,0.29010922482175566,7.387251128883622,6.81281749030243,0.48401262254913874,7.557882296738136,0.8874141405300661,0.0644272644985764,0.9823499998367626,37.24383091271815,17.936882626529517,62.8815591340704,0.4279027421165643,0.1085024388952469,0.5396745375086107,0.14677315208289454,0.09644797249036727,0.26892561874323456,0.6651830837382762,0.14386448557396958,0.8266612892983042,119.50619220234569,44.69655891550973,187.0572530799249,75.87319946289062,35.1184268985046,132.34814453125,6.878729792164464,3.975459891050561,10.700502274756007,2.81391594831603,0.3520006677965673,3.3491926068583817,-0.0157183004107758,0.27344871859862274,0.4300111860020728,-0.08160806821973464,0.309484196588431,0.18388118107718782,-0.8149147685476219,0.14855834409949978,-0.6668506721578005,107.02015686035156,40.625898461674154,162.5283203125,61.20647550240247,17.40793640474279,82.78810128358654,0.5936749437300013,0.8439821786824376,1.6627417804873366,0.7250325188708416,2.2970713296640493,4.068982845516114
1,GLIDE,1,7.224254813065734,0.3608316388088026,7.523284803535651,4.976160366699183,0.4598508197678036,5.484735388518785,3.917549647691021,0.4846426102280036,4.493480870921253,0.5413544110718569,0.05224215327008491,0.6023035521841469,2.2201866713120446,1.0482315529607955,3.608610284391541,0.7721996826747121,0.08370066600455137,0.8893417591431643,0.2941145144354135,0.08957121140181941,0.3815730013649513,0.9794923729967311,0.011611750676345638,0.992408119076486,9.606781679743374,2.691483938818396,12.201311312900554,5.1499176025390625,1.6454829329440748,6.5430908203125,15.514652947253582,6.487503131208347,21.50029618489939,2.2723284061718667,0.30415424552444786,2.56194780558931,0.011680551011735596,0.3774986427445791,0.5116767067213136,-0.08115731172938175,0.3206141803443841,0.2205957507138707,-0.550540469135465,0.33266883390900054,-0.0011184034522047637,107.70751953125,57.48314483711325,200.467529296875,64.2551017886613,23.007723174788104,94.27966236302605,-0.019541688964568024,1.4159161083293241,1.6722095677743245,0.7923243614025066,3.2921770520927947,5.199581822705485
1,Midjourney,1,7.139033308944273,0.34266617889724305,7.514590838077841,5.661817530040948,0.49993491065488055,6.2539034099634385,4.81401979690551,0.5175126064054926,5.306496160373293,0.6728627126678016,0.047092564330345914,0.7185345932408836,2.5076939051083404,2.3484714718965796,3.9797158446712033,0.6913978656769563,0.13091637847846327,0.8234147867444829,0.23868817162215103,0.11485876489913632,0.4016694709754183,0.909755356002536,0.04503151624298346,0.9601837593387716,20.890820539667832,11.421670749627951,31.530574682362545,12.994873046875,8.561944953129501,21.36572265625,9.3073817944878,5.509908640788671,16.16540743582252,2.6086119805722197,0.400273829645815,3.0208947988201804,-0.04096786506978974,0.47314228407206227,0.5913012460148317,0.048941638223897396,0.43606925126336005,0.5999455996874767,0.028687253157026214,0.5233008121332577,0.6589684830873184,149.24569702148438,24.411901228779826,177.803466796875,29.184596501970177,10.346871581395385,42.05195257346268,-0.08228744287821861,0.8031235111848894,1.1096799924115663,0.9504053080361732,1.7717036120287153,2.445534685169852
0,GLIDE,0,7.34999026528079,0.38618116550864257,7.734032841914025,6.589879881215017,0.5166540708633824,7.015590321819024,6.194838737083165,0.6054029985212638,6.734907999968515,0.8414601521060652,0.05370300184351286,0.9061464267436439,9.86620712376386,4.848253053182439,15.239591698948106,0.46549414988771204,0.17745017819098177,0.7034456933480034,0.15789618774644432,0.09225153403140017,0.2744221899583356,0.7088824798250322,0.26037822097132785,0.9555396591664138,61.88760795969628,24.77185986495278,88.9658644364184,44.421234130859375,21.048490712353466,69.378173828125,6.939107250232814,9.573446166415497,21.789409187746354,3.0180637742392333,0.4914881405409565,3.504240493261091,0.03454264124327883,0.42422058865024087,0.6297446197156469,-0.49976439773632675,0.353278474813897,-0.2023988243476893,-0.4225484628712054,0.2848783927358816,-0.03061764761433556,110.80148315429688,39.81249269883972,155.635498046875,40.897468517948056,18.593288670222883,65.09041179646636,-0.06463764502057895,1.4373587031653354,1.7002332378494587,3.0120670974064896,7.649841091161042,12.223042319846265
0,GLIDE,0,6.466946048063033,0.8550356712159791,7.4423014130012675,5.672538366422801,0.7290014300156139,6.528885009558513,5.023410518931064,0.7172784767830372,5.892557541540881,0.7776384917053089,0.05251636150688182,0.8353878716485865,3.646252905820894,3.3916625964307183,9.108794820011344,0.6906822974890102,0.13936060237355563,0.8767801292525639,0.3121758875284977,0.12093680315840004,0.479927790965706,0.723150119763208,0.12686725702009857,0.8396904970113916,27.861471536587807,16.866967496306824,51.31693230680566,17.5892333984375,9.636314408347712,27.9229736328125,8.487205092775763,14.039829693295497,10.940124501082206,2.748871215108046,0.44330266406991187,3.229611231504392,0.09985308006824213,0.6101088469802266,0.8000604276844847,-0.03493946240785459,0.5683676681421016,0.6104259379252985,-0.6696994102345156,0.15589503330221813,-0.4553796040067126,138.620361328125,27.04934578319724,170.718994140625,18.519518570261962,10.839483260181575,35.14023897439624,-0.7628481560565415,2.05175177214298,1.0956655057214209,6.634281714373158,17.565523596274897,7.659639034022879
1,Midjourney,1,7.110831269462295,0.5120039426289822,7.639307046712879,5.66178951434271,0.37116845390175807,6.071920405138476,4.786199970296751,0.32250052940116913,5.134902471935954,0.6738062491153394,0.024739215661753834,0.6985123136004252,4.742625895120783,2.9613179749842606,7.7302605938208675,0.7097466180220544,0.046553232071751216,0.7505608914562069,0.25609274477934985,0.06820455243361012,0.35312187455181965,0.9025382652244647,0.049351298969988085,0.9624633022573194,24.261184577272264,9.379828456732431,33.30939702922183,14.390960693359375,4.666301790274819,19.2166748046875,7.471930351597038,5.623884549190021,14.69015650833849,2.7396669634254067,0.35242438195741066,3.2359665644779794,0.11034000337622156,0.47412255155631944,0.6421736097131889,-0.008358743794316559,0.4815060871283305,0.5860268645214202,-0.7875144780189982,0.2547038577166792,-0.5080324142172428,114.08761596679688,29.29156382748757,143.5443115234375,41.64786586583237,19.222477431817115,57.976310669347505,0.2272480953397656,1.1478176355957743,1.7180162951662434,0.6447984355886403,1.1818155073199772,2.055869115945199
1,SDv15,1,7.66099400425942,0.22683207263377766,7.949790911247005,6.2537549615250825,0.254815236307276,6.59893176197469,5.396826430535709,0.35438611022510463,5.912116239174253,0.7050524384682524,0.05021308566892447,0.7581564860760563,7.231209599001644,3.201392624158951,10.988808775825156,0.4519354986716545,0.060120911412000266,0.5478144498618305,0.12926774416646042,0.05328223869784141,0.20821618524547975,0.8429698134273045,0.10483521567086382,0.9340154258907796,39.991682888446185,13.037178422946083,59.132399241457136,28.782821655273438,7.947617507314766,38.2425537109375,2.2141629892239845,2.1366394863926206,5.024541964798065,3.202240242522384,0.2147229263389946,3.4625666299358375,0.3579578482360094,0.38152270453966836,0.777965585765237,-0.07708030495121121,0.5737015793907211,0.6712784333961888,-0.4895537973125144,0.28289827250900534,-0.1308597830957921,72.25570678710938,22.239305593215395,95.57666015625,42.3275478775155,11.681145326743602,51.51185216942163,0.44995860566142454,0.7284164114268961,1.3054761189196458,0.26786750168101614,1.8735310428687613,1.5609696091458805
0,SDv15,0,6.639108861703545,0.6878880701801565,7.600565638425198,5.590375834260155,0.5392488062146555,6.344967283915576,4.6881900932742955,0.5462868101051417,5.466361556053806,0.705699034689683,0.022807068573568103,0.7308733594160141,3.3467168406714576,4.214239925403176,6.729583963214922,0.6845382657378067,0.06674035413841427,0.7913321945392133,0.25376523004853113,0.059159948398223916,0.34058133474164287,0.7788623595736257,0.11819615694871519,0.9505086896509194,23.875091798605144,12.994768008322627,37.638616198835194,14.74041748046875,5.974725708728327,20.2724609375,8.561649532086804,5.122722222855234,16.248500748170443,2.746361305338522,0.3349325074194386,3.2417234515490643,0.39050175671943416,0.31784560496967224,0.8434561710379356,-0.5581336202142778,0.21793979400300936,-0.3234456350051977,-0.8266695389468475,0.14833472497037015,-0.6276978251071261,95.27232360839844,26.492278515411165,124.13232421875,24.82790221188278,16.568660323175727,47.936333865879035,-0.31079204943277755,1.0218286764092528,0.9807209605592593,1.859956234350978,2.219135810365162,4.408915223033922
0,SDv15,0,7.7658281390258255,0.3010463164720193,8.101343596140495,6.8555016866860985,0.320300973379576,7.207103971165827,6.19524950079686,0.37970709986926526,6.646459200951855,0.7980648853174754,0.04465512392521403,0.8558234958739123,19.244214193200456,10.936532894510684,36.57258647093105,0.5259337091580549,0.11265445819732842,0.6587894873625282,0.1825896965352964,0.0688678115061936,0.2791859392534607,0.7704986804312887,0.18801247569993612,0.9243118139011135,73.61504560926447,20.993848069219027,104.78238284198862,44.28082275390625,13.939861734849321,63.2347412109375,8.782690850530823,7.0939493863355345,19.241668194917473,2.6337072568473254,0.3407173574082434,3.064814573898369,0.12036408626318895,0.3876018025219896,0.7738881719656567,-0.12400660483734106,0.4635385955505599,0.3994139970500199,-0.4523863840632648,0.3345561240482332,-0.046246576662094474,107.31539916992188,51.79820055681411,188.3052978515625,61.02411369211565,22.87905353971653,83.19268928865381,0.09380487783278188,0.7147423536467771,0.9361241768752563,-0.5534990664626612,1.1977043068004365,1.384935972346545
1,ADM,1,6.710438797435433,0.8499868320779185,7.328574042415758,5.1767420100089705,0.7644230548640473,5.8353218379834155,4.305183290664063,0.6452315274368334,5.020151957963353,0.6413785849176532,0.04286003955283421,0.6974202788612971,4.861397202833682,4.646751773483665,12.032401010172595,0.8072916304685747,0.08599930835499844,0.9143747681914496,0.3411934094528961,0.18277938234933597,0.48678311534375807,0.8812968740642864,0.09581615158761497,0.9753926604446144,29.3969450388211,23.016242205431492,61.953260196120496,11.406234741210938,7.883793597073588,21.8492431640625,26.441857880975,22.756799553531085,33.69231027941178,2.0248674547020933,0.34363535552176855,2.382163457247091,-0.3241056457338068,0.374159288172867,0.22234956450482649,0.2445079085574443,0.3436060981421056,0.6406441195305159,-0.8182869035280746,0.3143106278304074,-0.6827320591787114,156.656982421875,21.79362066151639,180.682861328125,35.16444305009297,14.45965636399937,52.06488767608511,-0.9747815533369382,0.8350260338467546,0.01624644261877914,1.7354310312005738,3.489860435229557,5.579057888828585
0,GLIDE,0,7.5777559827543755,0.43782779015732604,8.150572430606005,6.416691287961923,0.3565365583693388,6.854608184677042,5.915660744761981,0.3521716903791029,6.34150015481881,0.7808061087160809,0.016754603430370975,0.8085714191068208,10.143316267479227,6.3015893405886985,17.0353954081633,0.6254185610909531,0.07364979597956428,0.7042332676931055,0.3012602624399795,0.09625199716485455,0.41954350280042474,0.8430530119042277,0.09780269597119201,0.9312956710274866,49.90478512133969,17.8491982921122,69.49999921345332,29.696304321289062,9.709877381907141,42.6685791015625,11.930963001486958,8.844547540841962,22.693080728288543,2.6023872761580393,0.3270526635420055,3.1050382063961273,0.4061959995779989,0.6211401375640218,0.9470400652115261,-0.5404340547278903,0.5294659021306651,0.10593141463902386,-0.7602927608281489,0.36279296611126516,-0.3178033157042491,54.02630615234375,28.262826165302698,89.4444580078125,48.49988930211008,15.108120187261417,63.40987034716779,1.0755525387594662,1.769884919474569,3.66412836987931,6.127759857264102,18.017321771577457,20.37219086526055
1,Midjourney,1,6.72606399417391,0.5532645924452714,7.349825705821975,4.898779679000923,0.4921711317867542,5.446899244461224,4.0161357544098415,0.31314949324601793,4.3782166696774345,0.5975376265618036,0.015615420425051804,0.6143442926152168,1.0040657502873835,0.64720363840938,1.9321460065507687,0.7980121481928208,0.07657494730203164,0.9028710789871504,0.28711928425804,0.09473895260024202,0.4334056806061607,0.9579592062806135,0.01657234469304594,0.9750486825613139,9.276635935280865,4.126282566061753,14.538533745670419,5.6960296630859375,2.396251532644103,9.1302490234375,16.00987886000041,11.676621091848277,33.16393948487737,2.521047979091852,0.3252338042496103,2.9366979005972453,-0.030163275067428316,0.5557289344025516,0.7362264149194098,-0.08486756668207021,0.49005732077048003,0.6265022262600671,-0.8968742391399069,0.07917766066390176,-0.7813470140324488,117.81831359863281,34.29582514961498,154.7591552734375,27.15224151563922,10.556250090791194,38.75171409531543,-0.5289772101507946,1.0294990922957716,0.4505089615272032,1.2114570306488073,1.6122320015011127,3.2662786978454763
1,Wukong,1,6.925647628008429,0.678861314753032,7.564128213354309,5.465657318976801,0.5428830573957748,5.919451057112868,4.677950262678015,0.4598535436185119,5.119269111500481,0.6764734137728936,0.0365755835485386,0.7238885201738938,2.101926281218506,1.1491907090489037,3.4466652691169073,0.6956922126919756,0.13657247079844956,0.8808019510835994,0.24119637248160747,0.1579861508878099,0.4729813538703198,0.9362451398348628,0.05105169931073189,0.9866319589520554,16.890498883263994,7.216431413630105,23.74572258217236,11.278884887695312,5.49955244012422,17.6832275390625,7.216318233556161,9.916476019787412,14.23655920850618,2.828845392634558,0.4204639462227618,3.2531264447575388,-0.05943094889970153,0.5152109473130384,0.5842086678996109,-0.5258059220932919,0.4645392587608853,0.26039919995654476,-0.3241211778389606,0.3506661117353872,0.14359065378384203,127.09886169433594,44.212120190190085,188.2608642578125,37.45295211903881,16.80338972124174,58.39729861792925,-0.525667655587467,1.0108051279951373,0.404720500942768,0.38379949610444997,2.6114660032981467,2.986485113138672
1,GLIDE,1,7.169486843093498,0.27504145471383395,7.472422318513372,5.039185174145929,0.27819473111344645,5.390041857258699,3.8071700751385436,0.27842640323780343,4.06399091661266,0.5314303046409002,0.039438830111519024,0.5915859422839814,2.0912624598450504,1.0050917588660269,3.299061378023434,0.7190298904526032,0.059884367910545244,0.7727338317968446,0.17267484297257116,0.04392146843090035,0.2286318177547356,0.9767292630747777,0.007361581233000955,0.9856104003679169,10.377287752020361,3.0067474359683137,13.561839808396588,5.7408599853515625,1.5777769577633047,7.5767822265625,26.432140820054247,29.828133436138298,34.9604097001548,2.3219919407283998,0.295525726355932,2.6777434638666575,-0.21332096979746024,0.3845121980616372,0.36530487077218654,-0.7602533463713258,0.18805317958741452,-0.5893309707903389,0.26057005252951493,0.41117874543955807,0.6670246804815249,109.14598083496094,23.589000791617664,132.42919921875,54.01123285352725,17.033680753467863,74.88273213877576,0.38709706586866205,0.5670017418911641,0.99104185126259,-0.4726069969411967,0.8929669344915747,0.6319521325051021
1,Wukong,1,7.967282194867449,0.38182729671243026,8.434507024275398,6.45223641829141,0.37939982668051525,6.899360356138924,5.755617468478924,0.40639671488707807,6.292023836735981,0.7217349986423724,0.021872378250864317,0.7459850048423626,17.00165048658353,7.407134724753147,25.10440484063997,0.833569486101021,0.036042595189368115,0.8830571036088578,0.41092056343519934,0.14129994380117689,0.5833411690650101,0.8916849772069952,0.03366984981340262,0.9316228994385867,52.33044345441755,14.007153036110632,69.21062892556097,21.042770385742188,6.419441713051765,27.39892578125,14.199887400843213,9.686492231296086,26.004978657248355,1.6187209617698302,0.27355217613100113,1.925446439447145,-0.33171150284351725,0.4102177932745079,0.284703243477522,0.21392287135506677,0.4335819671423242,0.5748612185196804,-0.5625381466091564,0.2899405801932464,-0.21402344451163724,148.88067626953125,35.511723020658444,187.41650390625,71.02775963807971,17.79037448813822,95.38114223564392,-0.7227745931813663,0.9064725266832052,0.8685108485587328,0.19551263278825295,0.9934691742033237,1.5211886028639716
1,ADM,1,7.352293786221977,0.13818951628529652,7.5123487127552515,5.130067653329148,0.2052271953105037,5.36457742005281,3.939789411376628,0.36961218584079014,4.34949709032731,0.5360357095272987,0.05193275767751474,0.5807856046164921,3.583248631483846,2.064891275452682,6.803230406746033,0.6553976494100627,0.0506954667945856,0.7262638605529621,0.17118683574602622,0.038438989230449604,0.22332987837273732,0.9490554249179872,0.021582871680178816,0.9682330321320466,22.145261511320232,13.8899959694467,40.768226695253176,10.157669067382812,3.0959452167023196,14.2183837890625,20.345771551403686,21.796854781887696,55.13627703010769,2.429551338757756,0.5634797642060327,2.955099845776582,0.0670386153397168,0.27663829143663654,0.46556382387168227,-0.3053013886168175,0.3894243905625159,0.11236927134773683,-0.7907177848061087,0.23910354221737504,-0.6235195872122943,97.21395874023438,20.042744627452993,124.0380859375,48.40648691488286,16.70591034370592,76.81559109427852,0.36944806786645223,0.4698654108030368,0.8912985943225202,-0.3553914876870028,0.9675251382853935,0.9080275131090569
0,Midjourney,0,7.443438140000447,0.638576553833537,8.02680062596245,6.708312796973649,0.7093513900453757,7.496663320759193,6.257419612103914,0.7861449646254131,7.136172814053383,0.8378038373299328,0.045264387603814904,0.8889050919243244,20.697339869831083,19.86186959381462,50.12298536312685,0.5375456176232755,0.18301329232737762,0.7717424923277161,0.21640281859149063,0.1328139738865914,0.4123432759546596,0.6544790235126972,0.15870967652989865,0.8542525052187373,77.88736858634019,45.30658960876761,144.08167849533527,48.99125671386719,34.81843970707986,99.762939453125,15.187386319786473,23.01339772785357,33.5980017167652,2.609661507204721,0.6230909198820622,3.2927046052908095,-0.027271147514046475,0.2496399602278093,0.29953830668713083,-0.24678502097712013,0.25200513556238885,0.032019852859043324,-0.49203885770685746,0.20706862032311615,-0.30911679275824855,65.24839782714844,25.534597272558045,96.2783203125,40.16937450436548,16.89774802172332,57.89592516985341,1.6620732757248409,2.1288641360962717,4.20716235371233,8.434593944619778,21.32080083284757,22.64794915728534
1,Midjourney,1,6.875330267847765,0.5957206653146415,7.749011867527441,5.263093487811142,0.34949728854732603,5.768744337742945,4.214177471947815,0.3080476326988383,4.645538645026299,0.6143261557477084,0.03019748149435329,0.6505387608372646,17.076890579727298,4.464017609554422,24.119577605347743,0.6106877598558387,0.036065149627965885,0.6487175850027935,0.3598195559246823,0.09422952892978202,0.44596480370643754,0.9209591885590357,0.026751491088379452,0.949068727676046,35.66093576155081,7.091341057798858,45.66144017251645,23.197952270507812,4.80814508396319,31.2027587890625,2.3394849392166472,2.1147481383899622,3.529192926355745,3.2063317286669175,0.18591075570035118,3.3929457589908827,-0.43612039131550107,0.22874346792265116,-0.12206377292448328,0.2375502188571727,0.1870819808442316,0.4159704698505777,-0.740056609258712,0.12443882468058196,-0.6081739007993852,81.90054321289062,19.622686217607292,110.6531982421875,84.65431655202809,6.15947196423953,92.64787095809157,0.6173030311070066,0.3881479890453734,1.0423457339029327,-0.9663664567022139,0.5145620025322725,-0.303752679226756
1,VQDM,1,6.903465452767864,0.6143831639781893,7.325444185371632,4.769343301595107,0.4706675465078633,5.32084186686788,3.8216373779427375,0.3883466921904959,4.393446015337376,0.5554658999061349,0.04850435759308804,0.6194840170587449,1.770568709254536,0.8374918959717919,2.5158302036092217,0.7260057490321862,0.11127197653823231,0.8911497425968058,0.26895021083847503,0.13484930999350356,0.4537579060126368,0.9789009834253152,0.015877066973441864,0.9907040505387572,7.300354813975241,2.3831665698858457,9.768066700297329,4.615966796875,1.6331399219712999,6.6396484375,13.678316442807933,12.529451186355406,34.42483517205557,2.6168646647616836,0.3390479895952861,2.964856724070981,-0.1352287139719874,0.23286945098642853,0.11795611315803525,-0.047574557484492005,0.2695246925246365,0.2925700556660282,-0.20235261515226285,0.29049016409761413,0.1332311530650613,122.74720764160156,43.44825569091135,182.5482177734375,57.951655142057426,21.71895285461599,81.06695067753998,-0.4448571904861688,1.2388438711034557,1.0516045385357282,0.6997585969457205,3.5656350041465172,4.035455059776429
1,ADM,1,7.353986686429855,0.7458403066056712,7.952906748533998,6.063437561097441,0.7322605116039248,6.633973043696905,5.315606295335273,0.6410343515444837,5.834579956277194,0.7226375208078897,0.05670888234954643,0.7554992449558368,8.817308198597733,4.953431568415913,15.072524959057713,0.6793839156259841,0.13984766213196714,0.8939795024677902,0.2731172898890614,0.1742598856086327,0.5667862522461433,0.7811379474017087,0.18912924326052852,0.9421684852982434,46.66917497936267,13.593608660324852,65.39049231587535,22.656631469726562,9.496961691647089,32.7476806640625,13.840293731439996,10.910373414803507,29.184511783883494,2.1835535236130865,0.7529055093303779,2.837439209495649,0.07584907214851459,0.5811551008328629,0.8859513681425408,-0.06505900601441093,0.6263713711808521,0.603833364516984,-0.90749651040119,0.0749061712290856,-0.7922043176659977,107.42343139648438,44.418799442956676,174.1781005859375,44.913766639491826,11.782563362544199,58.86138473764042,-1.302777711239088,2.47935836812728,0.4325888813827895,7.12947198483895,14.405603631676343,23.93683526704907
0,VQDM,0,7.055243443309674,0.8796120738968524,7.863112288169489,6.182613033259933,0.7969289004764875,6.991796089824729,5.589269382744607,0.7101256059338535,6.397899594352247,0.7924681567154921,0.023399792924967914,0.8176782922869749,8.355610842427268,7.818808683093773,21.596751287320547,0.6287353988465305,0.14742346047074636,0.8210136861457547,0.21852001006561736,0.06548843589081418,0.2947039847634282,0.7955589986606244,0.09365623645184672,0.9118187600420378,43.89816659858904,25.58814696818352,78.89216506622665,26.6943359375,15.935905756873412,51.3970947265625,6.942669620832136,7.188772746242971,13.768299617248985,2.8069111236331383,0.5196511030014943,3.406211479759884,-0.3110803917887697,0.39610628723289565,0.11949834791308438,-0.284055655414979,0.36350969245519477,0.25921911459711977,-0.43144121837875615,0.3596722899533578,0.013030884103223846,108.62513732910156,39.65707195380902,153.2589111328125,31.400020526878365,14.321902344765721,50.60218616114014,-0.007916163059340842,0.8726099057075881,1.0985963658248947,0.8417062785381751,1.7272515526528518,2.92801748998898
1,GLIDE,1,5.434513131718063,1.9518723100798765,7.805959052222205,4.19637391602422,1.0782888617976907,5.6123939335350395,3.5976916130268553,0.541236834930306,4.388151920311026,0.7259684140075469,0.1882851441083589,0.9732039332223233,1.9783961689421137,2.874836732374541,6.261985957577474,0.9103158926950746,0.08909301043925187,1.0,0.7002021283066391,0.2989066318700419,1.0,0.9233764815141656,0.18947780966361685,1.0,8.446887549239989,8.685581463624528,21.452932418260637,3.993560791015625,3.2814697553921874,9.0372314453125,16.199513395169173,24.459122757742794,35.971437775360954,1.980248677641376,0.2938867592085454,2.3600488310826524,-0.14515675822035679,0.42468806341011994,0.40725408905859395,-0.3421714747117064,0.31038356554629093,0.06343909401225997,-0.2960965916118858,0.5131589908318512,0.4190166238034024,222.01976013183594,40.57091629278241,254.333740234375,33.029871069043814,34.549301647689894,80.70780542629052,-1.44806636269473,1.8943255340514817,0.6923983889540053,6.35692260051725,12.051202089143189,25.23473359423317
0,Midjourney,0,6.774270477804357,0.3264862358172404,7.180323012702652,5.950361884483029,0.4976134060055321,6.514145617942237,5.476142889896335,0.6336147277789741,6.22667858806772,0.8072754153219681,0.07563194084501859,0.8893319813079124,2.8181969221427,2.241396884497941,5.8209610811917365,0.6301159656594368,0.12167340893869177,0.7471189484886311,0.22827360757076007,0.0735473099718075,0.318847939739772,0.665009820648029,0.23577882579307397,0.9500767437453621,31.55439335436034,16.050981395540703,52.9720516139668,21.111404418945312,12.355642007474325,36.3204345703125,19.79952060664236,16.788931071464777,32.59561699581407,2.5383067477474164,0.4266280115201618,3.1946443882718727,-0.02653960855589356,0.4773318519260969,0.4711570538966628,-0.27158426587116014,0.29742392623431735,0.18947893371563448,-0.47622883011264416,0.46346406311207006,0.2953187454996084,63.13230895996094,23.037839037649036,92.1776123046875,18.884960262845258,8.487239639823919,29.000447994349834,1.2427741910995609,0.9599992875928568,2.5438674053286725,5.536344556152562,7.160317224817017,16.108559236857666
0,ADM,0,7.728579687398428,0.16541994119480793,7.902203103152953,6.433412404833279,0.15562657050691328,6.6301264467336525,5.898224579635027,0.18816878017756186,6.164874546306963,0.7633235083405885,0.02366128306818886,0.7829009589083848,10.125068524226837,2.6011109311398832,12.397342096560871,0.452933064820512,0.03935233938830587,0.5032017113116334,0.11597351947752603,0.030668114644054053,0.1521624804711688,0.809941506193592,0.07883582803151012,0.8978264360318369,51.96730170995511,8.88366779105954,64.77344867130606,35.486236572265625,4.836133977472293,41.158935546875,6.69834561796313,3.8033462856870814,12.225074465374417,2.808828290930667,0.210848740679262,3.029780321673888,0.2637225811376547,0.22426571240130383,0.5577614307929532,-0.3128998849835285,0.24806297047164438,0.040398782617427215,-0.47903604069901123,0.18224802630579215,-0.28908023192640797,82.55787658691406,13.29604368812571,96.9730224609375,43.50076507092841,8.884598036625473,53.99159567181828,1.163151463081084,0.7041717033398129,1.6894163352219076,1.6809597763012032,3.4015051598909456,3.7214726994755747
1,SDv14,1,7.395103088425997,0.40342803538427763,7.727065699739253,6.0024774620812185,0.2693136338788224,6.289117386820143,5.169764835947282,0.20716583833194782,5.41264283227483,0.7000079656751356,0.02478368477399894,0.7224124336801727,8.179099200444075,5.589294881872974,16.09687480316203,0.5759009720028532,0.0638189947338031,0.6599218573329216,0.2035433533505418,0.04575589340215765,0.26332865216767143,0.7950978420549717,0.07868853314586877,0.8837147437151871,34.06472003101486,11.161959156276293,47.826284319189995,22.833724975585938,7.437046725656152,33.0108642578125,5.984460286458683,5.282456927432405,13.487919110662297,2.9460513912274005,0.3129830327609992,3.347285638225041,-0.1601930805716459,0.10797607816093573,-0.022855179210339756,-0.2417893999526452,0.14506896282055554,-0.020458865975003758,-0.0831009653869375,0.13802827062107317,0.1253712684537932,129.68507385253906,27.433799479641944,165.159912109375,36.096681955782216,17.170438613051573,56.622417259195245,0.6266198915660581,1.1588490642177662,1.9502686014906416,3.957591446489089,4.416760131675224,9.3959245902182
1,SDv15,1,7.614570225007961,0.6308970534722814,8.25990773483386,6.2761741040324415,0.6051028148134082,6.933957137255396,5.397776372563857,0.562446305056599,6.00481452566666,0.7079695327586186,0.02985766817788548,0.7420931476639236,11.379898128956466,9.006762213802336,22.408219364134595,0.70527424339739,0.10423216915191676,0.8371977912354902,0.22576192209214124,0.06766038290780092,0.30904457545469266,0.832410455980304,0.09778058029656683,0.9609817025729538,44.02084814056468,20.721429700388303,71.12870695369648,21.553131103515625,10.974613466302788,36.72998046875,20.237660145064908,29.512047992750013,31.874696572115262,2.154276937128594,0.44446052585039725,2.81149245234779,-0.29102602905492403,0.4697326616483507,0.24212360444172557,0.21071871385804297,0.5033933178909936,0.7405911773104483,-0.7400157199657933,0.2356895916574929,-0.36574658858379805,91.80534362792969,20.357173365283945,112.8780517578125,45.012366183396864,15.46227762251805,62.27830367260826,0.9918945005822771,1.0334810323835943,2.1805730272094834,1.8684310896733836,3.034771571918408,5.855530368363867
1,ADM,1,7.189104598407067,0.41985240418936204,7.713501768100938,5.586670352597424,0.46836012570209706,6.1702055570714,4.670835361084405,0.5095861300892547,5.214207867302099,0.6497929103398992,0.06186111253237628,0.705838321167078,5.855225286005611,4.677386648316167,12.046307122386011,0.6760394905229994,0.08081117929801622,0.7562956478847451,0.18786921649443628,0.055793470335446065,0.2596730256107309,0.9140079638975651,0.05291524566891804,0.9677450330196165,35.33083098077301,19.91940674553668,60.96424628279122,15.463607788085938,6.374488898005959,26.064453125,19.408631353899324,16.58619563286243,41.59648154342068,2.2208895643708337,0.767937080072957,3.069051748628417,-0.24990896609238297,0.43950744465709823,0.3122926616774966,0.14825366061429365,0.4780935488838297,0.6459161213722081,-0.9055979132361294,0.12446777877495784,-0.7304696754875208,124.04444885253906,23.743890189834403,158.337646484375,47.667198120525526,22.323983441938978,76.28735603338953,0.18682467980924386,0.5388886886255152,0.7671129569268036,-0.12321955692301924,1.0353890934600372,1.3477110389914193
0,SDv15,0,7.43900435312399,0.7501342157623146,8.105758855920284,6.630651010433916,0.606148463815721,7.162697219095653,5.803243782861844,0.4619751624576747,6.2853590966651645,0.7822529497712087,0.02592670744289191,0.8083856286166999,13.004049449640995,11.35771059758106,22.534989429799772,0.49094281318842714,0.1456992314217297,0.7139975955776534,0.14583379426522222,0.06470689815038402,0.2410975512340422,0.6766313844490761,0.10463762967264134,0.8214168962190076,59.75132848491168,28.95995257411467,88.11566194010166,39.752105712890625,19.90697697510373,56.3280029296875,8.071898898339207,7.672094979670195,12.324655359709038,2.8186131517532393,0.315653506154023,3.216880682218932,0.27824226169989663,0.2690009842314339,0.5997054230849113,-0.5110688665237705,0.215591866047807,-0.18148916076533228,-0.5692830529310879,0.1618254351677496,-0.35468994853076896,64.36534118652344,14.30570073395334,74.4876708984375,32.25612359155533,15.605280765779135,48.18333836033682,0.9803702125673799,0.687879844284335,1.9795333686664953,3.192704977530441,4.604653195104194,7.64924877867021
1,GLIDE,1,7.097792290517814,0.4776005936665535,7.686434123945077,4.9979986378626435,0.6011967500717432,5.627878408411882,3.9674619127319426,0.5827320193767089,4.605451591062689,0.5568922167408996,0.053076524404804246,0.6222181900727579,1.8137494291698177,1.4662172951833146,2.8606116347001773,0.7582427887048301,0.06559523685203984,0.8226159303772417,0.279719762889482,0.09837723822855678,0.4038158095891307,0.9718416558155814,0.019307361789613387,0.9911972877630223,8.79596060562543,4.298783071033663,12.226830489843085,4.8712615966796875,2.1214028878186912,6.8834228515625,23.968189812214515,24.00049302257602,36.52564262713456,2.341194679470921,0.28288509569996256,2.7676988699544953,-0.2796614518962454,0.3729642572318969,0.16741607271944522,-0.5905078584866359,0.3195282795707833,-0.1925658458253956,0.3107422533487471,0.42471748273082915,0.7014555652181658,98.7169189453125,46.7721984011654,164.923828125,52.26094986455091,26.362025701778045,87.3897234735712,-0.07464499332009342,1.2828376406037734,1.7050529805098653,0.9881431387970326,2.7472120638599264,5.152787552671599
0,VQDM,0,7.472130804976082,0.2824536461057894,7.809148681513846,6.529334571668545,0.3277713914150585,6.973329141634018,5.7190661592792225,0.3698489076415503,6.257209808047289,0.7649217031359472,0.029898144219911178,0.8017575664908717,22.916316910155302,24.68273461599698,51.38159505700441,0.5307805189617675,0.12933927586675714,0.6526531022844135,0.14610540462573662,0.05481514377005509,0.21115176263812274,0.7138164571813959,0.1664825299969604,0.9084210796024488,67.93754245201691,33.570595879940186,114.49248579385615,44.0179443359375,30.528831975151334,87.95263671875,8.682533252741441,7.6160109863364625,18.77154453197372,2.699268809668755,0.49163643259003875,3.4664104377172156,0.31064729840984395,0.19418145896923542,0.573142428871855,-0.46081212618504974,0.1924463210281028,-0.17688506902587964,-0.8420974920795232,0.10879199102931239,-0.6495183320253635,115.13131713867188,30.699094575488726,141.4063720703125,48.87980315104822,16.313166625397162,70.29820220788521,0.29000375234660336,0.8354259327769817,0.9929205155593516,0.7713542578056485,2.7258181102938077,4.392540531028384
1,SDv14,1,6.691770920711899,0.5558893101505464,7.311241219842676,5.4803229895097045,0.2490231130318464,5.786140790823368,4.934145384924429,0.16217916235538923,5.090609057384103,0.7415568268132425,0.05527705243369477,0.8263748165263719,1.292681428039966,0.7183688845698601,2.2928718072877308,0.6910554674729106,0.07364300971234643,0.78256960191484,0.28213091985008387,0.12399017330354935,0.4401136580549465,0.8689934057022434,0.1849761636657018,0.9806961732739811,15.999564055378539,3.20759212974944,20.787114286390718,12.051376342773438,2.406990172703254,15.4354248046875,2.2839598286088965,2.454182182707076,5.584390961531389,3.167325090251853,0.2240071824302037,3.4392756926020236,-0.08407045755705936,0.533367401764385,0.6161021692925907,-0.27791376452037525,0.5510083204154181,0.7251790510860283,-0.5401409783543918,0.337461215475857,-0.17117464315240077,104.48106384277344,38.83614840811571,135.592529296875,31.025664622144348,18.872777716625855,57.18138084804296,0.7964153877668811,1.021113380028751,2.01971524296195,1.7052462226672125,3.8002839254620358,4.776080147159108
0,VQDM,0,7.9370096201369265,0.17486123358170472,8.106508486503925,7.121048222481987,0.19047514403693003,7.397971486237033,6.587987410059176,0.425025866619137,6.992794924538767,0.8308184600402235,0.06199233729135495,0.9007573320003175,23.374470013699966,7.098166110377798,34.04678002566774,0.2670565035718854,0.03373346513063553,0.2997075177796058,0.06629993790084335,0.008011182052502279,0.0762022223926017,0.6080706166017649,0.10552403878311953,0.7464391576039364,94.97790274148079,20.290429875332702,118.91552334287357,72.66659545898438,15.51681552111989,90.263671875,0.8504906412716359,0.36607235517294895,1.504188865008739,3.3850065969709915,0.094715353425005,3.490144008628584,0.028052185690617917,0.2965715411587802,0.35784130348591714,-0.2608716780193866,0.3068806203877381,0.1368236544106325,-0.824964309537727,0.03839808450049741,-0.7751251586923842,118.57427978515625,18.4153438860896,140.802490234375,43.844679093819664,6.129002495188026,53.17969577551755,0.2555257885089501,0.3726900870650036,0.7561175959843349,-0.2453654971995686,0.36945743405936393,0.33269808198345796
1,VQDM,1,5.4145617182955466,0.8166087049339313,6.12840565945138,3.759468934008236,0.585174003068154,4.26379783153617,3.2388233879617108,0.4087939562144987,3.564375101274896,0.6026901787372125,0.045830462245365224,0.6849568570418175,0.2875634556484632,0.27283303533177994,0.5194229891030486,0.8937840285166365,0.058713393372525166,0.9701094123992189,0.4916870133764897,0.194523998494246,0.83382442331595,0.9196065092479354,0.09672574390139546,0.9715964987988842,2.8003353549747994,1.3123091480080176,3.9520519104047516,1.9689483642578125,0.7752352792839255,2.745361328125,4.190828641918358,3.656734211823613,9.508665163579682,2.2664819455449883,0.2732684022853188,2.5977757416070117,0.4793501726843735,0.3819425796259831,0.8456754840487315,-0.7846733895442415,0.24760539967274622,-0.6009453591356704,-0.5579983090862302,0.3570963241339296,-0.0267710065406852,73.65805053710938,10.411944091562296,80.2303466796875,16.76577792616665,16.871791583923386,23.36660991443294,0.3203546584745271,0.7515183466507599,1.2098979488640058,-0.09644799466941495,1.1281564294729753,0.7450637978987473
0,GLIDE,0,7.220714713039751,0.33297477770342343,7.779966045600675,5.912740047715158,0.3686104730196013,6.5076764618900915,5.116027812852227,0.4426775288659453,5.821321867277023,0.7073610102602931,0.031066529882744123,0.7454860502726902,3.871192476556597,3.8641997332649836,10.566406250000004,0.7268637647539872,0.061358905816117346,0.8135363294946325,0.24884922064648052,0.078524734042289,0.3516199693181822,0.883559360328088,0.05751418324321986,0.9554232625235572,26.918913498753383,12.819782647265972,48.75101971127833,15.092391967773438,6.745939610817498,25.53125,8.409642016241202,2.263599849486853,10.566236248465206,2.5565194230231407,0.1862265725813794,2.777373106677558,-0.2359165901507393,0.35634814832181116,0.08823822197360397,0.07577108439513533,0.204861189753456,0.3413059650444176,-0.3326245220024957,0.5112463792901014,0.2856129076853635,134.73812866210938,22.586224503983814,158.488037109375,30.322132286655524,9.099102575842556,44.95767713151902,-0.40887658977399494,0.674528833825946,0.280129995086835,-0.30027078405709906,1.129542048764526,0.7710407924463123
1,GLIDE,1,7.283792090369029,0.4477706527132992,7.751852649441581,5.168694813939364,0.44126635750581,5.62767644266388,3.8445869935032366,0.38583727731423173,4.412939361816971,0.5277593550272746,0.040779998052758386,0.5935351478502933,3.591608218084688,2.2517807782552093,6.553606367315445,0.7224155722205936,0.1008327732900456,0.8426627147465306,0.25485049095453,0.12092728369639204,0.4266498221599888,0.9590166888394778,0.025160408953959247,0.9931367712124437,15.79207624287788,6.768281307720903,22.303954786077536,9.370376586914062,5.188406061898479,14.9951171875,14.235998050497383,14.770189315774465,28.21446901171337,2.5393981282919214,0.44933378658991757,3.2038593400237376,0.17714494275913661,0.5523148271329548,0.7632529397147163,-0.32374386389146903,0.521158148397188,0.4347752821347286,-0.9205639542788722,0.09047977645060838,-0.864696024733927,121.70387268066406,33.456865387361105,172.619140625,58.46830971141897,21.266790456780388,90.06753096339412,-0.415044213683166,0.6913287476020975,0.3545952885133239,-0.4989512634131048,1.3762972936005304,1.962600094415715
1,SDv15,1,7.4644654592042885,0.2580592661174212,7.7132386296291875,6.592427782479488,0.3847680537494954,6.917468601162861,5.843922633419778,0.37929102672572446,6.1541268510430305,0.7821633070582967,0.02968371927440763,0.8079001620044639,11.722272538934568,5.9522397317391915,20.010572660777306,0.4444005701749685,0.14656019087515149,0.6568505703439349,0.12737366953399545,0.05658249661045671,0.17911390471493047,0.7333417856090165,0.14118088044433563,0.8743242358631764,54.31408257159553,16.780367994219837,72.66010677392552,37.90704345703125,14.600761717543886,56.834228515625,3.928202989992329,4.126640280288236,8.573013921883582,3.081081389679677,0.3490065721718994,3.4569428430793145,0.06355540023207241,0.31226533608059337,0.4861022150415798,-0.3888246344709134,0.18666406984076056,-0.17742694431128037,-0.21561935190629095,0.26908650755487196,0.11162066390759456,72.69236755371094,14.692824682807561,89.160888671875,38.13599462035316,4.905449015637325,43.60882045897198,0.6455738494309603,0.5573997664916643,1.16950998863665,0.16113939482098083,0.9440523991802743,1.027112626084097
1,VQDM,1,7.22960820143552,0.369300819730153,7.5340039879720475,5.153275068699962,0.35789083010387346,5.472749114089911,4.123323738030095,0.2953939006613498,4.455516231744649,0.5698047231213209,0.0153469835299927,0.5904529876795612,1.8952343307114514,0.8465749039332479,2.922464037698413,0.6092916849159465,0.10148854076531699,0.7592968546481984,0.16899274735444642,0.04789450958151129,0.2521441280052028,0.8919876575910533,0.07922653781891445,0.9744098700263917,14.276852906775442,4.498128487783543,19.18580121157631,10.373641967773438,3.4939984249146456,14.3233642578125,3.0544601447133912,2.426203292956721,7.303610027021453,3.0766702841871876,0.2495555403542345,3.3030614993896386,0.10118864061668031,0.5119146627072004,0.7518393640398151,-0.4709737654507,0.4124736651099602,0.12207218682967924,-0.48931450020490636,0.34893925080474975,-0.20443924738371994,131.0284423828125,29.5365923214681,174.9788818359375,27.389311785973913,9.776333969576571,41.53220277608129,-0.010331017601401399,0.6655695132757024,0.7869721173937739,0.03151037859138453,0.9778241852553857,0.9377389014458546
1,ADM,1,7.443540340233422,0.25073792779724774,7.7169980255342265,5.998605116578073,0.3618850215488217,6.508356077026858,5.254230249800349,0.5022350390602341,5.975793664463303,0.7060031977278476,0.06428879727452112,0.7890219285265845,6.85102783879756,5.108064667101971,14.144655257936522,0.6467374059970993,0.07645978709403517,0.7362866295561493,0.18136774947044948,0.062296475577895964,0.24870351591733547,0.8801853628695844,0.14145404207459658,0.9674997126527656,40.72007914434461,22.140898123914088,68.58540159304076,19.912002563476562,9.643034153651648,34.0494384765625,17.28279244030777,9.608095175306389,31.903373384154797,2.361720310114821,0.3721062825503371,2.7563711398835853,-0.25843147153963253,0.26532413332239346,0.03727648692401951,0.3029918544624678,0.2630397457675223,0.6486243084486483,-0.8449450579240029,0.16989104374758326,-0.7029728472297982,133.56565856933594,43.269749151201786,189.8502197265625,51.735733167929126,16.625032535896594,77.57553008822941,-0.5769037440189341,1.6802506405975852,0.7047235754630419,3.461549562609771,7.417200392578144,11.633315712298224
0,Wukong,0,7.442053466822119,0.4605762860347069,8.033699990303045,6.593037873820531,0.38873878394001676,7.1052468745059905,6.021671813002036,0.4348877745236216,6.552424959240765,0.8094991408732375,0.04015449916809887,0.8607358881067178,10.649372665009302,5.981450125328042,17.90200174398465,0.545971976727699,0.08732107455995776,0.6432856064578099,0.15938096906378796,0.05595668010222083,0.24577680917875805,0.7752347370575975,0.09084700532060733,0.8739756220703461,60.52023947501284,20.7036671264189,85.11991127599988,35.79017639160156,13.400503608442135,54.9478759765625,11.652300661721071,6.614144474158336,20.714283487933223,2.563738179096342,0.2940153100536124,2.9274803337433775,0.0,0.0,0.0,0.0,0.0,0.0,0.0,0.0,0.0,105.04350280761719,37.59594671670165,165.61328125,39.640574807001435,15.217240541255874,60.09804543028887,0.07360321146502763,1.099042546892926,1.2177375000912938,1.4851535039248487,2.7229268291152597,5.269868514589067
1,SDv15,1,7.205576877980018,0.3078694197296944,7.536635769763779,5.805267396482659,0.3089256763515079,6.147022013548707,5.1551595724132735,0.19915385915055686,5.359915533151624,0.7158880000535638,0.021440907506307425,0.746976927149581,2.4326981371252216,1.0823564398648315,3.9574455939783335,0.6531008968481025,0.049167620997405126,0.7280213410515989,0.1697826600150644,0.03796482362739233,0.21891976626334675,0.959168953660695,0.04220600082810633,0.9878037949476828,21.244155580076498,6.447587396649564,29.030906857866306,14.229461669921875,3.3368177792180878,18.51416015625,7.211928772237924,7.652715869151532,15.98774708249066,2.882428430450048,0.32163257140277524,3.2267575212939406,0.19083209588344907,0.3271070580718164,0.6692004894317991,-0.3180672427338991,0.34081446179929836,0.09002892717759328,-0.8743244054353703,0.19325506721171581,-0.5598611707540652,96.72966003417969,37.597100122447635,141.1036376953125,55.10587788405081,20.579494094075766,81.99053849076871,0.47090937515310727,0.7860407250774332,1.5593915914517198,0.28469486423790297,2.2106079886415,2.3786344337299603
1,Midjourney,1,7.157238388224336,0.3783852051158174,7.611908030588685,5.989501527985972,0.3080622078178725,6.322843836777967,5.639089319992068,0.2947967881515177,6.035966222650506,0.7887410056618007,0.03570453969655759,0.8379102581915556,5.584199605044567,2.825958816862247,8.394773360733186,0.650635014895429,0.09226980028027156,0.767380244196864,0.2453890851786648,0.10489058229367203,0.41095703158584274,0.8820478858391746,0.044719052844251504,0.9290786532258616,36.9709166703241,12.054470977124053,50.30257617718917,23.225784301757812,8.019337432616446,35.15478515625,7.055232687036936,4.675454233581258,13.075165290146915,2.7628464842261664,0.3985057705818654,3.043533655502885,0.17580975687302935,0.37744886494877905,0.6313064402537876,-0.13740082629482395,0.46303065074440597,0.5314134842155063,-0.43285857967668806,0.6204704144920259,0.5755670488468408,146.1505584716797,16.830598510969818,164.695068359375,38.70480031776999,8.56965401037944,47.703255912964934,-0.5471092939209147,0.8253078941951588,0.3423622663666025,1.8646589216704665,3.7086162483800793,3.878506523099723
0,SDv15,0,7.712780594389159,0.37773601070692625,8.055770351952773,6.198842388467121,0.42426435292200204,6.688358672555173,5.338299706902558,0.4634675134467377,5.863529538648049,0.6915027805915732,0.04223339860482075,0.7499331830929769,7.1198586530966645,3.8591332258315934,11.299359095490079,0.6025061621518362,0.0963348499743801,0.711995911333321,0.17135281333750335,0.08094316472088672,0.3021168104640894,0.9198203508954809,0.04908900710771628,0.9625956035092345,35.52413457106969,14.059979173033414,54.659152124511834,20.628005981445312,8.951376136148372,34.636474609375,13.123758509164354,5.776111254945023,21.771030052825168,2.4438611900492173,0.2743580392677596,2.81023643056647,0.0,0.0,0.0,0.0,0.0,0.0,0.0,0.0,0.0,109.88253784179688,44.83250401892965,171.8250732421875,56.07440940679979,17.165692122506513,75.24136469084277,0.3719672552137317,0.6761029195831946,1.2484989186793307,0.16339905078820915,2.0305080596190694,1.7078798055542679
0,VQDM,0,7.492915883632613,0.43208561848049487,7.9758078851451035,5.9691312241912495,0.43408401334307206,6.446442650612524,4.875794948960723,0.40828588993585835,5.337345830949257,0.6500909192238036,0.028894411179775696,0.6885371893305228,6.818559596147491,4.919977275512775,14.103340439184944,0.6280593977067319,0.15979607226518971,0.7996409054050544,0.23547607973071386,0.1203428343189109,0.40245875974836465,0.885191337239045,0.0715361604454452,0.9629837046183645,30.879052520922293,12.76215671177689,47.05934470617369,18.1239013671875,10.531145349288227,32.8758544921875,14.527499239493203,11.579851950285459,31.80420690907202,2.4524205026391357,0.5449412456338113,3.226434733993004,0.1178050932318321,0.4703206923361558,0.8291297200199477,-0.3621552971864441,0.31565629412475477,0.009321192779946311,-0.763283688838327,0.13577423733514335,-0.569050870284629,87.79792785644531,36.874169974635265,136.2879638671875,43.14666203336614,10.310374792656262,54.695410436960096,0.6705180700528206,1.1291675758363244,2.0468036549060065,1.095237021220184,2.7980150529701544,3.8131340098295885
1,SDv15,1,7.776181422117684,0.3895903864563864,8.222717592500441,6.159017007904035,0.4862161575539709,6.750348667517896,5.094779723444962,0.5220406537877599,5.762403830563259,0.6537440344703376,0.04043706180820248,0.7064607788526309,6.642944920300309,4.268018361609933,12.745260633188483,0.6886841362337699,0.15070150996476425,0.8684276611472177,0.41296492670342777,0.21323753466628909,0.6765826298960437,0.9378566438608358,0.03530352774733633,0.9684410001766748,32.22462268974033,14.009870539668304,50.8367413208182,16.884231567382812,8.900446951341879,29.4454345703125,19.684364203005096,18.442931306697307,40.576451246696955,2.2314658916366223,0.670121988053922,2.9665055635019595,0.4327529109478091,0.36996747160276217,0.8963160171556644,-0.5716796861609134,0.32240397143087574,-0.16414357555130615,-0.8626841197032115,0.09933753342859919,-0.7734790524615727,72.4876708984375,39.14436536208861,109.7818603515625,60.52079477522664,20.026337735326113,84.84371897934653,0.5868059958560596,1.1770123125096754,1.888912388363609,0.8724360251085936,2.6092286480877984,4.337976686072287
1,SDv15,1,7.053513212295053,0.3939962298998453,7.534311362276693,6.071473077783665,0.45667095472342606,6.679788265807625,5.5647213953535015,0.5151262537234907,6.233254658322002,0.7885574781544338,0.05393901156233221,0.8592618554008802,4.669746504649318,3.747835170470351,10.23406645644371,0.5537410399656122,0.08924124054618666,0.663406330371378,0.20494814095434186,0.05488210571916609,0.2756951825229812,0.6998813854755829,0.1858941512939269,0.9003065975997262,36.50650249708937,16.422331413993696,62.5195702171589,25.109909057617188,10.553157550877193,39.1693115234375,4.48136209954107,3.645417724840356,9.458197810266567,3.0356670581918177,0.2955296679699104,3.449063291424914,0.07599784192824201,0.2790842040266624,0.362905944990539,-0.5812069149273124,0.24464800646920098,-0.21559533452594742,0.17943904218151202,0.44402488342002866,0.7139408804666729,109.24960327148438,40.051396515228426,142.8624267578125,25.64653660182321,15.305214054730621,45.31758231674739,-0.38989891949466426,1.3481167370007832,1.3079704976093427,2.4722326774773062,3.596882392187435,8.094493775671634
0,GLIDE,0,7.047756914862433,0.6409128441708943,7.60585752815982,5.646521482479658,0.4991209106789902,6.127954203605876,4.778261372931719,0.4483030565943414,5.179366187255534,0.6786660205228303,0.030257557385493457,0.7204350949793148,2.207107401699107,1.287649376940614,3.928912942491816,0.711915452495492,0.1228690191441251,0.8751682334213645,0.25300512426442,0.10927312540565974,0.3635339800129128,0.9260208400898498,0.03969532564649923,0.9645795965654839,19.308948619075245,7.665668685852461,28.19922003191837,11.577117919921875,5.2059091422602535,18.392578125,16.81834895704889,18.534421596915855,33.8311068655773,2.457704391950829,0.39402350853082047,2.9139834821138297,0.16337675876920343,0.4375527168473408,0.7049028763976046,-0.17454608043051045,0.46121261570075106,0.5105771908725634,-0.872704550568175,0.13627426137436213,-0.7841065642576999,129.31398010253906,32.5374972881132,172.0352783203125,31.59526541907538,12.013163690533307,45.246658282853105,0.46344802545736696,1.689303053878738,1.9731843041954709,4.834464893858355,10.018327480045588,7.682919253756862
0,SDv15,0,7.182045467216552,0.2751493315688031,7.525477935319088,6.510108297165858,0.169737073869101,6.720440054298301,6.395784038456271,0.18256683322485245,6.681552069229818,0.8920182248520054,0.04594507450187262,0.9395384084341597,8.145378391518648,3.2609780198314517,12.47895408163266,0.4218001303109098,0.05997974224367564,0.4757769665994989,0.1132317912489478,0.020514900318917187,0.13721385533561156,0.6784815765206597,0.16624439934204555,0.8621747188449227,64.29383795156953,15.101328890672763,86.79495526907564,47.88438415527344,11.983752272405868,65.07958984375,2.241011899811299,1.4494468325041754,3.7866379350130193,3.193269036649883,0.22096049349070823,3.4841499338370983,-0.45071174795242297,0.21622247105785933,-0.1098094143153632,-0.10893839652107778,0.2506458469554551,0.22369568349767505,0.27882926854927015,0.4265356637401156,0.7201860117505715,135.209716796875,12.864988957090212,150.7005615234375,30.170481859791934,6.321083258268211,37.0652823316004,-0.4244954985068622,0.24885000175002206,-0.05737216801529182,0.2688252715927232,1.008614141271871,1.5231957160119598
0,SDv15,0,6.604796883324652,1.390539900472288,8.027367329054664,5.682421604667805,1.2818399099633375,6.965273121394101,5.217655526750038,1.289154251255884,6.515069376794598,0.7836226391237637,0.03775118635195728,0.829419114631704,7.6104024328192015,8.39604525848888,19.35414649077225,0.7005256001493252,0.23979497253666215,0.9355946574231545,0.32775558432610713,0.18184170768237626,0.5462693587114025,0.8395839243540174,0.08410492532084579,0.9309368171449632,41.52441503163777,34.80326006863739,85.31056369438414,25.86236572265625,24.492927371338098,58.342041015625,10.28909497607854,13.98723038784821,22.094299591806084,2.5223626868632056,0.5695499607082368,3.1151070491891697,0.3682966494864388,0.35251189403353816,0.707965499672274,-0.4558823518747739,0.32868618669257393,-0.19281721651896633,-0.5359956589025028,0.3920673782871326,-0.02603527208338091,58.30125427246094,28.898798261020147,97.9239501953125,28.892550270971142,20.299784210942892,55.04713542433018,0.5399841004339403,0.8477549806212695,1.782861306862979,0.4277045048777884,2.0303484220352086,2.801106990607633
1,GLIDE,1,6.812407536245188,0.6098452923062265,7.3509761461129415,4.738982594075923,0.5073540886557592,5.310924594438179,3.6680656819166098,0.3961583153818412,4.195618977606909,0.5402504453970824,0.053361779943176466,0.6095014634862412,1.2867995396943503,1.2015368719861004,3.0031139770723128,0.8305561733597401,0.08942102563648491,0.9477865636550205,0.4405531749584347,0.24537992748078613,0.7746756179542231,0.9674825611689806,0.01727292501824336,0.9876115749676284,8.34802668350887,4.515811100110877,13.893615262111574,4.07635498046875,2.246380737048635,7.1373291015625,40.937788921659475,39.39216101179257,63.53430859572193,1.8756689598082206,0.3317523161973832,2.2754947523984885,-0.4097301415544896,0.5017399974940437,0.34457041730274796,0.2494906835351478,0.5274624651972117,0.805199832439466,-0.2903170128003673,0.5843392571017281,0.6276490105749442,213.93812561035156,31.15527835153573,248.3553466796875,35.81197791612643,19.42627045674731,65.11508641596437,-1.7161151722465973,1.3195164670575428,-0.44011847513499813,5.166009185634536,7.278938140860114,16.779645155426202
1,SDv14,1,7.988892642119117,0.39723339382493067,8.351102810890417,6.538770918277955,0.31423033886052326,6.896588539856078,5.630967590649359,0.2583060567249923,5.948476589899754,0.70518229897421,0.015648315442476243,0.7260127934756602,19.10102267180025,6.1167977102257005,26.546941432823196,0.4407398045215145,0.08811340588120414,0.5742024940915181,0.11964020510236006,0.07230467202230687,0.22221663781090104,0.8741202113562833,0.03718942448217426,0.9070310314736805,57.63782473782495,11.254510359815052,70.72188681648005,39.012786865234375,8.853201995819695,50.6209716796875,3.117631132351816,1.0810141756704517,4.121376092292735,3.0456192398972792,0.20761384227088586,3.293998810760132,-0.198418839295198,0.4536072874758056,0.3944494432284542,-0.2116320547697099,0.3942703309484474,0.2991998177374264,-0.8223915460451421,0.06714961075505703,-0.7638130611110265,108.83845520019531,29.112378932759132,139.0184326171875,70.03279912572911,6.94074022513923,76.43172236599942,0.4423133459815377,0.4191322638814941,1.1343605689649134,-0.8642562314170958,0.6108583171115276,0.15869265333289584
0,Wukong,0,7.4923923124012015,0.3273238935849876,7.796878395432433,5.902253651757583,0.3381792289325058,6.239365317088872,4.656392801096772,0.31897494670852133,5.023190053389461,0.6209196795599687,0.020298930168100845,0.6479433314335958,6.885784692204438,2.6427178932994413,10.54647394258631,0.6076704826872088,0.09035952152045221,0.7518676031017246,0.16918830491386544,0.060213162022849404,0.2656148689939538,0.882451570838996,0.03850393954610005,0.934272664502062,28.910443140186814,6.599435480546655,36.927757796238396,18.059036254882812,5.187204181769934,23.739990234375,6.957995100995413,4.0716802474878,13.207427418907095,2.734607918043256,0.3176625571865464,3.1225951873493676,0.014705412615821686,0.4264180831209801,0.572847296037043,-0.03247575164158492,0.4690289599462989,0.5863356828060502,-0.778168508210701,0.1467684704849351,-0.5470045323782204,94.41925048828125,21.445264996456906,115.240478515625,44.04093669673532,10.220959395575331,56.877942026943195,1.4149578618198624,0.5580753111821264,2.137404136226751,2.574757997430803,2.5089378320667644,5.7908155987954455
1,VQDM,1,7.131197025443878,0.9609838853372858,7.798045390519658,6.370087314464991,0.6954796618175852,6.984842419385372,6.017106991749512,0.6556760010336875,6.728523937861989,0.8509396664334623,0.07253195123233269,0.9401440352632346,8.182718866626518,4.7804992516371545,14.568268337427568,0.5551630823539023,0.17918727094813483,0.8155770162835649,0.28513481376445626,0.21716303302825313,0.6205428287977153,0.5937301483155568,0.26507462209665167,0.9177381657544716,52.266820470221425,23.593316410589967,86.27010623811535,34.82098388671875,18.31797043189876,63.9365234375,9.803656983987823,12.887022479605978,22.18244264184395,2.782420550279751,0.5102601748517722,3.333333908734553,0.1352361767184998,0.7326864193763555,0.7613331477680039,-0.1905708036151641,0.7735525896265383,0.8798897766041331,-0.8254295698262513,0.10477125733143085,-0.7153105734814167,86.23075866699219,69.27542975686413,198.853515625,33.10695982551829,22.519178717885328,64.70627400171706,0.31349024289689986,2.1697091083064146,2.45002373520616,4.500706459995143,7.99799103274945,12.308165843075315
1,SDv14,1,7.166271075340715,0.9165688026575317,8.029855785843083,5.94247056340499,0.8597046290713324,6.610614050284898,5.160606302934585,0.7575806171338055,5.7986427249671415,0.7185555659575635,0.03336793183853698,0.7598974751882315,6.7043129172965585,6.476459785790606,15.643994374370134,0.6624071799050091,0.16780034880006264,0.905628165984248,0.3374710881084232,0.2176703279056697,0.6560448252393742,0.8305141665308644,0.0610035870906033,0.8946848618422738,34.55322736734864,17.08406727383478,55.81679184331047,20.878402709960938,12.236735381899738,34.6866455078125,26.49291126350412,73.9021149581974,22.692059759261554,2.468115480324833,0.655946003489059,3.1212084018330524,-0.2392630346480809,0.5175728328970732,0.7077795767368726,0.23871741190466014,0.4924164461389633,0.6248033062332738,-0.9206079655819792,0.07655840528774448,-0.8240637098516178,126.47483825683594,27.72253873528842,160.61376953125,33.06025284761488,16.727845243010837,53.87183916812093,-1.130076942062814,1.7386399223785993,0.43174822543675195,7.414305797269112,18.158928879374383,19.128398409952894
0,GLIDE,0,7.952469820450799,0.24458762137907752,8.182218948677905,7.066320160516352,0.3129023042673348,7.358337431937432,6.464166416840335,0.3295100302390843,6.787438843353973,0.812456876556493,0.0220553657569206,0.8385410215516188,21.288970908820744,8.464878594582402,32.56542009164782,0.39380456149534604,0.06035120953915395,0.4742423060670671,0.09149430191326911,0.0221061566677484,0.1289058033114498,0.7320963051926023,0.07877281939386933,0.8181621380568702,87.38421361603822,20.956913929747397,110.96419079031782,57.367950439453125,14.595087497794108,74.4193115234375,5.596271978862467,3.1748243440034773,8.672445164464103,2.8844102358349657,0.23627373631698723,3.1313228630850745,-0.04333253181061007,0.24389639337956628,0.211633637328201,-0.3454669826021564,0.20269849366509363,-0.09961227596638647,0.14470412105574834,0.42063463860871825,0.6318766877017751,119.29266357421875,27.87814140827394,159.3870849609375,50.047947536174476,9.127150924715144,57.19725594271985,0.48544584826225134,0.6605564554362118,1.272468838268815,0.3600864361735047,1.3896345146449063,2.621976360372695
1,Midjourney,1,7.491153330184057,0.21607156404072927,7.725831974608527,5.6608285895324375,0.2171552160571977,5.889835408087816,4.469862555372429,0.19268769656666507,4.630859740187697,0.5965780339200428,0.015287007928426655,0.611770895414963,3.68413074865363,1.194600199291068,4.526455518550012,0.5875172209084447,0.04389610518379936,0.6367870752914633,0.1189231860648709,0.01628342464181218,0.13981784510880188,0.9465650170808273,0.017237804931417914,0.9683502263766928,19.65518294550347,3.5249067003601784,23.169724443931834,13.64739990234375,2.6715387605446126,17.1246337890625,4.08024390561154,2.2258528828520006,7.145608532695774,3.033710844908027,0.20746964353724265,3.2907869578144657,-0.09475427770734203,0.3022683952227156,0.300039959178251,-0.15705089247618387,0.2623540105387955,0.2337262500347535,-0.5440620876204071,0.29343510170942294,-0.26910152292123174,105.72282409667969,21.416082146175334,134.33154296875,47.98278887167778,7.790122997316072,58.968800353426545,0.25316134376849464,0.3933853139394636,0.7649423688666485,-0.6415324632858683,0.6229591064572269,0.14048549875080885
1,SDv15,1,7.161197100536211,0.6347305959390981,8.030356045283114,5.754978635413085,0.4124106133245983,6.356317944208829,4.805282080025188,0.256265077478719,5.157359843867585,0.6734758479855254,0.0329225406084702,0.7156995133582096,5.173184956853111,3.3334469908004984,9.35446684460821,0.6495616866847459,0.05661718182488719,0.7243842743904692,0.17894256467727787,0.03863482172263822,0.22718490910633485,0.924519708674058,0.03664161082609373,0.9647811303409554,26.98058739766349,9.592570631244115,38.86268046608065,16.294479370117188,5.038635918369512,23.369873046875,9.078132740499116,7.397329218605955,13.94595964812068,2.7550764537095898,0.297528944878622,3.155578967098994,0.07610785412416451,0.6097142275845702,0.7718307344913061,-0.13289139096193522,0.6296584122780113,0.7060041282219953,-0.9136207355383277,0.09029546261521589,-0.834054124796849,104.50947570800781,15.391032437004522,124.4100341796875,45.107771268613334,11.962521968386678,61.94405173271119,-0.16974609755918257,0.48455887114971885,0.29903030798262537,-0.7782237800644781,0.6934831738006192,0.2206286881250359
0,ADM,0,7.753165837858398,0.4426720439013076,8.101225855992517,6.586195221411268,0.6975602633965297,7.2021139061296715,5.7617803218076755,0.7609185360237785,6.3923398834401475,0.7400440100509582,0.06438506547504103,0.7957913202477238,15.238669266896588,10.179542235170283,27.289628409234112,0.45421697511900455,0.1664823970085716,0.6994031400867253,0.11626946498895677,0.061409607489291446,0.1876416554754244,0.6797104727744201,0.14778346294241163,0.8838698536410406,61.31224926509301,30.164415924075513,94.45211233251334,42.057952880859375,23.015844862295506,68.3707275390625,9.95423840735896,16.506811462253726,24.70724892681438,2.867102695014456,0.48346645031501095,3.335280732059435,-0.19048945352596708,0.2226061831054952,-0.01675462832945549,0.1506264860992827,0.23954766787118836,0.5114379107529984,-0.19906948973219663,0.40354163473482046,0.36355050675841327,113.65435791015625,10.477124635925275,126.9891357421875,35.27198742176745,8.916549926236625,44.942807492996565,0.005118885784834708,0.3437765512061107,0.43203831237003887,0.009102671466109824,0.7552316427315078,0.7400821563243039
1,Wukong,1,7.049229889656288,0.5096582603826628,7.6222470967852,5.227374734879135,0.5737790513482551,5.896113504631212,4.249423775106311,0.5194662281241718,4.801182524721609,0.6012872878526729,0.04331972607517501,0.6551999375023351,3.690558431850758,3.531953045990131,8.507560055272139,0.7639872058466823,0.1232331803744726,0.8946899248996029,0.4204708170634674,0.1825804511664393,0.669517402319205,0.9661889967746772,0.025094902679707914,0.9891177294821994,14.543539255219667,7.051906718250497,22.879507947794444,8.074996948242188,5.189171407070426,14.8052978515625,21.910646508594304,17.28130695841344,47.25989194586476,2.293894817816197,0.4299143482622291,2.856782921362245,-0.5629641842964106,0.14978468926487287,-0.36125909678177437,0.3725119403750624,0.34185727255929077,0.8710532918512442,-0.30333192715249313,0.37681055785009304,0.22072506194026126,119.85910034179688,40.58838978554716,169.3096923828125,63.679681014635875,23.967397573963655,86.32251834837035,-0.737857723545326,1.6940676856812167,1.0243290115286332,3.1202968516572445,6.9373291965688075,13.145067365556308
0,Wukong,0,6.292728106120034,0.4654223967755113,6.915125740127857,4.96827372855491,0.5743915490911052,5.841119051236249,4.288565803591725,0.7773263389275326,5.540742405805554,0.6781843742332181,0.0853042737637458,0.8057141829003469,0.8291351479828044,0.8195352719023992,2.1025796603363567,0.8226800393712281,0.09916067107736536,0.9010671890283892,0.4226243446715007,0.1344212933563573,0.612569062871216,0.9137455756813851,0.03388187500950034,0.9609183928493381,12.259124758801889,9.810091941560675,28.079931040420433,7.788818359375,6.550482622003663,18.6287841796875,13.90627924266515,24.614733110113598,14.369391563283694,2.6096493850322267,0.3207197532934488,2.8111119358690755,-0.06276229032423335,0.6496506299936835,0.78086845817855,-0.09028220679127064,0.6138136594240567,0.7941092819467388,-0.7917713541629701,0.265406790872846,-0.3717971678824221,20.468246459960938,7.6796742035898875,28.9344482421875,15.591703182668539,5.16683709575486,21.151385326136165,1.5782803388220774,1.2458984388796137,3.195044902290597,4.000869266077116,5.510429811206162,11.803296028125537
1,GLIDE,1,6.8182516458547635,0.4345856534855248,7.289558690954067,5.163983983873392,0.4285145642141376,5.7630333131511495,4.165680816409168,0.2123302119927506,4.513952011664852,0.6118140013073081,0.021458066178185575,0.6382791257967451,1.551544612347254,1.338397784416712,2.808449566169061,0.7921594109386643,0.08944956098671958,0.8760979332710931,0.32106174987221414,0.12823253530192286,0.5053462528269883,0.9436869926487325,0.03817852344770548,0.9781834317802234,12.71938812166768,5.928730645690271,20.34034497481034,7.5392913818359375,3.5616969988259286,13.306396484375,19.008614616130696,17.169714274526868,36.026232441579126,2.4362284161875847,0.325970619076062,2.8683251113710306,-0.3176762122307349,0.5544467129750369,0.41702466141498384,0.12660873489582414,0.7070244557149574,0.9151521816424135,-0.7758326265135194,0.20087235920133586,-0.5433266037264249,181.62413024902344,32.778555704328134,221.848876953125,31.50947425096664,11.702300596311131,44.77458922293147,-1.0222258344671586,0.8874049807167941,0.0021730894393263145,1.5449653385361453,2.9402143944990144,5.541219218351642
0,SDv15,0,7.8306169967700345,0.2529397003448161,8.120897507347816,6.778607922223766,0.36096614649229525,7.2050580772582595,6.235786718426704,0.3628214594156993,6.698453125818672,0.7957909665855007,0.02481627816632763,0.8280107756041477,16.98206000064959,9.477234175821676,31.34811291414717,0.5678453293467534,0.12310813821785609,0.7199573230731705,0.20881402895283566,0.11772107582101025,0.3551550824239024,0.8394147342025511,0.08235521710684722,0.947346013034035,72.34162996981448,21.264617555035457,102.14713817628524,40.852935791015625,16.926015332589895,64.393310546875,11.295110117356266,8.885506901425481,22.312183443854234,2.498665710109609,0.4344053585754082,2.98472116750401,-0.1586750933832748,0.28927864011497234,0.1992580560960059,0.03522534595691962,0.3479797604204615,0.4642324723800617,-0.5692382062295873,0.20024741002588797,-0.33965279593214714,104.36439514160156,55.74695646526942,169.198486328125,60.39270154789531,14.925792467473666,79.17371036077037,0.8173458149816114,1.4749967449831143,2.8330131810715864,1.8327513178278751,3.9354068859575895,8.319633875887572
1,SDv14,1,7.941562958840314,0.5005012866537705,8.406275046737182,6.473310681580326,0.4283568074417635,6.856941164674893,5.42359278050229,0.37089897202795197,5.735370879167052,0.6829410578533153,0.020078676630452343,0.7040774411146211,15.95120195430605,6.475111874881325,22.26595568783071,0.5466682986673241,0.21019472121475893,0.7992221621294315,0.20501913035240388,0.12146301171319138,0.3531617208820374,0.8751652851959594,0.07245650061542755,0.9479838318554539,53.87181378039879,14.502915006124491,67.41730315976545,33.40205383300781,13.318774517468048,51.0423583984375,11.009921863493286,25.315400830565128,12.070897715927732,2.6847567055224744,0.7159349854359814,3.4539132923636915,-0.20869738020558845,0.36800506576449626,0.18871747452048665,0.2846076944407633,0.4282935430556388,0.7048879033594835,-0.7709477496484722,0.1308098406694914,-0.6117748449429685,125.90998840332031,37.0013411508524,174.9842529296875,70.62356746192414,28.93799634098483,108.6915817961968,-0.13347158669321377,1.1592019533773217,0.5600014803429715,0.7537617903961216,5.54329766004492,4.2104195875319785
1,SDv14,1,7.1739164903144,0.36498883744445476,7.516100063259943,5.903684913447802,0.1819760934853666,6.109981521981565,5.18157203813618,0.29166018810204053,5.445834100070693,0.7237931941730944,0.050564849263680524,0.7983489708236724,2.790598574499244,0.9273077746892244,3.8545003070672705,0.6481746695760346,0.10423436053913701,0.8029394087627186,0.24376260296398483,0.0712967383840557,0.33184456313590793,0.8003356434639886,0.248633075400096,0.9786753302433653,24.957162981247635,4.972773970572598,31.40673723661007,16.2880859375,5.421454857205033,21.9476318359375,8.859683238631078,9.177796211450383,24.599907989380796,2.736842524531673,0.5916896137182898,3.440400299435229,-0.25912173202636857,0.16654277246963536,-0.09169272923020456,-0.05523738368458306,0.2986058953111767,0.3393710981594146,-0.38455121683822124,0.34123685116132735,-0.010759896514104621,136.04684448242188,43.92301314846656,194.6968994140625,43.19265730797651,24.744122137998637,72.38067998770099,0.401215678389667,1.6954651905187186,3.087549797425921,3.4345777858030555,7.701731874543619,14.881109004798144
1,SDv14,1,7.273572814110678,0.6697093879162971,8.102550585863312,5.857039285451054,0.48455863136717714,6.592426602694063,4.937646027349645,0.3697822619160202,5.566971171864862,0.6804675887105329,0.027803549613716397,0.7141469815629391,6.951797573774884,8.222334584402818,18.01366646195516,0.635053751347862,0.09470328294780217,0.7194366650530609,0.24637125362564688,0.0800251187025088,0.3570589428200078,0.775151038820953,0.11881606019696603,0.887866148570629,29.58566633798952,16.646916054601007,54.981360866625536,19.643081665039062,11.891770779308397,37.1561279296875,7.351986287667334,6.532307917041223,16.638615682402268,2.8694629623861405,0.40111574320729737,3.424071444677213,-0.03499764992978309,0.49942223971125355,0.691152791848999,-0.2569434582568635,0.48044804029394306,0.32910657503273516,-0.5561828395150393,0.29542660857855724,-0.11559577392397283,136.8663330078125,17.150652321184186,150.7686767578125,30.28926015438494,16.683932535060613,55.73432498634354,-0.8785449222981019,1.0529930617701666,0.2168226803691224,2.6662190137703545,3.515037971589426,6.893649163840039
1,Midjourney,1,5.707478425600718,1.4436760377720714,7.12700811934068,4.6122220322369945,1.2363608782629514,5.980000486479515,4.407228399619212,1.218311364954458,5.744358453777602,0.7700808621666304,0.057901185370239,0.8325199140793992,1.4015585509377368,1.9476940851719875,2.9994335986709526,0.820975585904477,0.15395068360567712,0.9996560256046864,0.5284433477904312,0.32683519634102404,0.9992812962190948,0.8578045312431957,0.22213476663276877,0.9931715210031105,16.465807962924757,14.740903285266741,35.22032123148805,10.526611328125,9.731234270363641,22.978515625,7.353683615052352,8.338688977103114,19.150022448835962,2.352362049526157,0.6284233642706452,3.0081804958297083,0.1899276333999662,0.45778128995184897,0.9211064926582194,-0.01263797483379079,0.4410424381042668,0.5441897732399466,-0.4839335975585207,0.4855191952781609,0.12710174007092365,91.70443725585938,40.18355677305061,149.53662109375,22.341860395577918,18.55119557691393,42.3286374090805,0.15206929358309956,0.6456710808413446,1.0475129238126462,0.6559636373004978,2.4392691757198453,4.3443138571997295
0,ADM,0,7.236609499392262,0.5950017913909952,7.896861178739729,5.571272142584901,0.7279930795514161,6.414542643897201,4.514555910073011,0.7343072929427177,5.485498781958832,0.6203848201677264,0.05946025881666073,0.6865085718343207,3.1503069688523597,2.554754095876139,6.5161771305744685,0.6994600284545618,0.10677996817896244,0.8128785206882287,0.21980572750176658,0.10767809001422479,0.3908514942036222,0.9471832941536784,0.04005977173157128,0.98598639193813,19.754595954354826,12.550241998117622,35.471495420176765,10.76446533203125,7.3667901562529075,20.388916015625,22.995449863484524,22.43080037149995,44.541124496478076,2.233732779224848,0.351405583532365,2.643864727533303,0.13580284683818228,0.32837680138982,0.5272430465324238,-0.24927261161898656,0.47076035628624374,0.37828122417838755,-0.5153428065990423,0.42492072918997603,0.09040246291081683,87.38339233398438,51.752352874984695,155.2618408203125,43.97016938234826,16.64729495697996,68.08733891342014,0.8950489654953393,1.0865141355681986,2.552328727673375,1.4180538777103748,4.0388047145942485,7.45254990865713
0,ADM,0,7.862900285591645,0.20589681489506198,8.084930962320433,7.229873954296393,0.24986399059039058,7.400239879066966,6.632529577391461,0.3327063937134789,6.868292022789408,0.8433723423696196,0.034468593005932656,0.8801438917845051,23.823688763699963,7.007690318169417,30.45156309051404,0.2948946359493598,0.09076782732073,0.36287484940532183,0.08363135702871813,0.03544689385199415,0.1064490618155342,0.6127200271939013,0.18055728643952484,0.824134226483042,99.40638796547455,20.43533881805606,116.31083970349164,74.09194946289062,17.15777474453746,90.621826171875,1.850367395378927,2.005156926008795,4.037239620309304,3.248078397004591,0.24367171932005613,3.483345176541137,0.14428290243470074,0.20578228122023495,0.37643132937405993,0.19683796629105904,0.3028375668476608,0.5592173555528335,0.1016425017623292,0.40180032518673475,0.5186360765296205,131.68966674804688,28.50179202813497,163.319580078125,46.79471806480287,10.297758043979705,63.78211966316642,0.302008840775446,0.38866455884762063,0.6336639130106309,0.1211699381291977,0.7932934066974294,1.037514200955111
0,SDv15,0,7.202744946236201,0.37391912097986507,7.533980293337422,5.801344887171557,0.3490776807923391,6.227292051998047,4.947752438693823,0.37130102507549495,5.4433598690520455,0.6864052145107132,0.026473463812823905,0.7228728558522959,3.8674160166091927,3.150085591579379,8.499132436539437,0.5911363755025216,0.11278843233571004,0.7011705989411918,0.16593480081623604,0.06778335797826562,0.24170654059945468,0.8615996466362047,0.10251497619520544,0.9677379788045319,25.670264717400087,11.64268925039147,42.980667162145835,18.114822387695312,8.518033552215776,30.410888671875,3.3875444267541237,1.9523869252408335,6.519988362422597,3.092203563806744,0.23288705611740967,3.3886749594658108,0.6872908067231189,0.16948900251849197,0.9010567343577007,-0.9568082880974367,0.02884902899720512,-0.9159616210544634,-0.7731871189967277,0.11955142446178954,-0.6140448374551657,61.663238525390625,23.972933857729814,94.432861328125,33.11351985768329,13.750744481808107,51.306141377800955,0.5247490039536439,0.4736915910354321,1.070646999561251,-0.09460206670224786,1.030192520995576,1.259144066218499
1,SDv14,1,7.5036685520256565,0.3087440683246369,7.8715896215143575,6.0907114205122745,0.2857013627745948,6.458691743388549,5.268637856538763,0.3031788688082847,5.639677194130794,0.7028738005124169,0.04283990442122591,0.7625613297433056,5.604079688877871,2.5445371304437696,8.658646994677515,0.5588581796935603,0.106029320643661,0.7029597444048501,0.21768324489057073,0.1275976346730075,0.3613348151459903,0.9272767420711389,0.043083904522409365,0.9721179257757933,32.5370879778914,9.568034556353973,42.70115431034007,21.16815185546875,6.121191469798872,27.467041015625,7.359957524762674,10.374631205957954,14.733320129881966,2.891498113777822,0.39152614211813264,3.3225440880927186,0.4805742519301263,0.27739518825437265,0.7922091864366592,-0.4621188718764463,0.30021683170493013,-0.025355138278507917,-0.880004503534338,0.14083638502731516,-0.7049577949752022,77.04426574707031,36.29606243901049,116.339111328125,52.84161474530751,12.641061667148762,69.4981616609559,0.4706161101867463,0.6356408000686553,1.3925731444441432,-0.41757395053306734,1.008431428176521,1.268255934362346
0,Midjourney,0,7.71740621211694,0.3339476788014441,8.230563518099535,6.782914145357102,0.3155082611030852,7.1594642056921085,6.180260975393822,0.3390139474266368,6.606110862456227,0.801387808017187,0.041137523111382496,0.8536055469978019,13.740962921627009,6.678143834116983,21.69122958790001,0.5407738840513014,0.0892598227721996,0.632644793546896,0.1623473426086531,0.0596187452819911,0.22687054071838303,0.8135169795551962,0.10559030371232289,0.9313266357589417,66.08958962535036,18.773289341762514,87.26699018003612,38.21543884277344,12.298904834575561,53.8642578125,9.85978441835979,5.825605749185033,16.41706098306924,2.597540365106843,0.2944761514444186,2.97074917129867,-0.02208451412137702,0.5221287030049232,0.6953658096549152,-0.39514414004043136,0.47059468804757754,0.19549791612846362,-0.7227523344273774,0.12396721906149166,-0.612532771880614,104.07322692871094,27.640857632946624,145.671142578125,53.785469857431345,21.167910332124837,82.62379289989886,0.6719378900154405,0.5183987975476804,1.2989653832378647,-0.18634199813648433,1.5107743212365647,1.430985281259752
0,VQDM,0,7.622101062317739,0.5421460188425907,8.235862724877858,6.6261285757140005,0.6538423391183128,7.353668385698999,6.027209456054902,0.6259710499392207,6.677119364027533,0.7889527815926591,0.03461178963284778,0.8268164241230157,14.049221985524557,11.527086440266979,32.84345129834348,0.507323752157811,0.16405622269799697,0.6603919163038359,0.16644591117623037,0.17709818120297288,0.225645306462642,0.7886635333090211,0.08877580169956709,0.8960682449165911,64.52483005435677,31.579623904081693,110.29897151521924,41.5484619140625,22.764834907864113,75.2901611328125,11.076895123413983,9.29495858821053,25.592725294628707,2.687121883003385,0.41787805605769185,3.1712996396192725,0.030560677279982785,0.3059241652150636,0.3905983917251006,0.006290383857413283,0.33325657175261836,0.2855394563844119,-0.4054828527005461,0.2894649168720017,-0.07369951821884789,81.75727844238281,40.79026105156043,129.658935546875,43.0761306262002,16.368449178021937,62.63282100541167,1.1498702970144965,0.8540912465710082,1.735141831715872,2.3989759657476575,4.8400168310339,5.203774201205217
1,SDv15,1,7.389865564609605,0.6763026498495099,8.010228699462337,5.55373459485117,0.4893734125076659,6.045621146498217,4.602742854077642,0.34505071056060743,4.943058678375399,0.6246911386677511,0.03251039737049217,0.6766104311419419,6.067105516975319,4.274241200388388,12.273991106859432,0.7807010696985431,0.07120148042548405,0.85891022414354,0.41922580620589756,0.14862020084709682,0.5832574852883032,0.9716749505315802,0.013753369731482907,0.987545053037749,20.473382522236893,9.024222348117327,33.203448363402586,10.894989013671875,3.7363137344854938,15.3543701171875,13.926465367384417,14.519517860853055,22.2138127641901,2.418593517870414,0.5001678200114069,2.9986887239209334,-0.18762301002525267,0.7070856502094999,0.7266780296106015,-0.44921717544113376,0.41698474584444395,0.17845436717799917,-0.4363103352406581,0.39152634911768897,0.12285330836009381,95.14857482910156,48.253798521813664,135.7769775390625,83.46689097848399,28.088859951155687,111.1022109265286,0.26738870709486867,1.7116083514373408,1.5867172628828357,1.5676091946094313,8.667759809448274,2.480014281415448
0,VQDM,0,7.45265711253274,0.3148452913034433,7.763226049800345,6.29942770872948,0.3055720236240702,6.656972447108702,5.616731030324237,0.23322580202333135,5.888317347056257,0.7538602496112412,0.01614361039574946,0.7740687742369012,7.006475477922658,6.055131491443342,10.69622385991434,0.5774556020239199,0.08829507441743681,0.6908260413450017,0.18127861251713828,0.0881507840745189,0.31340638643037455,0.8839920949256468,0.0713876502776437,0.9459149151073944,40.06891048269445,14.517822119761222,54.57853000251765,26.27734375,9.223887493036349,34.830322265625,6.534810795186397,5.773574615747221,11.150273726788615,2.816228001806795,0.375832396281765,3.1649697399007417,-0.011962491731469377,0.47945875264171317,0.6583980828074526,-0.03455796951931505,0.5440523882491006,0.5739879382958434,-0.5896183031858568,0.4805212334435589,0.04534805287732824,120.46910095214844,44.199685330607956,165.2021484375,44.981083132519245,19.09010158936939,70.59513264543796,0.1409826900066185,1.3453613038057852,1.616361178506623,1.9813281623718042,5.548794936839434,6.896279701508246
0,Wukong,0,7.0018218962978995,0.37219882643218544,7.456268722884172,5.970545630372612,0.36010648001651907,6.4169730154210844,5.4143210138916515,0.4037895458408411,5.909117853495571,0.7729643526183482,0.03325151049087778,0.8064661611190818,3.4498924280360317,2.4326237561987463,6.9245219789304615,0.6138235114881021,0.11585210355373131,0.7486796300903227,0.22125452783295654,0.0858845579680194,0.3292716439301987,0.7998702255880727,0.1265051706780786,0.9320823509523378,32.81289016861484,15.722552684993913,54.8117343513566,22.57720947265625,12.047090419464864,41.7462158203125,15.646096453309276,10.715866268526112,31.678313642473153,2.628170340570952,0.37875046512188787,3.2041537166251493,0.006738752505757027,0.48527752412714764,0.7483782656245392,-0.38724047671814754,0.41662733955096637,0.201312771270558,-0.5468583400002818,0.26851293489048017,-0.09414427708549693,95.20115661621094,24.772214449786407,129.615234375,25.369330591627055,10.297607395222986,35.13076330389824,0.6972886463192984,1.3126627735622078,1.8790430581537918,5.0990683280429145,6.287016423120366,13.25342742338859
1,VQDM,1,7.670079529708788,0.5356983806444506,8.123809426467602,6.52695090143682,0.48572758344907424,6.922650125757572,5.871055121135637,0.491408518542872,6.302721905967495,0.7647410851741112,0.01664327035464376,0.7875017178743069,13.482347322609634,7.493742959446718,21.648480804358847,0.5971346758496845,0.1776328707312758,0.8814551475036737,0.29915954091009583,0.19239449042924378,0.6087080933322613,0.70423032371546,0.07479147903398493,0.802318088864473,54.9511136761021,17.747389251185712,71.3511716036461,31.5003662109375,14.911379897855896,45.8887939453125,17.373659419015045,18.122112861798108,45.87369469576281,2.37499582534353,0.7023108545666605,2.9864777548628245,0.24041045522135052,0.46169722825968645,0.6041407414949502,-0.6077031208387351,0.12760755318942724,-0.4818420710278461,-0.5424834245104971,0.42521339824723625,0.19363870485155757,70.30337524414062,51.02515791281423,155.812255859375,36.986482907717345,11.476358942798427,53.45653478456768,0.31784621039183114,2.845892008428141,2.697028731485502,8.464136294091883,8.862580528061965,17.747241656816463
1,Midjourney,1,6.049974935540682,0.7860864156642899,7.051391880384288,4.501109687071031,0.708077005929952,5.508214995824288,4.036956463615873,0.6425732233566575,4.873723053873734,0.6668071353303061,0.050537283790450555,0.742952534788007,0.6565429810523751,0.7215661598132251,1.9171656509826174,0.8790690230934509,0.06297040983399257,0.953389845521542,0.40642668434960694,0.11664724590348584,0.539067779185944,0.9662914867398875,0.021873293957968134,0.9908702764037587,7.138724360972249,5.209191307630209,12.850348660818792,3.9011993408203125,2.107801577676815,6.733642578125,29.927737740375655,48.498355200321214,36.38829727582326,2.2411417955708672,0.4066726364214835,2.654792205980206,-0.22626542651784548,0.4594020643236625,0.46252535252618576,0.21573376176038628,0.512615541928152,0.8223715903267723,-0.3657276120397727,0.48675131409178496,0.3973307757752442,173.3810272216797,42.451682608793604,222.5435791015625,30.254015032093932,24.03672711934432,68.96493536604314,-0.4425685914028952,1.1477455317460392,0.8170438989930384,1.5806295160366908,4.385934737662651,7.238821878061097
0,ADM,0,7.645115581046948,0.2712159044863968,7.885338837021367,6.652559097085863,0.4230179255406542,7.132399101418727,6.203490497218673,0.5731685965202096,6.8842527334465995,0.8106812448537624,0.05986608125948063,0.8847627589109177,12.661162707270414,9.883200595989685,29.19305526029858,0.49332119801389085,0.11474567319499615,0.6375514018416373,0.1371145445687655,0.050896264922392326,0.19923912954383785,0.8432587438074766,0.049886731841558986,0.8934158762398352,67.19823783928456,36.06757365947284,119.04202705579341,43.45838928222656,26.292416408078825,82.249267578125,10.174622524690133,8.951977609081156,15.840331126706129,2.656789890184201,0.32310576114124606,3.050884502640308,-0.222392184845562,0.4155729928625635,0.3561631960739512,0.020507488401741217,0.3984928853400978,0.5023365880393295,-0.748646039214067,0.24210518650514462,-0.5703693123370942,164.68856811523438,45.9636518529293,206.7576904296875,47.053124002800644,12.889787022510951,67.56677407905583,-1.2372606856411401,1.244440371207756,0.6226283914968878,3.448966741777056,4.518988506340496,9.450537945514453
0,GLIDE,0,7.3140654642089435,0.5689147572472422,7.964582740797558,6.324943625087574,0.42473768214180213,6.705870383961715,5.602347763776274,0.42186680173038016,5.987622994036182,0.7665842048577693,0.027685945577819455,0.7973798824479765,12.569762768388621,7.242921429448965,20.26958931720837,0.6012876681461821,0.12549706399737462,0.7659428165585864,0.24341711567089538,0.12444260346967627,0.450317673208171,0.7571330512582614,0.1125515502686048,0.8824471393577833,55.45740233690736,19.456215256956007,72.67526870646304,32.65728759765625,14.488678210017646,47.4727783203125,12.755369445916056,14.478298786249196,30.240427254061757,2.606424008108946,0.4856278962002633,3.0875942120332844,-0.016787086331597215,0.3595385070602635,0.5053452521727776,-0.20583163806603777,0.35544551548678105,0.32429335265299297,-0.7673372338391766,0.15682231151314682,-0.5060507812761574,90.34666442871094,57.53833737350018,175.422119140625,43.30867199985579,22.62133173834987,71.11583069728175,0.5609776668446138,1.6782882710425389,2.861301344862885,4.292450683991565,8.89143692110818,17.65857530489626
0,Wukong,0,7.720186204460036,0.39619904540957307,8.124348337727794,6.612936758802323,0.5605494064386556,7.240853376124384,5.911721990504517,0.6370738973907057,6.675727511292724,0.7636763038433771,0.04789915737158298,0.8215833859256323,12.297154079369035,9.355346198621946,25.119392085537946,0.46300886498555305,0.15873922473933816,0.6649820345697252,0.12191371801694428,0.06038303165953083,0.19007335506370723,0.7822998780283207,0.1321099141907544,0.9231395521571097,57.247530120532716,29.39695612155705,96.39382171945468,38.634246826171875,22.920428880834343,70.0489501953125,17.687513497469368,30.03961981058918,26.906303834026517,2.6469166198257463,0.4952936482726587,3.190374804965399,-0.08419939566372031,0.4429890811667448,0.503276476425165,-0.005923324192937424,0.45587746043043753,0.5435299498105812,-0.8155328349473085,0.16897560758364918,-0.5470937210832396,119.13681030273438,26.469810580123955,144.9307861328125,39.43422959292212,7.325767890442912,46.57098389483229,-0.268653045091373,0.864142538987738,0.40725784552629285,0.647697690076661,2.2954480430410777,1.7615621811463074
1,Midjourney,1,7.338242890512582,0.3961522674879882,7.869941911459664,6.079422015927625,0.6975033034777298,6.740257596099875,5.576265125050643,0.962349399093758,6.601379848385841,0.7570513693958941,0.11094433227298525,0.8970521584989928,6.332407087545674,4.111757522060328,10.50201512896827,0.537540428439701,0.12750851597398488,0.7173909405286334,0.13477376415131703,0.037477385979902286,0.19691650389292287,0.8896730001838713,0.10047713621692746,0.9777945180688585,41.231024973667566,25.068579072267173,68.64053582244692,28.599288940429688,17.872182519759388,49.7237548828125,2.5965162013026215,2.0239734898765667,5.230670536361301,3.1452148785578595,0.24778627471085451,3.4350081948845403,0.3558147934001519,0.36461424173524787,0.7471664701439635,-0.34388801292721993,0.3727392023410084,0.21223605480013352,-0.004020756441431184,0.6337095131672693,0.662722966399175,130.3494110107422,24.56104981549735,157.7900390625,43.87332906076992,9.541931396564785,58.72802133658106,-0.0930668436194614,0.73485307176807,0.7630116185200129,-0.4722092557479716,0.6869886015697957,0.5484100463690211
1,Wukong,1,7.161240040696258,0.4598108883146054,7.693381866943067,5.8964707100347376,0.4381427310167495,6.463957567816564,5.430652040911028,0.394904053305987,5.895314289226729,0.7585357431591717,0.030812273002078068,0.8042425743032393,3.37681435421391,2.3127224863510842,7.0570087120496385,0.6557963521509684,0.10549781848188602,0.7830620665077079,0.21669555577909944,0.08526948032260016,0.36161669025549104,0.9236160105568012,0.10986852126495934,0.9831712803119004,27.41528748586248,11.917492628458257,44.46447790812654,17.747024536132812,7.975957445058151,27.2432861328125,11.507960040433375,12.685770568436393,20.996151808790017,2.689112383962536,0.36448660678294975,3.1282262765960605,-0.3967360642314084,0.3108627530903412,-0.06153558602841329,-0.011463112689214457,0.45819108949555293,0.5883596082983307,-0.650847186323962,0.20652864307762006,-0.380247914679702,116.65061950683594,48.8152716563085,176.2452392578125,50.187611967269916,23.337844535893606,76.48830113587391,-0.3629992024802704,1.579830868370227,0.9382846935266709,2.6030607571974542,10.582835463185724,4.6271554433863935
1,GLIDE,1,6.61096095284052,0.34948574299999324,7.0551422586618004,4.644793488745563,0.4501362967218678,5.313914670494051,3.7120266566506226,0.4671674120960922,4.449743166355892,0.5599992576443993,0.04748190265073047,0.6238833091082654,0.6308650340923406,0.2697209110809917,0.9097684791509195,0.8128686460651551,0.04020833415934251,0.8584920032382612,0.24786066031318127,0.07410811903382723,0.336028416972141,0.9840686524186718,0.017831103331770286,0.9937914893037653,4.585126524361193,1.1514212476022803,6.1848537399254635,2.963653564453125,0.7613083779361066,3.625244140625,9.397089104527733,6.28172308101566,14.755687366511605,2.6067102248592384,0.2035069412360941,2.769941834240396,-0.07416127540906625,0.44869155900100693,0.4743746739077632,-0.023885388941308525,0.42454329965154763,0.4425249517275578,-0.7979116603027933,0.21161739322889603,-0.5021503277181243,143.2342529296875,32.37952791784523,196.8382568359375,44.649437875122345,17.4396061170321,66.32019116546996,-0.5482871934391851,0.6543512289918544,0.047018461842810874,-0.011434590924509658,1.1723492288127484,1.7904842485907002
1,Midjourney,1,6.623542757956331,0.5981650664010586,7.387934298154202,4.687944660051443,0.6519650945869827,5.507417476337617,3.7821783286508,0.4923173777650496,4.4096351265717075,0.5693566746097447,0.02992813058531678,0.6185273280265884,1.631565408281369,1.9499732952750601,3.8336714025888123,0.8010519111517183,0.11801362351183009,0.9295332616219565,0.35890211548422823,0.16631397559917457,0.5737399210639558,0.971048247317755,0.021542972876843106,0.9909415575873946,9.418284794772434,6.950859527727684,17.973095873650056,5.71240234375,4.133229697033636,12.2105712890625,12.238586439686035,14.699664001370936,14.296724533064674,2.526334698084886,0.4053542308843622,2.9977358706819848,-0.06496832154088078,0.6662486409614663,0.7309750615411399,0.08962040630716477,0.680932531818092,0.9072075889910638,-0.8731595763522428,0.19342688262145077,-0.6471680520736668,65.95166015625,51.098602462956386,153.20458984375,40.68526975109395,19.385692826343575,65.93176703200487,0.3411834947824575,0.939625735159984,1.615474376818685,0.395006823948141,3.4300728441930652,4.368774372479004
0,Midjourney,0,7.273693693318459,0.3188003264888441,7.605721209717461,6.155485652002704,0.2489411098746724,6.414818576383029,5.377354341263921,0.27632035336077115,5.762412528902992,0.7397650518744728,0.03238286589803609,0.7758882887542611,3.9427897750535434,1.5923347436089748,6.12574109504914,0.6119090927059712,0.08163456464954767,0.7159821546944477,0.18417666761172477,0.06854415789840843,0.2879295105813726,0.9041160946948894,0.05430283183337572,0.9624978272732689,31.150212023724883,7.409447321233216,41.39771005436472,20.344467163085938,5.7143369245705,27.1083984375,7.706454169779338,4.6645499755198765,14.315477740109593,2.7092110241377867,0.3309575848327005,3.0474287374744415,0.331099231783391,0.5792774932905134,0.7996131067067851,-0.3341427745078738,0.5873579790441327,0.5598575350125763,-0.9356353168973794,0.03856199090469625,-0.8806445460888035,124.44807434082031,50.28767005175207,182.0968017578125,40.51164514672932,13.900405474620046,58.05016538439826,-0.03727667388280671,1.0660786422074022,1.4245961296852716,0.46473206075934814,1.310209877301897,2.4306199930786274
0,GLIDE,0,8.269774545951613,0.1617276438063583,8.44683320899046,6.937774028929278,0.24509672067022084,7.208398875985777,5.8655947584160675,0.35209398568625483,6.26268328392548,0.7090457386727812,0.03603117803688029,0.7628247985431515,28.650870479123427,8.00147816843213,39.3300855064249,0.43276213151400095,0.05745950019748096,0.5075736363728145,0.09666629570790605,0.028271161346509328,0.11215017503111738,0.7935526380593778,0.043772722273911706,0.8401937626661463,76.53887047809695,16.29205426117244,98.47184567778997,49.295562744140625,11.67267183627269,63.4141845703125,4.441828198923988,1.7057107201252157,6.0509649432689026,2.8888424209016206,0.1863102865978521,3.0416203721307182,-0.046307170138259086,0.1721707612214003,0.19002702807039862,-0.09472107175590783,0.2539711509993088,0.31379318831156444,-0.5796908968718038,0.13081648269322352,-0.4155541842277495,123.48829650878906,16.98207150240302,140.5379638671875,66.54010004183283,5.855993517176154,72.18538138353668,-0.21130183329396077,0.3212283355335578,0.18112622775390388,-0.8153933599332421,0.24965673126541915,-0.49271099347539327
1,SDv15,1,6.537099190281257,0.5866764982087525,7.277134385329562,5.240106137788187,0.536276907110627,5.887595017691187,4.588955268233013,0.47013422764435314,5.165134235762768,0.7014849779398975,0.02357124284521321,0.7271132741663088,1.180864160623741,1.1021797394215986,2.4765329743008326,0.7541818832526423,0.09345224472843897,0.855436685669638,0.2627402727200418,0.10089084537098748,0.4033686827874683,0.9551203609910636,0.04328172102144411,0.9903387491793454,14.286037151739711,7.2579428417582195,23.467239617872764,9.650070190429688,4.711746834050552,16.4384765625,6.783912394721692,8.681413300474354,18.64078663130234,2.8934106335023553,0.3958825952222855,3.2544117490929256,0.3844511982001536,0.530549779988962,0.8690718465563334,-0.4346343559628796,0.6127601040619883,0.6742621079827714,-0.8434939864437931,0.2302784622429436,-0.6353068695850029,128.20980834960938,50.531676406134274,195.7576904296875,37.83936663074796,21.23594445217836,63.99307338164156,0.012986237081339488,0.8938967516050431,1.0643111757080006,0.129844065059254,1.7303095011958092,1.946440383488587
1,GLIDE,1,6.73666520988375,0.4618740630457617,7.148777862527693,4.725687844644268,0.461017726571539,5.118667652205647,3.6337003164598323,0.3234445339687662,4.0850706092587075,0.5399236672171391,0.038685735562177366,0.5977275883585795,0.9679779644786157,0.9189721089786668,1.212564858119174,0.7815672114740234,0.06884636588533036,0.8695333283776474,0.22384442875806562,0.0766129088375317,0.3284793181593494,0.9768447986094805,0.008631872440563834,0.9869463619364739,6.743103524645566,3.2924222813340145,9.164623258542187,4.0924072265625,1.7732201707743953,5.359375,23.47342013577428,29.034184369493953,69.95740125153321,2.391554618484117,0.35889673498321806,2.7689084304446316,-0.006965725725061003,0.3783625944448206,0.5517032722693218,-0.10235378950340224,0.3932610398059052,0.3598878966717471,-0.7293267546770037,0.42121233569295957,-0.10629857429007256,108.60794067382812,26.604931256452836,131.7132568359375,35.30716150542546,13.48352572658976,52.48058028613646,-0.3912148991397575,0.6780286456532855,0.34081494157821224,0.09155085007122477,0.8835509921435452,1.3717915285455842
1,SDv14,1,7.949853838943495,0.16315836029922867,8.202901806504489,6.305439632346106,0.16536381266321912,6.520416975474929,5.283256132392755,0.17886817586673362,5.50919854798514,0.664570043449549,0.017829314016399235,0.6848786732240654,10.88644914345949,3.346076829492307,14.65119815287229,0.5386534880315634,0.054573779147385516,0.6142870165527485,0.1413173771782706,0.03518867711565725,0.17998697137515698,0.9220313557877846,0.023545199798493243,0.9499815628657259,39.37451030431737,6.715009053103852,47.472635368082734,25.484710693359375,5.158718416962,31.093505859375,4.224684567286938,2.4584494601153573,5.850843607405584,2.884835303392086,0.2317232035597416,3.177907941602441,0.1094180621563785,0.17274708943407868,0.27761761318814215,-0.46835153087674797,0.1430822276202625,-0.2963098772909051,-0.39356093387576463,0.1479699394236484,-0.2018594485644046,92.65185546875,18.069775064164286,113.4927978515625,67.15292835849331,7.36469442456345,75.46501281345056,0.5657998489756961,0.35990672753011943,0.980200167087661,-0.769410960021137,0.517708963879808,-0.011979592870537292
1,ADM,1,6.076966427716904,1.0130192484231473,7.131651568058768,4.302640257190059,0.7436733098000307,5.096034583304553,3.5243472843005748,0.6077682620808511,4.2477859757123495,0.5877654170945645,0.09819768258997866,0.655230811951758,2.547948566724144,1.8196906658846947,4.367531966490299,0.8220862007751257,0.10193635302635069,0.9452733292391029,0.3395240999991809,0.14301027517217757,0.5202732544448982,0.8565361470162953,0.18018305432462345,0.9680209216087414,20.95479066758758,15.592766305173624,40.1497968323376,6.610382080078125,3.2634120735882273,10.44677734375,25.061806749524077,14.758684512498188,42.84933517920841,1.8130356823565124,0.6843800328847122,2.594323167314342,0.03143451385665626,0.5719387775892282,0.8323088745609488,0.01008762688909804,0.4882784036743183,0.5117989971149574,-0.8713342196674976,0.13494393247200834,-0.701098831500962,123.65374755859375,30.026525625552235,161.9267578125,31.042199936168196,15.592577143621494,50.72096895536089,-0.9447691992501055,2.7258535123112777,1.3428445683923442,8.814099912814525,16.814352744248037,35.26423075129617
0,SDv14,0,7.744765171863383,0.41930808629598326,8.133371530907391,6.8536132360844775,0.36900075635432183,7.274524808283904,6.328702121310224,0.4799990452428178,6.885827221169418,0.8179082651404738,0.05543884149292266,0.8765987302283734,16.139032826672356,10.159165510598578,26.045300296044378,0.3920832370218573,0.08636288812216499,0.5125825062442227,0.103816814961774,0.050618364430622634,0.148153585452392,0.7632540816100291,0.12159697215252993,0.9107490958575997,74.1894443283055,27.373533122215797,104.49409520449713,51.82452392578125,19.56840081052984,73.9246826171875,3.6454738249487857,2.0971487709697283,5.709842999106978,3.0357760312282327,0.2156725739989513,3.2703981364505634,-0.1085391847842465,0.38580438903204173,0.4198685160365793,-0.025227298466840062,0.4091348945214171,0.3950183985029436,-0.4724723646958986,0.32638163017912986,0.004566279892992915,112.85612487792969,30.639213600230473,157.4376220703125,48.827788806240136,17.38390545445333,66.62116724334221,-0.027826344640277095,0.614546021969678,0.6557375030801125,-0.062048641735770946,1.0560340786183988,1.536370517202059
1,Midjourney,1,7.016216245719275,0.45669322970828735,7.611873146200413,4.8384328515550985,0.3715859810692943,5.293694248395555,3.868590308564877,0.29166238090658325,4.26372464028039,0.5516677151254277,0.027743994830324557,0.5928201389029053,2.6209200404698945,1.4757573289310353,4.807986996882089,0.6716238877172058,0.10911460042554033,0.8218925606403731,0.28692011843921816,0.14834742434208564,0.5363780829851802,0.9735672258418226,0.010244296562738146,0.986129527685762,9.669701866350508,3.8742656097711237,15.425312758639244,6.090545654296875,2.817882219708056,10.316650390625,16.773124681746346,14.655733904140028,39.15598011857343,2.576939453574718,0.3487117774387931,2.9567053977416995,-0.24070588868766168,0.20975018072247317,0.017643133416515983,0.28786242181430144,0.2364717685170467,0.6202268040803081,-0.3235157959060824,0.36072566473583484,0.1691587841160036,57.37382507324219,25.06725260052219,90.358154296875,55.218818379403196,13.869734591835952,71.42005520108906,1.2024296545307842,0.9183244948714492,2.488241420061298,1.3177523551537635,3.7555397706958162,6.411855309992922
1,Wukong,1,7.796989797196786,0.32209637254891954,8.090573484377657,6.298085246778294,0.3805616710308918,6.6665568240052036,5.132130091319599,0.37684944819600347,5.4762943381457845,0.6575864572780401,0.028822955315381326,0.6849882680179724,8.285114421926187,4.19101527699635,13.588171611237096,0.5376449018738119,0.1865901274220847,0.7920521071924647,0.18328752773599977,0.1134847712850147,0.3383818385037528,0.9014721641899588,0.0593255471534582,0.9622649661803857,37.80109347206559,12.926009744131893,53.30666355915767,25.013092041015625,11.875697074330766,39.8524169921875,6.707280665146664,6.990242676069341,18.73212323445324,2.804043211154209,0.5877729763279955,3.3983009776107957,-0.1181966447765275,0.4150124355810145,0.43028308866206955,-0.08383694808566056,0.4401521862620973,0.4853755492685733,-0.6959741560071208,0.2679093681268164,-0.42516583246614253,120.61141967773438,26.18347997381388,148.735107421875,53.98729793263852,11.682017379489098,67.41968492802724,-0.13988298290845583,0.4029986578897594,0.41974126406999,-0.1185780419731246,3.171733490367298,-0.44794390476672996
1,SDv15,1,6.574246837453768,0.9500784453585895,7.503525329710198,4.979320299356328,0.738443001904351,5.874732462576558,4.04722904630907,0.5211407470308999,4.799891012032137,0.6186107755531869,0.03688456490358274,0.662709290918746,3.1215446320310525,2.424852348448775,6.401384164777019,0.8938909281373051,0.0620960810739647,0.9724633691228534,0.5835478613690224,0.23267238466321266,0.9408676464645982,0.913438687850021,0.12474144043081134,0.9830137505210366,16.92625909269511,7.6133741001815345,25.842558122937263,6.225616455078125,2.5243951732216554,9.0491943359375,29.856332165657772,35.62820578806691,63.65055765486203,1.6449943062966823,0.5364046895163949,2.34012719901238,0.47579054737744275,0.5622415634896473,0.9638203730793258,-0.564930820755677,0.5124517548686435,-0.039932694171211564,-0.8874100238189684,0.2889909622012525,-0.8357272025401317,104.99327087402344,60.83273776938559,187.88916015625,52.66632385492183,37.40387575911941,101.22488933154611,0.8581303978665427,3.1149114961436717,3.6196493737868227,9.707845080152183,30.72166350101059,19.09850285715443
1,SDv15,1,7.752167157363796,0.42578699667791653,8.134386886025197,6.811075858017023,0.44677457702587403,7.2700454868523225,5.840480598854707,0.46433252650168944,6.3301426348512555,0.7526001853161953,0.027266398539423736,0.7809712759147032,26.014078960577336,9.945345269463596,39.59913548752843,0.6345240637851899,0.09052007586952082,0.7702137230809136,0.38429422302708954,0.10412557330628239,0.5170700906551282,0.6436053784340303,0.1425232531519919,0.8163407514099175,75.09435323653902,20.446507577977385,101.4515277228933,41.029327392578125,14.105606536349407,59.5848388671875,6.614632752356119,4.448614724531281,12.652593381124412,2.4562791381781928,0.33170454374436675,2.810877481273954,0.6789026577934734,0.08249566350388278,0.7980558932814288,-0.9308397784202256,0.016378393312497123,-0.9108327209886804,-0.7576458160035604,0.07465420718875301,-0.6597187673062817,73.27561950683594,7.062754747487021,83.0517578125,48.49680768114179,4.833159319485568,54.3619643683186,1.7704892027750545,0.35927599393372067,2.232703530640547,1.9236621249343493,1.5132110684958813,4.0179905571731895
1,VQDM,1,6.621184939612195,0.8527784528703906,7.654189522420141,5.675464881346619,0.5895915095373923,6.47583453292653,5.2353838526830465,0.4918117266123543,5.914630067925755,0.7957114261937139,0.054609432027702784,0.8672108408848538,4.2518532297178195,5.058191146419377,12.518761121346708,0.6656210386936836,0.12207437015059577,0.812104798516629,0.33951760048058655,0.14346064917802684,0.4840333854920942,0.5929732565036887,0.23374630782100195,0.8771833177288646,28.76315602153053,18.873533092646415,62.05769907107604,18.163345336914062,10.35020822068114,35.9521484375,8.05176103428921,8.319307235852836,19.873182262658194,2.9135111376379306,0.43219318833999615,3.378011197256111,-0.055126245677712155,0.22966652913362168,0.20072177569979227,-0.08695656585431284,0.20510126015367916,0.1977742405614715,-0.5439751634202736,0.40781064050283844,-0.021669602721147728,87.32257080078125,12.47827895822682,104.0594482421875,19.030598775914047,14.48257036190804,37.675193706752324,-0.2551622383758758,1.1597127611023905,0.7822304306177819,4.695481360132201,6.9812896072697415,14.63733247480349
0,SDv15,0,7.022186428468256,0.7169325728170467,7.523906775512529,5.871031249518878,0.6696792550417436,6.4657627235799096,5.20773655825343,0.6584535565138494,5.770284609438551,0.739891225831913,0.03804197041798289,0.784353301942653,4.873938182043652,2.205197602033071,6.9973771337238615,0.7666741341467056,0.09023963330513977,0.8920495359174161,0.31908779887460437,0.12938977939400736,0.4983619754142221,0.8864144437165129,0.09301577461698905,0.9486539003333487,33.39811091755634,10.79172579085252,44.63021220504824,15.889175415039062,6.039423649531822,22.1015625,15.514107838143822,13.236931072575622,34.199678039085455,2.0906173124851684,0.4480569520231919,2.5744477284259477,-0.15187624776737274,0.3827345001394653,0.43994555134607005,0.02772714575640837,0.35586316799448614,0.5139119717748358,-0.8246016031887038,0.13720337935797855,-0.6435060368854166,120.63365173339844,42.52448587598518,175.009033203125,41.63547118230143,17.374120629951502,59.43248249210356,-0.8567425206776651,1.4504622846147122,0.9218962731671378,3.756097201906058,7.971963024064656,14.541771924558248
1,SDv15,1,7.119699465666904,0.3639329395608702,7.5770455694605054,5.690154684475906,0.44664872622347884,6.313804289711796,4.798914879658536,0.4130880624254293,5.395694828125462,0.6730818355883308,0.028903360143973527,0.716389429882342,3.578018953530487,2.4700612182413315,7.864654687106325,0.6799142880005816,0.09736959585605362,0.7714298432491993,0.20756122533523882,0.0796383684035986,0.3013393953742909,0.9248846507806481,0.03921105201609258,0.9594952699898129,22.789132861859628,9.918790045268324,39.06236381650595,14.27410888671875,6.882725584377672,24.9207763671875,8.893904190732954,5.087110977891058,14.179702197066819,2.72342197550533,0.33819180338263133,3.1563140751801053,-0.24102331396042978,0.4893352681116287,0.5104585667395156,0.37800972175729625,0.4199599942216229,0.7746344881927116,-0.5899361697811465,0.2928168421208157,-0.1241124051687157,133.4070281982422,57.494411527103765,202.8184814453125,40.095088149925004,14.51732125218762,61.814694773779,0.07603619085699712,1.5065752096337843,2.3820765562544377,2.4879455695023553,3.6823238432848626,8.545209921288507
0,Midjourney,0,7.40664480605577,0.506231443375138,7.984696378531558,6.626409067857237,0.34572550445053474,6.9915351523816325,6.295987422740776,0.24682281474381762,6.565618162504359,0.8530825664720527,0.054794674747090745,0.9422173861782743,11.980037859327767,7.236294638323058,17.730241894211385,0.4223176666074929,0.08279632290603023,0.5136819200632043,0.12104177462590185,0.041368311484823596,0.16118877364713646,0.681152387928156,0.26054450568379484,0.8692961544979085,68.77752574636338,17.471837318405225,88.56220551555509,49.197784423828125,13.560907455763065,68.9869384765625,2.3151926393649083,1.8860013180453004,5.046665070619601,3.2086548263610246,0.2887452532795618,3.5764660721352826,0.17910695462075343,0.30300105205708106,0.5900678650733044,-0.311977445656641,0.274392102788078,0.012064700939983394,-0.6589571900031408,0.29862566923478456,-0.33295155790810793,100.07627868652344,21.173153624858127,129.028076171875,38.41596708555259,13.425421249261476,55.55713574812618,0.2345196505637392,0.54653906930561,1.0784367343169328,0.12539171020094825,1.1071928462104577,1.6234910178367694
0,GLIDE,0,7.446987754738176,0.23105136760353992,7.740795894915774,6.406683652129414,0.22404175306494034,6.672403359546051,5.727650995641672,0.2208541266176182,5.972346709766291,0.7691830117620728,0.020513267660914783,0.7922304893496002,7.982709443007533,3.08836153169575,11.6180191405266,0.5738096228370668,0.03910638556122377,0.6102131892153878,0.15127858851486903,0.05619039815168432,0.17087381138215724,0.8746926299295488,0.054742710742254494,0.9370826594332755,45.48705132357635,8.872084781716572,56.1915127465589,27.68756103515625,5.798461658041465,31.817626953125,8.079847173000896,4.658601836345795,14.030099240835336,2.631225303712446,0.21297194528681962,2.771406431439224,0.048482708565679045,0.3645015529370424,0.5235183192061266,0.0008614270835111196,0.2282179738592365,0.34175778647521626,-0.5699325563591233,0.30091460718243557,-0.257376946750574,126.30313110351562,43.35860111386858,197.3863525390625,47.017956825332575,8.739026004559378,56.200110735912716,0.13353000954050046,0.5775284681650527,0.849416858816776,-0.49885239813212834,0.9664596599836532,0.4509179771267411
0,Midjourney,0,8.20092473333871,0.1545126192716162,8.381650544367973,7.234992300792419,0.3628725503047551,7.477638628065081,6.7960793508456,0.5468332230914787,7.119850915075013,0.8285979332049305,0.0646591202963858,0.8732503231917615,79.5353629298942,31.979291705610507,114.43550209435621,0.5731483394241379,0.09344106770332812,0.687237840448552,0.22862449907160765,0.07758221074166735,0.3109114007599936,0.523640013416385,0.23399978284137385,0.768110494490416,151.76632024969274,42.755778485111264,186.83937938467716,77.21989440917969,25.02353948945708,105.0848388671875,7.9153296836981735,7.570512767001362,12.05002328162849,2.2189661210896743,0.3112230112998601,2.5810010878672554,-0.3963801414131193,0.19447210453994812,-0.11774040264324633,0.2609018747440692,0.2925894059652542,0.5558584137526836,-0.8140807588454837,0.1614753664122888,-0.6136620296255996,160.33726501464844,35.39682256261718,205.2628173828125,75.06830115431906,13.178330407975997,91.08537772394189,-0.5709042166643967,1.1425292923044827,0.8505038275913939,0.6385417151453886,2.633350777588039,3.9963085743527964
1,GLIDE,1,6.813888158232832,0.1772232735886239,6.983310595127099,4.454759628737152,0.20614508048687108,4.740272685507945,3.2674023584535057,0.16165483798301875,3.4897994481356944,0.47956078174984096,0.020681846019367334,0.5064998659742024,1.0933838813303098,0.44679079908231095,1.7084066554862685,0.8082241049473908,0.053878585660455315,0.871270469160746,0.3814477768558877,0.09373147368372908,0.492244725467571,0.9542571727714481,0.023566953621163525,0.9891715741063518,7.1696220332574985,1.513922197416275,9.059913081808944,3.9291229248046875,1.0529456014063876,5.3233642578125,14.573912476901388,13.000545970089629,22.718813725953147,2.3908505929458705,0.32091303090875434,2.7711235033370825,-0.2983094355569705,0.7784331486275917,0.9713683175337056,0.17044119908030309,0.6851235277459338,0.7249713835362466,-0.705788510340617,0.20276366472724208,-0.4629423695187151,196.234130859375,31.654291108821056,224.412841796875,32.859367616785775,16.141730552371065,54.57691370407092,-1.524440790393867,0.9454001003827152,-0.32529552419447005,2.46880913017848,3.4456824824890826,8.035117834626652
1,Midjourney,1,6.345268626112896,0.5564888991715938,7.01305693576106,5.2404770265187866,0.3270536620590762,5.6718856900472865,4.8889002613417905,0.3234052835511555,5.327248836167103,0.7730774503276442,0.04435596769544447,0.8336775922419096,0.7828982721560847,0.3898790130762991,1.3074781706664147,0.814745414344302,0.030046299876786284,0.8425745007989628,0.26664041320890497,0.08195137495145849,0.38259041776575964,0.9403261719269403,0.05335197463542099,0.984665535417367,13.877673112135465,4.272530868090905,19.716190082885866,7.989990234375,2.1095679901282613,11.0767822265625,39.96075648280656,45.01442500073476,66.0198766798088,2.1952463631546615,0.40292005633500405,2.821114577772662,-0.3871008460498336,0.5766261520698316,0.4446529113063738,0.24814350000619564,0.6059888531451558,0.8466737339555372,-0.9037128558291156,0.042562870793728086,-0.8449215413249394,107.40678405761719,49.73833342510417,155.1688232421875,25.688976541056732,11.875660364039634,36.97686079990565,0.20334736543005072,0.5721045026940574,0.8635555479771082,-0.3654842743564229,1.0669987127966691,0.9898288017783428
0,GLIDE,0,6.429636088188017,0.484155695400303,7.076634123963214,5.836883051103841,0.3234419169409219,6.338402725770074,5.220447526668991,0.36074543482688626,5.766048639038836,0.813568329569928,0.04407254194729227,0.8784319837534302,1.849912505511465,0.9594815071635563,3.3539880361867005,0.6406403510061591,0.020445488670404504,0.6659741245501416,0.3106608538287336,0.0384203271120397,0.34917616066624024,0.4609351522492395,0.19904266501858867,0.6934637630691882,25.337175116927142,7.522806148821078,37.28614674651186,16.778411865234375,2.0760879174407725,19.3831787109375,16.691220472683764,21.651391891070965,49.73161991028536,2.8617269679561126,0.6519223620251929,3.4098392126148203,0.06013869098282232,0.4481769317554358,0.5194887802967486,0.09891634200252744,0.44369910950205116,0.5439371023388392,0.5790798506295202,0.24597687142494015,0.8678901563220494,30.33709716796875,3.243781846203417,34.610595703125,10.941920617201141,4.947814939862756,19.914268347887855,2.1197493008491355,2.814238329110324,6.171887597981996,17.21272461415544,24.009945302003047,51.91866157551843
1,ADM,1,6.978197109885505,0.5501225498880645,7.479619518836329,4.7769802494854385,0.47890582565193734,5.285420793542567,3.779258527061329,0.5028005659920441,4.221543739522603,0.5414472162672075,0.05429452440564833,0.5808754523201698,3.9702705119953086,3.6313623109572757,9.392519073601665,0.6775485734122422,0.11078008659763655,0.8434326516625843,0.1936042934219817,0.10852647752143596,0.25605546705815047,0.9126403398834213,0.10630140053783281,0.9881882623199076,23.141264371190722,21.95367507992798,58.45763275296399,7.951446533203125,5.235647290225352,15.2662353515625,24.91925489766468,18.060083864184513,46.665220350091154,2.040368454093349,0.5048589490481162,2.649948312332964,-0.2958410827841862,0.24284523130955638,-0.024587370423394532,0.05358309835134122,0.30904142508638555,0.43816666725068887,-0.060898471600286226,0.26222971520848903,0.26296572388176975,122.48924255371094,55.502174656853974,198.503662109375,46.28124093761213,17.83225738643609,69.16580512449805,-0.3791584922686758,1.6311918094606577,1.4262560586909208,2.8803204227207813,5.943877975302883,9.688471115685436
0,ADM,0,6.876278627749004,0.5975429315637063,7.473282983027491,5.555391069191887,0.36134400442304015,6.027586827338457,4.823473718176222,0.30310929707568735,5.239087839546902,0.7036187330901009,0.03316208565186297,0.7483226250135038,1.7940728881251575,1.3088637423852867,4.115914942365835,0.7389105006367661,0.060145828936109653,0.824847056878307,0.30836318565361176,0.09851061590210201,0.4271612158523105,0.9118714898539813,0.06518284449188746,0.9811500317002639,17.25730363169096,6.95268079272875,28.20968654714858,11.419403076171875,3.404251308294878,16.780029296875,6.8890761033196855,6.291274143773382,14.590759967353126,2.8694966018646655,0.3686387056529805,3.383147063620305,-0.23560308785990203,0.2096065255659527,-0.01182077630890042,-0.23535876051325055,0.28813245281645566,0.15610888000889656,-0.13557606769130542,0.11294493406998657,-0.046944662931900125,118.54307556152344,37.336937382898455,159.073974609375,30.72300632125978,16.112608653690785,53.48484932086849,-1.308407775888673,2.0893005222110435,0.7447655806780501,6.1676367827380085,11.135700007628902,14.150015991096483
1,SDv15,1,7.287022305758523,0.5961134868825722,7.76304839434351,5.574818779855218,0.3420865490172799,5.926053746871604,4.630717685822265,0.1854431741013903,4.872090068614606,0.6383616281091828,0.03856588343890735,0.7005812730488484,2.9701463810350535,1.5299702260473595,4.343529541446211,0.7488208709471174,0.02813815728309676,0.7804019771463604,0.24842137468504877,0.04780828804302484,0.3114308330767928,0.9678862361148497,0.027542015515170347,0.9858151326426521,16.329984145787545,4.044000023194136,20.701883279120725,9.794296264648438,1.5128017015490134,11.57568359375,8.443682005196873,5.65728232628863,12.075757007674696,2.688835696866921,0.3986152066116257,3.331797972625358,0.24198297566292765,0.6656114647204645,0.8886244677378772,-0.4179302573741829,0.7321864103369368,0.8550241342723676,-0.826688279406956,0.14175190500271131,-0.6521191022559079,119.36506652832031,32.20744188019402,166.39208984375,67.08086957313932,31.732517352862367,96.84916755237452,-0.06151859480994094,0.5191505100093644,0.546143414852103,-1.2104139521889676,0.4705060780093192,-0.6026591721899752
1,VQDM,1,6.757517197573566,0.7020383884770144,7.3988769224656785,5.549826088742758,0.5224092439119195,6.064746526028221,4.851105649715157,0.34453122335817027,5.239545745083811,0.7210209327708329,0.035446929337969064,0.770062454193997,2.544688868024062,1.1864159589150736,4.184606481481482,0.6149171236081294,0.09961130433931861,0.7435180204408098,0.23052452053975614,0.09946784254109427,0.374044635356096,0.8478135643086244,0.09373993479048405,0.9759960175739448,21.232588955130375,7.925443491560217,30.5031219142558,15.693466186523438,5.976505196969043,22.87255859375,2.4063926542836303,1.7229638973081158,4.169272567845625,3.135546536587511,0.17023008428313466,3.341258794908825,0.1418015421528528,0.5945825764566921,0.7702701182181015,-0.23848765542879352,0.5753861566989239,0.5422723582332127,-0.7936161934576704,0.12829301824114292,-0.6595417150932392,117.27088928222656,36.84857687299688,156.3087158203125,27.606623482909626,9.613316372639222,43.579522525582234,-1.3312303952493574,0.9421753121678335,-0.47928816123482526,2.0995747128005675,2.919891593100969,6.520856719745773
0,GLIDE,0,7.469652502867712,0.34444129550868197,7.873279530656182,6.135634896270155,0.3805059008632612,6.652140946586636,5.129130191517003,0.3704876602826919,5.658092364524997,0.685933853901223,0.021741984826540713,0.7164177749110316,4.801119626814849,3.296406543398284,9.678922784391546,0.608871667287378,0.13303165704327563,0.7883604267393285,0.22104701403469632,0.12643670422454834,0.4274168215784906,0.8742959184746719,0.0673436969120215,0.9502528845735958,31.13841246416016,12.455204467878236,50.91791955600817,20.359329223632812,9.900217989523904,35.91748046875,13.519170378377765,15.151640662276629,28.84920343223535,2.6652495549310267,0.47230873991687755,3.2315541378333403,0.46309282257053785,0.43119974881716827,0.9138801273334141,-0.6278715350991881,0.27111668457407984,-0.23653256713340753,-0.7687641414315747,0.12993022223620346,-0.5941506614758704,92.8336181640625,39.14467517223724,135.765625,35.913592480554335,10.661913748016353,51.98688425446741,0.5516105814429239,1.2998943082738803,2.2226147422903613,1.1975728914367696,4.573672964688361,4.7519698828648185
1,SDv15,1,7.634796839455502,1.000249430953655,8.53805289996313,6.37379957663888,1.118909865524866,7.511569921086962,5.571488908491794,1.0358004414845725,6.59094051500187,0.7241459628088409,0.05170081381519373,0.7817110438815253,20.456201208782183,21.840761587425614,58.060694011401026,0.5822508727794421,0.25246555423609107,0.9288359437173395,0.20299387674968788,0.11974585508805272,0.391264694769482,0.8537755974445931,0.11287008598178919,0.9803470717056553,59.7170680552354,43.526762483404866,125.46492155059093,39.507904052734375,33.99310422300728,92.70068359375,19.749209753230705,38.19129931121716,52.71110241867292,2.5794418539592407,0.7294685036830786,3.518847344712425,0.08230014576196575,0.5595112233544054,0.7517921119067331,-0.5921415953266738,0.344745811334371,-0.12674735544959037,-0.5380405590826309,0.6043929975081712,0.37137477151279474,105.76243591308594,28.779090636280202,134.31884765625,54.672827865480215,19.23895098358171,76.84953231955777,-0.17634270399515622,0.8974635784544687,0.7328557299862819,0.33188933695233036,4.197501962362051,0.9405520505438976
0,SDv14,0,7.627230125730257,0.42644847851088985,8.16149325229729,6.472978676962809,0.6228293605224146,7.155162029720673,5.699198179459765,0.6754699712330748,6.558697777599958,0.7449888403439442,0.05494679733337108,0.8309634457883046,12.715566145439675,9.24226412034563,24.614688149565414,0.4766478945258303,0.18118642804080431,0.7439283478687189,0.13302065652687148,0.06870917868101085,0.21958212356696805,0.7405296620997628,0.1643648456176447,0.9306003430475369,55.76552931151858,29.634420596309685,94.88673538960325,38.52470397949219,23.72041796174321,71.98876953125,17.11323657904877,27.65785427447138,43.441709009941164,2.774087493900743,0.5842173846175569,3.3561611746409534,0.2897022224944872,0.22588748743362452,0.6020720158747239,-0.5332753854174614,0.22555484419784788,-0.22465568896568666,-0.30050374150557924,0.32555934860348906,0.004110291065740408,110.98576354980469,23.604826583996513,136.67578125,37.55758894440619,9.727990791098506,49.354167007992366,0.06913951654722048,1.0348635502345669,1.2281476107930618,1.5743660685840326,2.7915471135713794,5.10637185814833
0,Wukong,0,7.844085615554774,0.18282519673714195,7.95135080478177,7.196039684481731,0.3938092908023826,7.5418948345172065,6.836555083904562,0.43176624415174725,7.202389363822405,0.8709131534373608,0.04010060723450599,0.9066971950180265,27.820437430614643,13.432697551040121,45.14533090435253,0.3298467344676935,0.11125536667628681,0.46992956970402744,0.08301143259938491,0.029441072439846023,0.1275939600168968,0.5842537598332449,0.20821855259269495,0.8139019368361069,110.59390215086464,35.19958859123396,150.93871333546798,78.01992797851562,29.052801695913967,114.1209716796875,3.4982142229114,3.3104015951067223,7.817251177769126,3.1177532114889823,0.3112620004222576,3.455106704691982,0.23381341897736022,0.33680780061010823,0.5826986166242992,-0.5252033147546933,0.2108421128129292,-0.2529013521345153,-0.6621760337689755,0.19449266557093867,-0.4791402613873066,112.646728515625,25.715407005641882,140.38037109375,46.33889725566827,9.055061095681342,57.18041212496041,0.5172585913051598,0.5258128232086691,1.1509393815664253,0.1719017036718575,1.2422280826342678,2.107018327590122
1,ADM,1,6.856435587466469,0.786989243676484,7.457825962252832,6.028947628175335,0.8012494558826685,6.596318663040146,5.729134746958035,0.7859477124606842,6.309651916333332,0.8334132337482858,0.05016110256052271,0.8914584496887432,5.449699096218348,3.5146541128030795,10.259354725686567,0.7911359645010712,0.11098578584752987,0.9218709600801339,0.4967706276119081,0.13101108826906602,0.6517184868181842,0.6625072659319604,0.15953799318262404,0.8682431208259964,43.08501929041987,18.73721728715437,65.59648758933089,19.659378051757812,12.247556620691858,37.453857421875,22.83089417226402,34.058964348330164,29.777387767449,1.8881722565056664,0.611670936207784,2.812386739450992,-0.29141100230804706,0.1842262287641941,-0.04663474412557998,0.1211811589092724,0.34062280020546903,0.5465736450012261,-0.4931601276071933,0.17829278471413798,-0.24922468233991568,136.09910583496094,8.673206097224433,146.591552734375,22.563195769345448,9.030491843425942,32.19981804726555,-2.85474950088199,0.9733827299242422,-2.0722142477292973,10.290471952613775,7.336583366003405,17.748774198189217
1,GLIDE,1,6.780976977722984,0.7470263741784184,7.398449577260935,4.7901885414124115,0.6998012084048387,5.524461192182408,3.7500625712382174,0.44327387799288287,4.243330891093475,0.5542861110228985,0.04008245376819698,0.6052489799470311,2.3256186987237037,2.257107419391139,5.213643530328799,0.7792393917646744,0.08187117026221083,0.8758772577317964,0.27205234326361716,0.10966259258605698,0.3681974602101538,0.9753306484235402,0.01434299360177642,0.9954859744534114,11.343979594192671,8.102699081310456,22.324407332746745,6.448577880859375,4.4059145059720475,12.4617919921875,12.21455867889152,12.205960243054582,18.040640146685924,2.4520990315345506,0.28964346469413443,2.767132638690084,0.10191167321514748,0.522052183925461,0.8171820862418844,0.08518602122454168,0.496394982464072,0.7227809542832686,-0.7133715016469657,0.23177139132575247,-0.44836760402585574,129.4794464111328,35.49172296491043,162.358642578125,50.495764313576345,13.559210307317487,68.5635332281077,-0.12482765596981749,1.4162235895090325,1.5941352624794611,1.3123566356361198,3.1705196058596643,3.9624581951272466
1,SDv14,1,6.851353294015425,0.5251801402097322,7.181494888466779,5.715088907019613,0.5730236962338815,6.179809948595695,5.058047772711841,0.6413175779971472,5.598980212611753,0.7367816536337002,0.06516761210945592,0.7986513853847961,2.9296579127889593,1.5891195460199166,3.894923941798944,0.6462728145005143,0.11539087499734339,0.805169586030867,0.25065760491520905,0.10650997626698391,0.39089121795222637,0.8519609480871299,0.1187068904517197,0.9562436514949754,25.084705572932894,6.981630892108443,34.18525692848756,16.860031127929688,6.2542948954829365,24.4947509765625,4.666576646522277,4.751215416748118,12.38701378668997,2.936309041310441,0.4320258724852924,3.362424107690357,0.1397743410897849,0.4580721267729429,0.6514154310048599,0.2412199254673028,0.5534039857047524,0.773097232485628,-0.14232145980146568,0.5641903651578644,0.4933879725542105,105.50016784667969,35.91718099576786,134.4205322265625,30.458471294521427,13.727578316726047,47.101477683468126,0.09994701271401715,1.0136572771294114,1.0716744180756907,0.973308926474556,2.505339416559161,4.822064985896892
0,ADM,0,7.4997572760097455,0.34383562102235143,7.825759436471713,6.300530969740639,0.32459200242178815,6.658826168839001,5.793158269383484,0.3368968119561369,6.097776483509152,0.7727206669600317,0.034750433687544977,0.8166372666184423,7.376607059201001,3.3595795733468328,10.631280116213171,0.6278259297031173,0.0906079445245738,0.7515409677775418,0.18529296324991923,0.07112314216891279,0.2550200274348594,0.8851594983439959,0.0808824580008605,0.9675517859435699,44.3916217590576,13.910011315819613,59.86111765673112,25.065994262695312,9.144347945408027,35.944580078125,16.135875568612644,15.455788669996364,24.652533002216934,2.3715776553091077,0.3336391709171117,2.6742635739401086,0.23606361118091396,0.4042025592419992,0.657783606463846,-0.5102122657482331,0.36156847429357686,0.025664975913822954,-0.6406772254902766,0.24071014990386944,-0.36002276985497117,99.72787475585938,35.29072880604631,144.3919677734375,51.80666700532498,18.89758324409453,82.10004552524546,0.09518602827381495,1.0290834513291476,1.2765552388770824,0.37539823891432716,2.7981745385317054,1.7103980294114285
1,ADM,1,7.300181386780996,0.5964724595707053,7.881898783307227,5.66237993713991,0.5857176384351677,6.330732154488215,4.794149195738246,0.47599404015371494,5.308400894813131,0.6561193868375343,0.02654448243767416,0.6848503348413115,3.991178951325903,2.816804133707755,7.683737933830946,0.7010222706057008,0.10543652654392106,0.8315228510114994,0.24119740061787212,0.0887612078946221,0.3319128597422367,0.9232379133021538,0.05532704008359125,0.9746697772079624,25.808081388495857,12.06630845472085,38.83179632697936,13.26446533203125,6.317379552404271,21.8289794921875,25.316642551074615,25.405067076120886,59.28986135717709,2.255559454071377,0.45584900242080756,2.7407019082219044,-0.02779171905196165,0.6771250459254113,0.8138134545279061,0.047398895371252164,0.6781310683237548,0.8674792503436226,-0.884701966219992,0.12692832325212702,-0.7526447683199208,101.67610168457031,47.881870430868496,159.7437744140625,46.02243968108108,20.6661518431543,69.8699218827319,0.6313625334397149,1.5759897207919678,2.7802952865758543,2.6455320903839796,5.711663731168071,10.309297486407027
0,Midjourney,0,7.6755436953685585,0.38172188949379815,8.004475732746979,7.392515838266624,0.1938878953053333,7.608923778596369,7.009084086763119,0.14860674541794325,7.17310639183861,0.9152619225429041,0.046142240523543494,0.9872349670356466,39.23770771329373,18.213065147192737,56.51495722710397,0.24443467863157023,0.03550807924170551,0.2932930831426508,0.07587788812559021,0.015739657382395668,0.0913496302090716,0.23597442991787226,0.13106244408774928,0.3963543799326421,131.8857586295116,22.619501031893808,151.93852703506658,99.29452514648438,18.150786119964355,118.5587158203125,1.170343545273062,0.6434962352091916,2.019659757389885,3.3793142871844823,0.10346066509840544,3.487150505422992,-0.2249891480228965,0.17132283451175304,0.02288660076069958,0.1910659309251127,0.17473672084190894,0.3960117789198927,-0.8122223196282767,0.07978637064500835,-0.7168146996879001,115.88742065429688,17.358130166144264,134.13037109375,40.293524630027036,10.562938371427025,51.62606180036881,0.07979485674119907,0.3309805682686068,0.5224313450190694,0.6324612167385413,0.7036417006205414,1.4731227630055672
1,SDv15,1,7.6975106490038,0.1868917952438838,7.870082104195988,6.47632922658901,0.348320237746111,6.76342713342047,5.670670939953334,0.41663644128967353,6.031359075359484,0.7359568058434036,0.04146410652332278,0.7722655473018382,7.803329194814508,2.6965592470879125,11.244871878149414,0.4259018734416591,0.07873497295344066,0.4932061141712272,0.11914471415641709,0.030206261210731094,0.1543001719205232,0.7994592922651376,0.16780025269954202,0.9640396428927867,44.15589127556875,11.772795124254406,58.04299674221343,32.51811218261719,9.416280164018781,44.63232421875,2.661970344414917,2.4217922515484402,5.033521971543255,3.178067903252905,0.2478874702132184,3.409440605805788,-0.05581043211568233,0.40717298831698806,0.48677482691365515,-0.08743236178701803,0.4711961380445883,0.44480949302759787,-0.5520463486427305,0.349111430540127,-0.30712353554336025,136.94952392578125,53.730592052806344,190.126953125,47.86186479016111,23.77099540254887,77.17012777861146,-0.037460160525528086,0.6758279300708576,0.9990206889509937,-0.06977670440257858,1.0610504588103333,1.3153298821400337
1,GLIDE,1,6.010443499469373,1.7184920922209386,7.285426287616696,4.535148364927865,0.9286966440446499,5.403239435991699,3.732230671877363,0.507822279543493,4.2498634064181875,0.6710054737825277,0.18050687974065677,0.9769467329056545,0.6952392393589382,0.504122329032773,1.2154209774187459,0.8950869142695512,0.0824412164924118,1.0,0.624204042516906,0.29780224828937224,1.0,0.9827032291906727,0.01364769526956259,1.0,6.484958646904875,3.094180129441922,9.412368537747756,3.26123046875,1.4292735610565934,5.1893310546875,19.959650844601313,16.420131836666922,37.81425180510254,1.909140342845443,0.3497533091733124,2.440090920849155,0.473638203361315,0.6895262358934232,0.9762237557732462,-0.8534627503777529,0.11974682724287668,-0.6991729663312785,-0.5915442829886605,0.6080761677044247,0.4602662425301609,58.00993347167969,54.23871096286732,135.2559814453125,30.032852782234293,20.39079917584799,55.692820157205865,-0.44638620829701015,1.789340584485998,1.4591308118549784,2.736175465288931,5.310735884642896,12.66733674685763
0,VQDM,0,7.559453594766333,0.2504465667437088,7.850014816749679,6.621926736909833,0.18807860218133166,6.873365332856375,6.175026847128567,0.2022223106625153,6.46289297287796,0.8171861300304235,0.02200635439226135,0.8456473342997415,9.3986514998071,4.708797740064028,16.44824833868733,0.4734570613512454,0.06829536305725668,0.5719241461700751,0.15804005878747224,0.06003092239405834,0.2449067168689098,0.8171107712361274,0.1220080441303368,0.9390856404507243,58.51737397285999,16.99958288258122,83.63842835025252,39.15521240234375,9.232329356829721,50.8231201171875,5.0311822585189345,3.56080872869146,9.79983744739869,2.944934290977309,0.3030716323503473,3.308606384246869,0.06021319765271329,0.5014654182894264,0.8398348049046627,-0.1817666508226001,0.5508948172974721,0.5759269506755731,-0.7809539676986059,0.19878499352057252,-0.5369638299599968,131.36143493652344,37.82761543126185,170.1661376953125,46.86635536343755,17.230946495634544,65.67944759605923,-0.7773361223346974,1.2219519022391896,0.7318919217145939,2.0946306671529515,6.0586534748864,3.91485458105409
1,GLIDE,1,6.686822682181903,0.5881538139077971,7.282544256118525,4.725960227823821,0.5904858217912176,5.259419935686822,3.738522003594593,0.47934570643654695,4.32260621902811,0.5584173355322886,0.0441611286973526,0.6205185882970365,1.379238906210635,1.157621366305666,2.8851745559334905,0.8541880650186442,0.04953764275711669,0.9051799805441483,0.32489267550117973,0.08990374364570003,0.45679994022430226,0.9718296052221261,0.02130106363115732,0.9936923441802267,7.275887796747241,3.992833376336745,12.687544401594401,3.4229736328125,1.7579851531963069,6.206787109375,28.18769995270484,28.20168771356765,70.9113035909707,2.0589029600177216,0.3377394264191657,2.470596952114458,-0.20240422001730973,0.4389448306141101,0.31099177879861983,0.11793651137786253,0.46098189548490687,0.7095000200231516,-0.9270149489621184,0.09241462381211343,-0.7904391602672795,99.91586303710938,39.18043411708017,154.0928955078125,41.55227941554746,14.416526462190099,62.86993380979145,0.7086470616320535,1.5779372046168592,2.1913882685423305,2.5439535202062844,4.425559377599898,8.148433241510478
0,Wukong,0,7.45722797913973,0.46095570739137726,7.94098873711026,6.199201312589318,0.4579873733990176,6.71268406725083,5.5152952964991115,0.49299995428339427,6.007422063590987,0.738851991080065,0.03550834049755947,0.7712595445181937,6.790009967383954,4.629884552679044,12.560287048847348,0.6497102669095691,0.08814989664063382,0.755062308474336,0.22972039345043432,0.1245397945617708,0.38067861889612287,0.8876408705575776,0.09794343423479085,0.9658081603935398,38.69843531235791,15.150803669836579,58.6639022463238,20.342254638671875,7.902987801292639,29.125,33.549198743030615,67.56051073120447,34.27533071340539,2.2225464648759035,0.5111976913448375,2.68381821544544,0.5518333236665068,0.27285898983743506,0.8430130028100441,-0.705832208304339,0.19933459220656277,-0.4251579213494158,-0.8143702175366224,0.12667974816778133,-0.6390246945270739,86.57168579101562,45.52064504743487,138.955078125,52.07567507893461,25.0334217447494,85.18432273427425,1.7774088508513528,2.623845779406248,3.487838935375268,13.485048235618319,40.919325370063696,19.39671177312553
0,ADM,0,7.363761858822883,0.20664832736974512,7.563841460853976,6.017703339501684,0.2122856191357323,6.222330345901527,5.260689050495035,0.2521173934635907,5.555566475645611,0.7141739478409457,0.021164178153928462,0.7460572445329354,3.452160247779668,1.3410385401470952,4.471290686413454,0.5372717415921116,0.0814566212605676,0.6452957637260074,0.14975888096965756,0.04618793863388465,0.19915888835985324,0.844440626336542,0.05959849567603902,0.9081043397769626,29.78712116920409,6.679438146885368,37.086404824928564,21.977005004882812,5.550881679667134,27.781494140625,2.7421914208076776,1.826732406188251,4.892833899044488,3.0931598942859764,0.21845713398995825,3.2793873303134347,-0.69563669432647,0.09663631427183464,-0.5843403165250802,-0.2929125425973164,0.2779184936741676,0.00301120458367192,-0.10389456989292528,0.2798225117972481,0.30126165605648336,95.37448120117188,23.33453340585748,121.94140625,27.230412647628985,6.303101175056864,35.73124229261741,0.6810567416457809,0.41594026072492346,1.1998106786541298,0.4477780214858144,0.7839884692766921,1.6591768560506908
0,Midjourney,0,7.500406653649563,0.22237018792208046,7.770792189905396,6.525796291630913,0.20684481591807105,6.7308671828284945,5.877638881700447,0.22046185360932474,6.101761928453335,0.7837243915447625,0.021343186661834913,0.80310263568601,7.158359611205599,2.4296571461373313,10.340956376763678,0.5028798322074195,0.06476134172101015,0.5844536950202468,0.1394901659909042,0.0444687152363019,0.20733270152987246,0.7902527347648004,0.09014513405787064,0.8958121181965468,47.60727570490958,8.951898785751,58.45020362534295,31.37725830078125,6.922460226405435,39.4569091796875,6.399083629853581,4.075657738201279,13.401220839599423,2.8211931981967204,0.2359325763486185,3.0314860164327033,0.18094449240212085,0.30225165170924256,0.5273621274367337,-0.13827179836046816,0.36132620334025567,0.17975114023449834,-0.8281101805848585,0.09162051056271384,-0.735998069889521,79.29023742675781,17.72565322707236,97.964111328125,34.82023610462478,9.587017993992234,45.65374712291788,0.15001972533208147,0.7755600760388638,0.916590344914143,0.6580277808198781,1.7283337810022228,1.491200167817348
1,GLIDE,1,5.923388225697579,1.032847126519484,6.946986803140364,3.91184070637337,0.6471596461443209,4.6197883484112765,3.0223399289178565,0.29904500669722006,3.3437583625186296,0.5196440700057565,0.056859344519348064,0.5927246423136765,0.5684397095064879,0.6019723095101809,1.374247586766189,0.8865246154539799,0.07779022751059296,0.9759993464978585,0.5441422417164975,0.23948355509078628,0.8578369533391161,0.903066694925929,0.19707936884819674,0.9885387184880833,4.769633807821769,3.445223760273612,9.663019235950607,2.47821044921875,1.7320201788683092,4.835205078125,15.47439227473351,11.855865953600516,31.579690545048486,1.9224672578000064,0.4596467644161853,2.5153726215207683,-0.4794619918312415,0.480165306066224,0.10282502646456132,0.31996065834471377,0.5405849629022029,0.8491748244991566,-0.7096537621508199,0.44562751708134213,0.10791908342789888,125.89273071289062,39.385736470502145,160.233154296875,22.224020376098856,13.689233033912288,37.702119600017355,-0.8034734413202288,1.6303980603318837,1.170079840992429,3.8987421016713846,4.821522435097149,10.114275225884569
0,GLIDE,0,7.5865408392822395,0.241544732662347,7.872416164502129,6.360683751635845,0.43486055825987846,6.856768830350948,5.643673752853117,0.4788057771035001,6.217672059054965,0.7428268963638403,0.04326348298686974,0.7903836613527577,7.169633814897495,4.584769583873107,13.186495142038314,0.5211951219120047,0.093247381318437,0.6366603222461753,0.13373420008784134,0.053060276543506264,0.1780378656155243,0.8733020398121037,0.08032441673175017,0.9410573690817488,42.02532108140488,18.2223882767787,65.37741080168105,28.291290283203125,12.308288067368073,45.0355224609375,6.326435920711855,3.317855504259622,9.894673305988958,2.8286794521733074,0.2037517762278867,3.0558950672091676,0.1666534601200315,0.36836024465519684,0.5591436568962077,-0.2244533910954019,0.3722095608414252,0.34246303725614946,-0.4887556991025752,0.19107680885804215,-0.29536875015190195,114.04302978515625,44.64373546218695,175.71630859375,42.87063110678834,11.000617932650059,59.03904347260799,0.6004263187698725,0.9199291395042927,1.6881300717815066,0.9434519060725279,2.7347876110467877,3.127788022597816
1,VQDM,1,6.385535033912399,1.1741910193141898,7.55471888540338,4.793765322378039,0.905780063574235,5.699941476947327,3.95166192971139,0.571603891953419,4.529149334727853,0.6246351646802875,0.0339781286103075,0.6783489396522683,1.8367262052390412,1.5473332518887741,4.198273927626611,0.7991764935374912,0.11133195119216524,0.958808204994961,0.30553829243628006,0.08050826962959326,0.4378610850985654,0.9371912285679722,0.03620831235679788,0.9751966783155448,12.959880983207139,7.225698539882867,21.795068325303074,7.3462677001953125,4.04608782428694,12.5380859375,9.70400062859921,8.053887664672331,19.57840453403031,2.347296691422139,0.276985797999254,2.689763238518389,0.30236896007072184,0.47659987543475235,0.8111493129328564,-0.48245117995316916,0.4775972751639668,0.2899192134632246,-0.7742934967196399,0.2176280518871303,-0.4952271072186596,114.47183227539062,52.10588699158914,189.520751953125,28.093091881424563,16.221606967885677,52.88383941351873,-0.26901585550125806,0.7113511450027091,0.8609467381874483,-0.20362115366547887,0.7235253611248221,0.5808109284700478
0,Wukong,0,6.455364298977165,0.7029188178029562,7.263994147592549,5.29322471716363,0.6667943162055826,6.030034104937696,4.671950638238341,0.7841883835225383,5.4904899663147795,0.7203700410888775,0.058640691821858396,0.779239973233586,2.1549601575294464,3.166998431241821,3.777521888384983,0.7859982156792843,0.1089376083804497,0.8763674790258082,0.34912720305046646,0.12777105406903028,0.5072942292400884,0.863995310738021,0.11484440052922665,0.965573963302738,20.15631934377897,15.733856868543837,32.13404224363388,11.484146118164062,9.931554942279536,18.90380859375,26.713927161643888,30.324473675198394,81.44657373586833,2.377748174190156,0.49560347708171104,2.815312802461567,-0.2830445859172572,0.3976716966623318,0.07417441790522811,0.14067123896641423,0.3786094502825695,0.5686047260631778,-0.8775704206495981,0.09812893367741199,-0.7442145406088307,49.687408447265625,11.645130355403902,67.7913818359375,22.748153410218602,10.397192274183668,34.363600354043825,0.457889021951983,0.4785878376465909,1.0491364016375302,0.7949479683133325,3.2483752583688545,2.6349269245487945
0,VQDM,0,7.721001315859866,0.33496874715519714,8.059138895824148,6.872956353946679,0.2881824910294139,7.152161751994642,6.1999077762265316,0.27582516014375996,6.480606538361326,0.8030621644863224,0.012749729875854002,0.8183578806420168,14.20263641119066,5.892326565239018,21.731048929988724,0.4172927078079016,0.09019948752279276,0.5148361283063354,0.1069448001024215,0.03478886118577674,0.13630179734101938,0.7615645137248331,0.07898875500901298,0.8516606864330454,69.45025544614842,16.631208084117656,90.08354723535518,48.23295593261719,13.537876713708354,65.3946533203125,3.1330717962060426,1.9025371821555543,5.234701512702086,3.0983586360552033,0.21413586002332813,3.419162706651252,0.03240978381418533,0.23931874145504417,0.3559068508742597,-0.016892171574269643,0.3321223993631818,0.3717039768969898,0.11704783694937465,0.3132001373087584,0.5079933790533968,113.68234252929688,16.92529612388391,130.1142578125,43.02276122497456,4.846873741060822,48.710189767959946,-0.011521369474805851,0.5372649499521164,0.7462652527929093,-0.5230171010305122,0.5731956898050184,0.13346477271808332
0,SDv14,0,6.2277906244840775,0.4441740282663246,6.803112792844914,5.33356719929088,0.23365127152624826,5.613865926353772,5.053377906298603,0.13405497303768515,5.205163578961804,0.8144196883683237,0.04460189908978752,0.8680323484172543,0.8817450229513102,0.5276255054012101,1.4222421028596628,0.7399628222594266,0.04699519790318097,0.7963088244557084,0.27143534611297643,0.06836117495477206,0.34215090279282023,0.8832377671226135,0.12541016971577798,0.9813533461381951,16.299587223000746,3.539002042445867,19.93673380178048,12.393661499023438,2.2497880043862892,15.027099609375,1.8795990661771502,2.2057501495928418,4.464343614495055,3.2084920344822034,0.2502156798461116,3.4587978280368668,0.23266260145471573,0.23628575017473205,0.5153650732997942,-0.2976416089160237,0.25542259017842583,0.05042770435419031,-0.538381194510515,0.1520690641372618,-0.4071969809131289,113.87211608886719,21.411512702906904,145.19140625,21.774381610474514,13.563902366077482,40.87681871729387,0.6797744545714522,0.6579078456489197,1.614682314541452,0.5698579481448252,2.1125941915154423,3.8890925811041908
1,Midjourney,1,6.508092443155447,0.4304174283561956,7.198021447900196,5.805948006736163,0.3354694500242902,6.197173556145156,5.526085245073843,0.3533814140746438,5.892518074137344,0.8503220901122384,0.04392511669360175,0.9118419413275909,3.4372371597655302,3.4288919828990356,8.134212018140605,0.6540031694075334,0.11443998434447052,0.8215959963373072,0.27143869462328846,0.11718764054974191,0.45066358176646537,0.7709023499296834,0.17022001344281013,0.9435893887999193,29.742090467234902,10.895965244839006,42.7678379552118,20.159408569335938,8.411216649707043,30.7398681640625,6.611557542261739,7.545216798448264,13.957869060595844,2.924123759728695,0.4945951815229766,3.5405199550914155,0.635368746016421,0.33488362885897194,0.9410159543833722,-0.5914377473940815,0.26235624992481865,-0.2082422132975223,-0.7562262816287817,0.22792748401169455,-0.39273769183170726,40.02503967285156,17.641911088094044,64.1611328125,22.41848056401733,11.331422744535846,37.77624431015673,1.274166553898033,1.0603788638710632,2.5444130734604538,3.1631964705681357,5.748944831249418,12.092635070185906
0,Midjourney,0,7.267694429864118,0.6377729200911811,7.6275067165454065,6.025524872395815,0.6274975653845287,6.37645339669116,5.169151507964308,0.6025160833807822,5.6043124859445435,0.7092736544396524,0.03602767553386552,0.7431868043438595,4.28269768193736,2.1452501657254914,6.456906749968509,0.5780793233873671,0.14413490528137565,0.7681736178225796,0.19853806524781356,0.13429741733226186,0.41828856820284166,0.8670483276750806,0.07942196127741392,0.9535406653170466,30.820555404375817,10.06894233780728,39.39896145591848,20.48822021484375,7.872168075045331,28.17919921875,6.743301630725841,6.730279543839751,16.57719950886895,2.831135897046697,0.4677021565056297,3.2274630731639187,-0.1954392945468119,0.4138495640295929,0.40013004364440397,-0.11141296893126995,0.585280468816995,0.7829027958201391,-0.3476061065869738,0.46397986690254933,0.42616683431119795,102.31559753417969,39.62342080943976,162.4368896484375,33.99236744590484,12.7780103874749,52.695298599658216,0.12841647130164666,0.9268235589831688,1.0565084374526503,0.5561271636054126,2.0995538341949893,3.162899038807668
0,Wukong,0,6.5794307446266895,0.23836369186708378,6.903554525480992,5.562859617305112,0.2858886347627037,5.900314225560773,4.913607242276372,0.32130974300421633,5.32736125141166,0.7463352637532458,0.030414872256632804,0.7872775381111843,1.4137931395069603,0.7534915212774728,2.1778726536911064,0.7137413205373,0.07160705340055788,0.7925151771241146,0.3221941813432019,0.07724735959873455,0.39751211700576483,0.8190454730523052,0.08773774544633081,0.8889371988751513,20.044752089181944,6.081254998496175,26.60936876475389,13.702301025390625,4.445252609079937,18.800048828125,4.509349006326154,1.7503075565798194,6.806104251020506,2.9090181566323405,0.18838499400350575,3.1351107688223,0.7997096189348638,0.08646103007849305,0.8831717148976062,-0.9156638257813458,0.038576700764685515,-0.8534161715941773,-0.8218861064891545,0.08194342397103782,-0.7046171011140596,28.119720458984375,7.590439030422857,39.1099853515625,16.349728944386804,5.342309190902245,22.113990410939863,0.06252416012264017,0.5635223073301291,0.7400105917887432,-0.21912896401067938,1.2047115483844064,1.3546840563999556
1,VQDM,1,7.637210958816546,0.7359742443184434,8.340268306191092,6.151374267904874,0.49426126604555354,6.662214382201048,5.456772181622773,0.250344621898211,5.742267480799198,0.7188103284704219,0.04764700685048177,0.7896876164331492,7.990745415643129,6.118716988622181,17.441956412194557,0.5802092952549558,0.10924312171018766,0.7248705535900263,0.19595844595976875,0.06501226844000102,0.3101704556909446,0.873543921710892,0.06367037778870577,0.9456459949896301,35.480920924258015,14.261179781875107,55.14309661590532,23.708572387695312,9.298475929357261,37.6773681640625,6.164900932683429,4.8858927370683105,12.26272255101572,2.888638451829844,0.2687374182284425,3.2027509955733566,0.3829637269954481,0.15068727365813836,0.5828667530203968,-0.29015534216429484,0.30496691645990365,0.16137055381997228,-0.11915983007651453,0.2594462099941848,0.15121941410693776,117.55818176269531,29.166986127526847,148.7899169921875,44.322225701484655,18.5264873857658,60.905119648476465,1.4455529478399394,0.8126941778464903,2.684012462244346,2.984261646731234,5.782174560534336,12.075718008998468
0,VQDM,0,7.600147389306242,0.3979754525623067,8.138725767867541,6.637586757725222,0.38095343917159596,7.198415534212927,5.978797634923911,0.3836675496622261,6.417173180198897,0.7874781876671182,0.04716943193500686,0.8624285908725237,13.44942413814487,10.05782111838505,28.403488855032837,0.5624793890900782,0.13887284096401115,0.7248241876619573,0.2285732623487829,0.16021856612388127,0.481896497351536,0.8152006934765268,0.10500550674067777,0.9211513956815851,59.813899117131456,21.87391289528897,93.374248606842,36.62989807128906,17.536009603202054,63.8626708984375,7.84026298330198,6.16341585913044,15.548517447708612,2.625544861435567,0.5066842596643696,3.1746693608697916,0.08038055792929447,0.3597388918046243,0.5672730088075661,-0.01208269326018166,0.5083498046275441,0.631567396088637,-0.5151293044058209,0.23932414812711583,-0.15775778466886184,110.86512756347656,52.16080513216582,197.43603515625,47.624839336457356,11.74992111365286,61.26960974810972,-0.28325794615770494,1.157389221214106,1.0359396865383852,0.7932219509861202,2.1538738089193146,3.969398544811847
1,VQDM,1,6.347362171382558,0.8320174974662997,7.467241096889162,5.00311141986618,0.6645969338348408,6.020811986500586,4.566621770840551,0.5703742069486224,5.445153051894422,0.7212200559842791,0.03781236005955282,0.7641883530448901,1.3864704880794907,1.839899352810843,3.6352409887566135,0.7912609139675573,0.0978321951118187,0.8854414190444697,0.27097508374165813,0.11504975397316526,0.3923963350616228,0.9423541160352817,0.044601507295382314,0.9829891201141011,13.134125686315603,9.66444879991704,27.87085628143416,8.5408935546875,5.367419271170735,16.0150146484375,6.606207648664151,5.4719771058104,15.051752437080115,2.8474312726769946,0.3101215809770188,3.2152209554020423,-0.2641210299617692,0.6359418114902746,0.7400906985987833,-0.20941881425072445,0.736041818381323,0.7011040240661268,-0.6117134702407108,0.4191336825560235,0.061963857184964194,127.92617797851562,42.47703690865361,159.670166015625,28.131503923592206,18.22911768049999,54.16371236809294,-0.33966493915233764,0.5340460869475414,0.33129205402403195,-0.0025865229908175885,1.042920387162678,1.6375152340762948
0,ADM,0,7.622375505563279,0.44655235573740737,8.07429824786709,6.3396192553492146,0.5000981045326899,6.847376583576761,5.552834267083336,0.5239111555808847,6.148013087202106,0.7281807660391126,0.051923287113017004,0.7971822977296223,7.997584367224911,4.903631723505981,14.390212132306651,0.5441070023603887,0.117729373475294,0.708486146577894,0.16302178584334034,0.10018358252980401,0.34254338419941904,0.8762290157346758,0.05122612872191587,0.9281399901403791,42.55680113246015,17.113791626237187,63.6464409183502,26.697769165039062,11.570811058880095,39.9329833984375,9.92831312290916,7.890220055763577,16.36966926660623,2.589378801920409,0.34098109713362806,2.893939924065976,0.3538893020194659,0.1846585950058546,0.5650949499492286,-0.5907314747105978,0.226858847981758,-0.24503511017476304,-0.6434083755288178,0.30915730792853097,-0.1373487002558026,109.83833312988281,23.293295962942587,136.9986572265625,43.92245475345195,12.714262606815902,59.47627129050951,0.1401636264709511,0.6159895708921782,1.0062612697427176,-0.008760615811184896,0.9906583962324926,1.0233009113334592
1,Midjourney,1,5.590616975282085,0.7849730050524498,6.727191248001895,4.035421052032508,0.7105772999154677,5.14662638700785,3.5479343626996367,0.5570266667706357,4.424844876708869,0.634038201243645,0.02526807267826953,0.6631561315210974,0.6530080782312928,1.4478500943098527,1.3238708388447975,0.8916362706625056,0.11457656780395124,0.9581940212427564,0.480124235516035,0.1360374443368663,0.650288673842528,0.9050927095561181,0.06450456754335644,0.962933231251053,5.914416239821068,7.261257073156697,13.764036766906301,3.87689208984375,4.8236681237831815,7.504638671875,6.871381543221458,7.546965842616663,15.586484466331145,2.331736840777018,0.21460016004319166,2.3894743605228146,-0.40633612886652803,0.2699063542310533,-0.16161682366078212,0.47254377200933617,0.2719111644197171,0.8114504431919847,-0.5009214729790643,0.296328514816446,-0.06158736946736533,198.81207275390625,10.884862534683522,206.982177734375,10.453602216639085,5.935290916107242,17.493125192827833,-0.6134236829127331,0.8854227160439411,0.46585648368104093,0.9588369199370683,2.133766365979962,3.589637780167085
1,GLIDE,1,6.996811748096699,0.41890019499573866,7.578168851533395,4.863845613629321,0.43801867730519234,5.419461906747337,3.6385405899725685,0.21738112163777457,3.85114620060196,0.5206130334386819,0.024328982397363395,0.5596110191324497,1.6415979332994777,1.1857617083327079,3.2571334089191244,0.7289360037982596,0.10546907620234831,0.8358126969915753,0.21687204234712926,0.09633937552583403,0.3515073338732766,0.9537703939957449,0.03579483339817989,0.9887386549473798,10.617408357180668,5.551848580387847,18.335339049288827,6.5713653564453125,3.8967105749329214,12.927734375,10.79338563377011,11.525151897284747,21.48063672114536,2.658963528937908,0.43193950702876466,3.135356533575976,-0.2620903435606262,0.6765871877515751,0.7870840190363497,0.3168721273248206,0.6768714348840098,0.860476465366026,-0.7638442090811922,0.23587586553119028,-0.4211647446686529,132.92027282714844,36.7580095800665,177.794677734375,37.14310655798427,11.9888915722844,52.39736761918426,0.43269532354786944,0.7404735997846812,1.200686275802722,0.01857026371188511,1.9381863496519107,0.5220043619019952
0,SDv15,0,7.492526681257394,0.36749345777777886,7.936779750302897,6.4694400021743075,0.2985566502903857,6.788574300530017,5.539579114430956,0.2878997331994889,5.815172719239161,0.7396872475731235,0.026296012656425134,0.7640942284734242,12.942173549107157,6.965604117992832,21.80026848702446,0.6322994565703532,0.07183645153864801,0.7302803148675416,0.21099073209156918,0.058602304173077796,0.2816617918688433,0.8455240578961295,0.10090660073426343,0.9465462865784475,53.477633018046575,15.624436649610349,69.83781560551354,27.01348876953125,9.033275998826815,37.549560546875,16.840767379017983,10.498432157217886,26.246956085144397,2.2451198012959415,0.3001565945438409,2.59360214505832,0.2909860318249785,0.4594156632887774,0.6531843474851484,-0.5416677902898791,0.4667347292587669,0.0915424363496602,-0.6440893727332819,0.18668711189824666,-0.3889138786468839,83.62837219238281,33.255044552696326,128.5023193359375,59.96779798025719,27.450863439042337,88.3331429348629,1.2686420019117324,1.4915239926674242,3.2396696966358767,4.819802466581177,11.028978153507605,13.852843778399352
1,Wukong,1,8.483971639431173,0.18691477376916774,8.704993080103565,6.686951977085117,0.16462817571594374,6.873685386840757,5.44603052396212,0.1736490026199841,5.651869346467535,0.6419905979364678,0.017911649815584643,0.6588029582114336,26.758202792835952,6.950966957322698,34.88167723686706,0.4696844012783441,0.07420954225705896,0.5514912795401545,0.20178701879100633,0.09339552895680073,0.31724905068836134,0.8701099183110776,0.04280813759687919,0.9133106753900078,60.28799052542404,11.324940501466793,75.54523228322338,39.87605285644531,8.339793085716583,48.619140625,3.3071490244992146,1.4903053831922606,5.010266500200357,2.9913560209614327,0.22690877358475356,3.3191543540153443,-0.00038412888468358775,0.17991760222287215,0.26071991758380775,-0.1724150096176899,0.2003674672952596,0.03126027170447626,-0.6080661259836908,0.19486974855645026,-0.3074208704665161,129.2797393798828,33.431535315523945,164.6817626953125,83.36507267552152,10.070573389724931,96.23548241437763,0.0022979054647227354,0.5238823089606706,0.6772316916641774,-1.0662430794257016,0.4930097329260315,-0.39448321144486553
0,VQDM,0,7.323643916143194,0.23621779673110124,7.590637047297005,6.033580758147246,0.150136461157771,6.232659512805172,5.379792493909039,0.11655389709563269,5.531529243066545,0.7351549774607256,0.023305152470948772,0.7598782494267209,3.4386185934153763,0.931846549447809,4.6487583459309665,0.5606191346548266,0.05041836946179508,0.6148376004522693,0.16011063371683937,0.04408569890449044,0.19675744433503917,0.8029311759371817,0.09429621167823124,0.8982106602574819,29.40554449944878,4.199391218571144,34.941334279178236,20.63995361328125,3.070535657140228,24.2000732421875,9.974889811881745,18.67973151196857,10.100996866524632,2.828841757674799,0.28033977471263766,3.1138742514327786,-0.16006448956313457,0.26079917899620697,0.2104096573481744,-0.13827186530224375,0.2169169336134356,0.1330168564633182,-0.27471882239340606,0.2274767033885481,0.03313108341787821,98.4871826171875,13.265614106597292,113.69140625,25.516854158745996,6.986257192358795,32.74044561067788,0.7113024017193332,0.6149390854739317,1.6627255574948325,1.9606041337746918,3.8666832046175816,7.707483150787765
1,SDv14,1,7.134921801654182,0.4278008010590706,7.706530983638117,6.919988807881085,0.1820356285120237,7.079498347493136,6.1581237029556055,0.13019169290911245,6.311762174977478,0.8667022434307614,0.0625072311813495,0.9365853454550837,14.44163790371473,4.2463599197508595,19.523586604780803,0.3209557573572583,0.09353917527674117,0.41441400610665413,0.10785427272219952,0.02844905239170487,0.14414001973808485,0.46413384902735577,0.3854640549128954,0.8521168879238727,72.66202288519435,12.271581815032908,88.64049560255854,56.63099670410156,12.840409177049098,72.97216796875,0.7280494290413522,1.897045517357995,2.2194977043289135,3.4752357047769156,0.3239813576718654,3.7681485447802556,0.2670247245666273,0.3732402602369796,0.7366073937306847,-0.6168761535656977,0.2159240014882827,-0.36453186685056604,-0.5337159261004553,0.3469908404149018,-0.12469676732886636,100.56085205078125,25.252667826477907,128.7191162109375,35.2956438630082,11.198570306455549,52.275336355290015,-0.19493658987393592,0.41093660071141314,0.039090959770122,-0.6198245016739485,0.5823549800186475,-0.03818682456992217
1,SDv15,1,6.551087394449009,0.29465026924850657,7.0260683988916295,5.1426906237760015,0.33538231835896504,5.561492437762523,4.448318775676576,0.2719964491678076,4.768285329413828,0.6788192038676505,0.0222401169269406,0.7039481875166905,0.9766647327333715,0.807069591661286,2.430580160304864,0.7830510769062339,0.06679802886987213,0.8556144298415007,0.23844398382792406,0.05501550893178016,0.28626622242705085,0.9658394868402402,0.0209221038747147,0.9877782370414195,11.921545082762602,5.118606352357999,21.283226993774722,7.8110198974609375,2.838242665157386,11.5758056640625,12.064510136384675,16.301751915223935,37.351238856024686,2.782659466133631,0.46495455666619323,3.160135614720033,0.5572418169464235,0.5128379680978935,0.9721861478395244,-0.4110286020281966,0.628160070803315,0.46703836124011566,-0.7935606817175662,0.2664512017247053,-0.5566153466603277,105.71110534667969,27.046491979799047,139.6185302734375,30.340755910862516,6.772780501713214,36.87661594088255,0.19333250976238903,0.906079205604193,0.7733274929819911,-0.05768476608426637,2.342982019672844,0.6594134243557648
1,Midjourney,1,6.064604469195236,0.5430919296006258,6.675839417698622,4.289228476019721,0.4161955634382415,4.879781884466118,3.6077128111897965,0.2816321887728099,4.035160691679835,0.5958423079323958,0.019167534533913604,0.6121852858994787,0.626482497657628,0.4428625384546245,1.1275234630889392,0.8598081493224442,0.049926506002903305,0.9128358904127027,0.3486922413058456,0.1239748708390474,0.5548524589940445,0.9690709037802577,0.03561363744428845,0.9913037406289926,5.429820385319289,2.335390061137158,8.490268771469374,3.409759521484375,1.3256592072128388,4.8328857421875,9.008449479276088,4.727959413102815,14.820809981277161,2.597122804771033,0.2054106064417632,2.8101256545475657,-0.19810557625530184,0.45895951050164085,0.40973015573364113,0.08905851248742791,0.5541710033643237,0.7172375499864374,-0.8226665763002294,0.2208235647536706,-0.4158378662401254,90.24832153320312,17.395765019634712,112.8367919921875,32.16368178948581,14.859784612897961,48.575329717405126,0.3956818868118899,1.0151079045531413,1.628559168132962,0.31099615590806023,1.7045481827524651,2.9793124126700206
0,Wukong,0,6.831203587357058,0.23658692021161581,7.074534797586064,5.927015329688373,0.18651504832439686,6.117495986082604,5.5219471123171555,0.2489789143714122,5.816375130246638,0.8093436562993452,0.04640229684304373,0.8668185633988368,2.4538927912021293,0.8247349579093358,3.5675011613441683,0.5790025622406485,0.08655880396397043,0.6597735936769991,0.19120977597572844,0.133790713781226,0.2501537545210255,0.8717527581172511,0.09138363491978332,0.971283205241815,29.901119758213376,7.333620100720801,38.232725862635576,22.555206298828125,6.4359769118162236,29.70361328125,2.708295651768907,5.069040608695321,4.625591778100239,3.2136344497310403,0.42290774027626316,3.5409181589697085,0.4302926387376321,0.49890037535758375,0.8212448916916215,-0.5550410922752278,0.5007491863206244,-0.024531194195586303,-0.8450953895454142,0.12878506865621098,-0.62525143936387,118.48092651367188,35.361826913732266,166.431884765625,31.034902802937523,14.117632833474012,45.29109414927381,-0.15050031703276684,0.569353364729822,0.3692532122589729,-0.4744932250015563,0.577843379325179,0.30172191666637493
1,SDv14,1,7.340561042973027,0.5588291897917406,8.004272361746493,5.435516031853851,0.4340105804684803,5.977608886110028,4.43836375796529,0.3415728638346782,4.872756022530012,0.6049684250384968,0.021302830247108124,0.6237391501067362,3.809100054228875,3.438452854578775,7.851222954459578,0.7170515741116177,0.08571157860783117,0.8174153891880829,0.2596863495090782,0.06214861220927985,0.34634483781443637,0.9782449831511139,0.013062753916924283,0.9928728126573048,14.286251691819245,9.925709769678717,25.968514795126723,8.010406494140625,5.250788843599648,13.939453125,16.654051976403576,19.422228176581694,28.465763135245048,2.3611048156205348,0.3184781229950168,2.685596734762255,-0.11340846473176447,0.3781324362715184,0.35802157002533874,-0.09660001335953414,0.3989180452537143,0.35440578104381415,-0.8679667419554151,0.05268364829995977,-0.7829525529746697,119.67742919921875,35.16955015396292,168.22900390625,68.31217163682561,23.53174484495093,91.77286259481438,0.32799676213164475,0.7860544072934307,1.2449325565502154,-0.3197296130695273,1.5379246167901852,1.5509852497383247
1,VQDM,1,6.7774672085409104,0.556819616979967,7.4883738424413835,5.868193946125668,0.4635331172941542,6.463201508913094,5.417613005996949,0.4497443145021254,6.00605267812424,0.7997289674358413,0.02291218982081058,0.8256588472665558,4.806978202160501,4.410082618436478,8.344141215513993,0.5291282890894333,0.039447330617403846,0.5733287138438574,0.18633047691319995,0.05591509258003711,0.2638706517407319,0.570545647007478,0.22514756915553027,0.860953807027296,35.3896737777475,14.889474846673188,50.78877854925525,25.107498168945312,7.142623260600961,31.9404296875,4.883729057314326,7.062407351409775,12.179597327821492,3.0665131138413853,0.44693635666415754,3.5974604675776307,-0.020346725636320992,0.3282325728838518,0.3074305938165166,-0.017001320508078004,0.3502775170559139,0.3644418352601836,-0.6499253634470357,0.2588359230293739,-0.34483140604806795,130.75144958496094,14.256115761343125,138.782958984375,21.906773103979084,13.80651064695729,39.61171990337532,-0.20789518454062872,0.635656712418731,0.5516623831509992,1.6634292729710634,3.1326108508631783,6.115768834387975
0,SDv14,0,7.730036111702506,0.13600318020975954,7.880793256718329,6.007351239447029,0.20665010189496574,6.176448417508851,4.894388637370081,0.1552617191181053,5.083875725588573,0.6331409072905593,0.015765763399423764,0.6506774738854362,5.855263361855162,1.553384553550668,7.826363792044603,0.5635103503922851,0.05865317339592651,0.6022773189789459,0.15162740921131068,0.062479870097511714,0.18847350010413044,0.8936091669169466,0.025249372053927365,0.9220483706667568,29.90935911240982,5.137472586724491,35.51403096142379,19.7783203125,3.511572684155883,23.6976318359375,4.2612812029796165,2.5363656772514114,6.316831233065659,3.0381205940750267,0.23039869337015412,3.276972835319306,-0.5923424116535306,0.1565216229001199,-0.4136135000863327,0.17446491818732282,0.3270050048865182,0.5258986081791697,-0.6012996761673336,0.22429033602333412,-0.43393335194142213,122.55897521972656,18.37506316580603,140.6663818359375,41.9891762747077,3.47940350631106,45.45560122237651,-0.05892733845177888,0.35304559819903436,0.2905577298047384,-0.8971448500776614,0.2880974494984289,-0.5541726985687314
1,Midjourney,1,6.831048648197165,0.5111411114863826,7.346472852393802,4.97752443785959,0.5110744462649903,5.581435362166341,3.984308011441862,0.37264938156224087,4.452474032177351,0.5828773026988245,0.024146136703041148,0.6187839695265823,1.2047517430004413,0.7700533392154381,2.1911326451877056,0.7704856394614084,0.10050621983196018,0.9099362343316955,0.33387654978793885,0.1563235642642068,0.5487555585768034,0.9655470857427836,0.048466518976142334,0.9890227214036169,9.414324697673301,4.5666158539780435,15.174030692732316,6.237457275390625,3.196680849593343,10.1976318359375,5.708594980054924,3.986963660769144,11.680034713623726,2.7671012284382397,0.30485330499189744,3.2232008098049114,0.485966526091424,0.508096982182513,0.9404043081983746,-0.6405311596044622,0.41090275520371067,0.013074998906513147,-0.9032033137040472,0.0715893466742542,-0.7915811143010945,102.65705871582031,48.61295295064372,173.671142578125,39.8928989625966,19.22152244602473,67.1891157274505,0.7123135826711997,1.1684774636313682,1.9452755165130093,0.8875592416693427,2.625009392574695,3.4256704460014165
0,Wukong,0,7.561578288863133,0.25924638127480415,7.761855494754107,6.608392589687059,0.2642472208578824,6.863699030666945,5.606717809008341,0.2866584232265512,5.864331011946197,0.7412474193091709,0.02192257030289105,0.765358113396281,8.913372336781942,3.7692811290884745,13.36474080372891,0.40901315209441425,0.07979676482623181,0.5270926838740039,0.11572227080245216,0.04145611550181932,0.1773612457760836,0.6655477117597963,0.1054586430858007,0.767862750652053,49.675342275412135,12.104690967931973,63.07211123250224,36.1817626953125,9.733177830525108,47.73046875,2.512571972222971,1.4032726453837072,4.610509464556998,3.1546874589255003,0.19541109246874627,3.4099906264212496,0.3944706208189345,0.1852886338749875,0.5749120188915012,-0.18775066379826266,0.2851772130526817,0.2700066622553287,-0.676635930411195,0.17744192314616158,-0.47236368074770346,115.74716186523438,25.530979781587778,145.449951171875,29.997252473203712,10.479249308181059,39.68014098978627,0.11865148961478107,0.5363988880564414,0.8746262643242205,0.7372207860830287,1.349115703309403,2.902240327605873
0,ADM,0,6.064679913495337,1.5251932715083172,7.442534318289097,5.233311594878709,1.137603204570234,6.314481982445251,4.546918972371362,1.0539797779061562,5.581992893551784,0.7547635678514717,0.02833382370662342,0.7912042536438744,2.5040388695987676,2.6125024531801113,5.368398053665914,0.7821770499861114,0.184372067554535,0.9969682027903755,0.5283069983098382,0.3390038572059472,0.9937603761716562,0.6772479572644357,0.34028939624995647,0.9376780305661889,20.49345694737621,15.528017637728427,37.88985175061134,12.462997436523438,10.26936681367258,26.1807861328125,9.762167509612524,13.675149464672494,24.39569091934446,2.4400781452906695,0.44762640234858186,2.9921137304983407,0.14800199921563043,0.4630209128249958,0.8137080633350725,-0.04529008178925087,0.6203765997834367,0.8444130938507555,-0.4931182892354682,0.24788164381535094,-0.256530189749848,151.5720672607422,37.49737226699272,186.7020263671875,23.496198998352078,18.804826204270892,47.345659972283386,-0.5513971902460088,1.1578286096619466,0.5576326181021015,0.9474442860704417,3.9474775390365644,2.708245383996534
1,ADM,1,7.316217677995721,0.2919912606479976,7.719869541640709,5.662164074248131,0.27743586551183697,6.049592951264837,4.585121658806036,0.3197073836555621,4.96791186183136,0.6264267272095927,0.030621303169605568,0.6515861434416002,6.923229306913743,2.3796363507391822,10.745576066074584,0.6165187490484374,0.10278126380887727,0.7299040566628854,0.2223740053994387,0.12881810960530712,0.41711495396767717,0.8794502045884989,0.08618768970459871,0.9295056149353755,35.60119887674783,13.115030594579762,56.55151807355958,17.6199951171875,3.3693334872565424,21.148193359375,14.359332221342996,11.16028851545546,27.634583952229214,2.458948489031204,0.48086030044703865,3.020362977400272,-0.24007311274115856,0.1382186854936424,-0.14519897898479694,0.3820311078591002,0.1971226241406544,0.6262817792009138,-0.7078819029687613,0.13692167285759835,-0.563450062291148,142.06845092773438,20.940815446542057,165.3922119140625,46.121141461280146,6.419548576483703,52.79317407910131,-0.3313151844286904,1.3429971917495498,0.6264188121892673,1.450235305978141,6.8364190998697145,0.5035599950099217
1,GLIDE,1,7.926145653891722,0.14752661826032443,8.109858791272801,5.856750020205155,0.18309350418621756,6.006199292305656,4.313665402096916,0.17759083946295506,4.515757964750488,0.5442911697823094,0.02176470886766646,0.5677956531131825,11.044215657183038,2.579788392821718,14.574232036564666,0.4584095779057699,0.058294768073731865,0.5531649017964257,0.11408809152244223,0.03706903528960955,0.17110575830500854,0.8625303871924559,0.024666059142535418,0.8924659582959453,34.793732153340294,4.743658682644533,40.96930989373234,24.111770629882812,4.051934192409459,29.2642822265625,2.967921879965405,0.9911592334537536,4.4509495133683075,3.144546505889708,0.13308980258640324,3.293236456847967,0.01427248488150932,0.18850109359970005,0.29284067277416637,-0.19846216239760606,0.16727026933002723,-0.011650153100056855,-0.6293437173610652,0.12569127860072202,-0.5309409912916598,82.1925048828125,17.30018324624878,100.3214111328125,50.788090856576865,6.819946238608414,60.23660464674091,0.654198617318014,0.28062568449589514,0.9700823334033888,-0.0528717068966148,0.4258725242245729,0.4226639342882308
0,VQDM,0,6.552748047205599,1.2064418955384553,7.787587845642497,5.984448648232547,1.112582027813977,7.1630280563141575,5.322337467138184,1.0698543439084252,6.409442589968926,0.8096750662905432,0.03428635136429466,0.8388879921849501,11.628309338781811,13.443853789362057,32.306169690098244,0.6086463295405857,0.2761489512504141,0.9024451707766441,0.34690097390571484,0.2571409784027641,0.6035686127137834,0.5355699365261203,0.17602669669998192,0.7842641443793962,48.84636380787205,39.425277445847414,103.44292797681837,34.21842956542969,31.739280515782053,81.7674560546875,13.29949581026483,32.02419478102366,14.84628618113677,2.8493581356548887,0.65276081592261,3.563291379803254,0.0,0.0,0.0,0.0,0.0,0.0,0.0,0.0,0.0,167.08201599121094,33.00955172764161,200.45751953125,23.104405620713383,18.065884689704692,45.734516688430574,-1.1590341890649092,1.4640311243148731,0.12217089344525053,7.105922603054607,17.92445812483395,14.787852444849223
1,Midjourney,1,5.562140345093234,1.1317688412352345,6.701252451457262,4.19846281744813,0.8565107492814436,5.092418998259999,3.6600338800896832,0.7206762194063183,4.3427087784661715,0.6654022777656152,0.06775002123991448,0.7665787804111374,0.4776779563098388,0.5730162865079956,1.420824377204585,0.9354962001618897,0.032865464275597486,0.9748281112213404,0.5037329821332476,0.16050417451013052,0.7198250557589244,0.9300213777779089,0.11467920258554673,0.98663718963503,6.789610013541491,5.808766675677055,15.427337624243872,2.1168212890625,1.3919876045032782,4.527099609375,95.79843030513624,111.18703763012999,265.08313588337444,1.294725715064694,0.5252752397175358,1.901696267057864,-0.7604597672147408,0.47522158469872494,-0.35849150101185345,-0.9105798860571012,0.23431132188526924,-0.8414894550684795,0.8688359788310537,0.2789260261736027,0.9988091766426694,72.47177124023438,38.192254775625514,127.5372314453125,20.972287139722987,17.65343105621569,48.89295057975178,-1.4836905807608338,5.141408867358687,1.1574975286432831,32.99247210072832,105.01276046886561,35.26835497441289
0,ADM,0,7.525609486131285,0.2771728087733778,7.856972404498016,6.839604696395385,0.2884025973179966,7.213150346641776,6.368720305409943,0.33206966460977655,6.735124328033964,0.8459106847891324,0.01928697946213913,0.8675770980442099,16.671631843564988,6.926102874736952,25.68253082482997,0.35222670130560607,0.0396391271109663,0.4088560728305932,0.08939677749776663,0.016545141894323587,0.11094419993126806,0.5602792236420552,0.09407926804889702,0.6920854644135639,77.57924583829048,18.292788003190665,103.32923453299631,57.10015869140625,12.448062592130572,74.815673828125,1.912089805824868,1.0440446619468775,2.839555917835639,3.2158943840100944,0.1412677100566512,3.3520312853332235,-0.04883939052578122,0.21037152731781253,0.24975274725102498,-0.3024674779961234,0.22131285380461663,-0.08511403619666943,-0.5860527732354797,0.13532571837542295,-0.4561529446069903,95.99241638183594,21.138719740790908,122.5308837890625,35.12528815907022,9.408126449209808,47.16689032052686,0.06835576161732246,0.33999312638360685,0.5218476561541339,0.1489731247140599,0.5732240535775213,1.0298132658758514
0,VQDM,0,7.361182838529773,0.300078297201175,7.678909025631202,6.164849518726104,0.27838494587205065,6.506592721595073,5.592556583531797,0.2608019699462593,5.95177241064258,0.7597513168202112,0.01726206373842183,0.7823135017781799,3.9035038024179616,1.998506207214455,6.889734800170071,0.6043145765053005,0.05621560596775653,0.6657750397641208,0.12980000334861214,0.02261765827289157,0.15754285951924002,0.9469781085080216,0.018013656294033998,0.9670946150144495,32.85079592887985,9.573690682572511,47.877557888436556,20.758651733398438,5.924182630930101,29.8173828125,12.363058557131875,6.917021163842753,24.1678405946867,2.577555757809001,0.22449503061510584,2.826827722815487,-0.2690188413747985,0.36419247907897956,0.26556607641817453,-0.13896054016231318,0.2955914219778415,0.21231683724922712,-0.750364387072071,0.14510968752523046,-0.5290236398240291,110.34300231933594,21.263271086322913,138.123046875,48.27373078276868,12.220431847510318,64.74059301515767,0.6759615981095979,0.42385592860886334,1.0975475982899572,0.029280411438594653,1.0851273618982855,0.7641625891386923
0,Midjourney,0,7.146749295393186,0.40102727918359077,7.6591369639664535,5.850797069184973,0.5279167571362918,6.71306050931687,5.36394935918911,0.33995449273101463,5.941867653639777,0.7506646290546267,0.024142504630626463,0.779466225340398,5.792264500562963,7.523147543681896,13.009761196145153,0.6219935972948484,0.14288647247520148,0.7585230181334814,0.17596272691432374,0.06362326392235068,0.24791916230666847,0.9144974446973306,0.10216940680940124,0.9849564038051604,30.757260309115445,19.383527343013448,58.38436024724451,21.09814453125,14.981054490287367,41.9913330078125,7.322055779453433,5.372310650277462,13.117175905612307,2.8319227770020077,0.29477944938411804,3.2010450984087444,0.3870937915808609,0.41226614181074817,0.7385665708128195,-0.3287689707793018,0.4676095462797235,0.4569990165692681,-0.8421645451886308,0.10849798881917494,-0.7217607071850927,119.46653747558594,36.24470069472966,168.4022216796875,52.8768072946572,16.36940996646454,71.17265746826672,0.052128599517085705,0.8651342813151737,1.14569622665549,-0.22573302063182316,1.6113270285813612,0.7712093213157425
1,SDv15,1,7.185138736537889,0.3289544151128545,7.490108212747092,6.029778969876097,0.4747874499649913,6.631096688168128,5.365200147020953,0.5628008150486307,6.015452581996148,0.7456639157697752,0.05921706518135544,0.8169696249088145,4.523616868622451,3.0221581365702725,8.751489079428069,0.5926860798052904,0.13275500946372132,0.7709952729252896,0.1768245120770509,0.08492056585515624,0.311280618833779,0.9156438933855134,0.09798865988603853,0.9688459410849015,31.27723718594416,15.135673554851637,51.02008305362482,21.322616577148438,11.874538137830518,35.655517578125,6.23074540520871,6.504934014982313,18.141564195130655,2.93171038949669,0.37840030876559533,3.2886944309242025,-0.1644532543162351,0.6273885908874179,0.740884778433311,-0.1302269166838901,0.4783942307736511,0.48671574316467625,-0.7346218076821387,0.3432453192457162,-0.2263739321950625,141.007568359375,43.35049807107435,203.38037109375,45.64504371698037,12.120660996162092,59.091417845732934,-0.4277979824932151,1.177462629292455,0.7522171246488862,1.0740242183509356,2.6382889842293613,4.904514968176029
1,GLIDE,1,4.838246074399835,1.1287937320285542,6.568394494989571,3.46180684670242,0.5752224766312021,4.406579228235422,3.0275727302362747,0.14387955485559434,3.233549438900651,0.6536127961568816,0.1238605276122864,0.8152538903864164,0.2640026243425612,0.4709150029744668,0.7789706160241878,0.9448599883739177,0.05535905079342452,0.9805346907281431,0.5067204152733287,0.12461396226175038,0.651111734504738,0.9639650443883785,0.019817316246463358,0.9880617982881836,2.8507704818688575,2.390071414269724,5.436810890035653,1.7274169921875,1.1302759546568617,3.16650390625,10.74882686124654,23.387240471732042,16.007203586710595,1.9660274051192363,0.22064222443449924,2.2831413416474162,-0.4983968875520429,0.7305453922085298,0.7751217267604668,-0.930711177200499,0.2081781467435652,-0.9465433844705028,0.4377806024205939,0.7012252256453643,0.9776675561823831,120.20176696777344,25.53213994238465,152.5531005859375,14.073839956249733,13.207892894238354,32.181539442533165,0.9642978340311247,1.7524992426544443,1.4716710385246987,4.16467330296278,16.849049910293115,2.862436597266084
1,ADM,1,5.7896834074667165,1.219123224110527,7.482688707587741,4.516770786894477,1.1384192115661704,6.114644596610586,4.002612594774817,1.0913085715266115,5.545969481050248,0.6845611075828002,0.05815628732994407,0.7464078600430836,0.974984843474427,1.3538254404235155,3.042912159076595,0.8890275869129769,0.09332933530959175,0.9712207597159236,0.5353821928007406,0.1659241937560403,0.7260409823020761,0.9058068686589589,0.06153316201472267,0.9760633368920406,12.245290868106927,10.455105139155584,27.514540003425026,5.728912353515625,5.107918831387866,13.074951171875,26.30263735773454,19.929004293630474,53.73623895433466,1.8983553076144175,0.4338977241897606,2.4465673980459672,0.8553276944515034,0.10793258794602516,0.9681296192266842,-0.9513386151270683,0.04873071139329194,-0.871808440758217,-0.9197351863469085,0.038657160672419616,-0.872344984367966,26.461776733398438,17.10750634840077,52.8966064453125,19.973827637720493,23.118988400839555,57.71156496818915,0.8552174824336051,2.122829884315618,2.2470626395370012,5.853057532266229,11.712010304188569,14.559057632949258
0,GLIDE,0,7.118939887288343,0.4106417934750057,7.780587253923029,6.471290365104942,0.1490460385871054,6.6931262597428445,6.066246523182299,0.15331937597596387,6.2713290004206295,0.8542499857154187,0.04104884438976574,0.9060807674429479,5.761405531541322,2.4578226796638245,9.347353119488542,0.41790372328154024,0.05038432005409943,0.4670889957220129,0.11286407384195779,0.026021475646137642,0.14101819069519428,0.7409796168098626,0.11963323677323259,0.8684521676390247,47.77919654114744,7.356993823166253,58.789559366303095,36.870635986328125,5.95468518375148,45.3701171875,0.7231080691042293,0.2999197299990961,1.1731645715008208,3.387360111141432,0.099503771939704,3.4851876373872472,0.36578015473604336,0.2845033142854634,0.642813216875215,-0.7309349054038791,0.12236450192926686,-0.6228296673506822,-0.6380846520693862,0.1627050452515662,-0.4016185728430477,106.34585571289062,29.227165928437966,146.773193359375,29.031480516345432,10.807977545815241,44.20028070901995,-0.15323455175923584,0.33824048245537897,0.17124662337479135,-0.2020842703116624,0.546557305928724,0.3209391971728177
0,SDv14,0,6.139209035121544,0.799749805981378,7.177396825608771,5.026636777919817,0.5948441189837519,5.808027402773997,4.187724505998712,0.4168817860074411,4.7388125182833605,0.6856491179885162,0.03658155674243368,0.7376048441341441,0.9665738944594042,1.1678061575580236,2.4389029628054932,0.8497260792292491,0.11584217023579862,0.95224329604527,0.6116205595649888,0.24388517231800544,0.884970237204997,0.7056505103328656,0.17159474012702725,0.920272254223305,12.652095018658452,8.138283406427824,22.639517653701922,7.2309417724609375,5.0624133808095735,14.88037109375,44.780394339176326,48.02346890910112,95.4862565244983,2.1552751754320245,0.5205726441511249,2.9039726998221327,-0.28137117074972773,0.47919668584151315,0.2094230756752576,0.10000694757405529,0.5237081684681343,0.8308393012803404,-0.922744205938282,0.06355963075736012,-0.8563499608032907,95.835693359375,7.072106260828684,106.3592529296875,10.92129103112374,7.942506361193144,22.48130127212481,0.7912309286392398,3.0929325893058355,5.0784628420797375,27.83151612102636,43.354608718966226,57.67442212350886
0,VQDM,0,7.738781254844707,0.18603189800292708,7.969821853211958,6.720266728164518,0.21061562934155675,6.953664016375652,6.060548960250772,0.2917113270785433,6.339053932246943,0.7833269515039288,0.037012383495539175,0.8211331493036913,10.648616438039348,3.4775510449983074,14.80816857993199,0.3884746484867328,0.05128375662417139,0.461788263959602,0.09615673494503718,0.014720489448541993,0.11024097701613444,0.7133636541085044,0.0748790913999074,0.8021467222224755,58.10410921121118,11.151579592900832,71.30709243043336,42.15058898925781,8.724175670723897,51.4722900390625,2.8130010036701854,2.029998572130716,5.942429466769627,3.1228470796622734,0.1920181139156259,3.360206417391283,0.20319468367914928,0.30930121548951234,0.6320335313193364,-0.12901985725853987,0.46854468180420905,0.5099134294438168,-0.4387973227604386,0.43920072206402216,0.09920602134468526,81.06129455566406,17.88843102880137,105.5833740234375,35.04553935305647,7.903272115687843,40.626555737048164,0.4661586163268843,0.4554817010076954,0.9297751089682462,0.13727677537521982,0.770854416937779,0.821264187326078
1,GLIDE,1,6.666027747577059,0.670354339984787,7.283446039359908,4.755889068777842,0.4527242818649095,5.249484386524158,3.6208180645963637,0.1864951589392186,3.786797699316766,0.5468852412607556,0.04006374255470092,0.5956087396347909,2.2372684570066457,0.8667557868508527,3.242368590954902,0.7684629814888235,0.04005330487338534,0.8186221953445566,0.325225877269194,0.06894215426558858,0.41420105262571605,0.8866449004145824,0.04692439405545881,0.957024992939696,13.942989561844183,2.997346878166434,16.702909975969398,7.6736297607421875,1.7685768598280935,9.697265625,9.26661370268387,7.53100698884005,17.967199870095794,2.6433111943447676,0.3574522772799755,3.0331342190142205,0.013800021088659633,0.16070913622162067,0.17859191934094365,-0.1644865791504628,0.2298690203815733,0.16600337638900112,-0.7565783134643271,0.3366409484262422,-0.16063474574978454,148.42764282226562,15.769429918028106,166.232177734375,27.892134678498504,12.226663761463623,47.694731053732305,-0.8657535755271497,0.8852288942606276,0.2884787356960602,2.65979291897382,2.6845859022240703,5.446350682013502
1,ADM,1,7.320559211916044,0.6095801131542815,7.889070184201078,6.000992287035069,0.9352694124048744,6.862644138329989,5.388916006935525,0.9210301789314004,6.342576738104105,0.7312442451921604,0.08046786814837643,0.828558686015013,7.5494419519833444,4.128805478326595,13.66494925516504,0.5755826479330342,0.1717746818752908,0.8057942671721674,0.1891379099898684,0.09193400568917715,0.32165512957535647,0.757636686172231,0.16620303170054468,0.9221991094398179,47.832291159121795,16.455338380239752,73.10801105041531,27.48736572265625,16.3209155535318,52.906005859375,15.639501520234091,13.355342209269082,39.39072854534466,2.4466418198664197,0.7057949988402712,3.30876687076917,0.6868726615532723,0.11146163573563599,0.7845087424013912,-0.7976812397829446,0.08601898253551582,-0.6887136364751163,-0.8652025104727088,0.07257503969888252,-0.7538556808041212,120.55485534667969,21.081765621795387,141.7652587890625,37.441583291999066,11.890817457002345,53.1931792595619,-1.8650686521883126,1.9266516466501658,0.2985799963453937,8.031300213904611,13.206994645590548,31.546099839989708
0,Midjourney,0,7.345894106917063,0.2766453110204108,7.720883612797792,6.070715319333373,0.21872671808065594,6.348269940668409,5.4573372395949615,0.3047751851528111,5.751513577001092,0.7428132712360902,0.028895191672380766,0.7745123850696407,4.117855641967438,1.6743348976808863,6.59945928602923,0.5452763329525693,0.05622088495183084,0.6120601273007411,0.13752720528779178,0.03976611720243331,0.20050151558328055,0.8969655143446598,0.05124024425218536,0.9532349116481995,30.471525605354923,6.935770199227903,40.504949932020665,22.141372680664062,5.223315830329031,29.8697509765625,3.772061837436997,2.7236681665838174,6.652235865426858,3.0136584731888276,0.2106287330278903,3.2655613568245947,-0.5132218745001076,0.27837098873503974,-0.18097592179720914,0.15978841090992352,0.38250634818877527,0.5904642522386814,-0.684909841873576,0.193805240955319,-0.43402881099959734,145.822265625,29.3455364119734,191.1854248046875,38.61270973237284,11.044325035716458,48.850509093315125,-0.14237966797791857,0.6081423376305909,0.671120487432967,-0.12755513002611457,1.3012186870482207,1.2777978046143823
0,SDv15,0,6.69314791447163,0.3863933437971472,7.155801729672243,5.253993048470427,0.47031653917939986,5.787567231203445,4.210284597742033,0.42167574341430175,4.736948548232988,0.6276718221951163,0.029828228693126593,0.6682768597375681,1.148714426453452,0.7657553845731357,1.7860006849962218,0.7339861622603574,0.09651894307524382,0.8347508386174793,0.23337564098753125,0.06337672917339512,0.30902137326210677,0.9386818985498149,0.05088856853249654,0.9832108501445253,12.385563712731315,6.764527913690959,19.683357440066345,8.832473754882812,4.972105330763184,14.0675048828125,4.649329845810849,5.137388362434146,5.560579042884149,3.0072398269804568,0.22764437545484273,3.2499881067267133,-0.26562590235839356,0.5715048897015846,0.7353993118298929,0.2617265348200058,0.5964796748848337,0.8617897460746433,-0.8730313556562581,0.11568873161296814,-0.6977067670302519,54.38592529296875,17.618691493434017,75.179931640625,26.528398892625145,5.908918580777256,34.65739909395859,0.07613423139458747,0.820123451945926,1.151944612535227,0.16823224763882527,1.037266866875978,1.0313168629211131
0,Midjourney,0,6.430000467155131,0.8521073011961586,7.321212102825009,5.217780802040704,0.8058065146348141,6.063315820174636,4.514109209064854,0.7616834163987313,5.460536066771056,0.6988900781153911,0.04289074278192061,0.751852468472298,1.6850553951325906,2.011773730032651,3.6461896101033013,0.8482169266831772,0.08888873682207879,0.9604982120006411,0.4036201577755981,0.0797371809725877,0.4928722533514336,0.9179114083730553,0.043148925217705865,0.9734147582413726,16.791949342138032,10.443984783471732,29.88152203566362,7.7624359130859375,5.781574777855342,16.8594970703125,41.37997031533952,46.586852894790134,94.55542060857809,1.7968561094695308,0.549287712619046,2.4319721235779532,0.30398403542319297,0.43164760920921874,0.797589556399461,-0.4596274794531903,0.23060493487676592,-0.19992498188147545,-0.6900120419712734,0.34721704972754064,-0.12588658513627818,134.0723419189453,48.72927440148405,191.2816162109375,24.199363936972915,15.16306324645929,45.197427813564154,-0.26917708849751776,1.7304896625823654,1.4439200885357317,4.263835748923821,7.232556635755212,12.821589782483386
0,SDv14,0,6.69792008589591,0.8972624306320169,7.3672223812456945,5.503356255994781,0.8272388548252949,6.201523761531906,4.9599714159220865,0.83264816746025,5.611265636684843,0.7364256491405855,0.040722690528388346,0.7799035882693446,2.215897325365331,1.5250417990694682,4.220397041918622,0.6943319415264253,0.1599758158483472,0.9379249625419968,0.2905447592307601,0.2543347700468065,0.6314438588368171,0.9108906744880978,0.08314436739902617,0.9785476214846176,20.700900135379463,10.358446038653401,33.507870741834054,14.522537231445312,7.883595650165249,24.971923828125,7.303590555205906,8.11132794735402,18.66695719110634,2.7517933148584666,0.4698827231100321,3.3771267999129932,0.17997119360527833,0.3987127297547238,0.6745949789556283,-0.04021981753615157,0.3933742667718162,0.435524448165194,-0.44397430835418406,0.28680313987854145,-0.03739339504567733,190.62232971191406,38.44064312131457,241.9498291015625,36.47562852841109,21.362977565982973,62.695569959551094,-1.136077068714199,0.7160202764603284,-0.3787605464615468,2.112272637128842,3.3036723559355092,7.4421084584167865
1,VQDM,1,6.18732897697644,0.8199434911445361,6.977580715337368,5.103020782481284,0.8779649009236561,6.120435680233883,4.530247296874424,0.7719579269562666,5.414561298095597,0.7311241002014792,0.06863234723363526,0.8154876280114838,3.030658501826659,2.691425273089041,5.857351505416993,0.8663889535765926,0.05174282291579062,0.9235781899565384,0.4423673972297776,0.11133197735334421,0.5569328746502263,0.9085838983977006,0.13334497072205245,0.9798194288250076,21.18972975357738,13.355863365408446,36.023566451071794,8.458038330078125,5.134530436689524,15.4285888671875,20.227561880066084,16.20758567168269,35.64473706701444,1.9219388100728074,0.4813127508982439,2.678035244012815,0.44951476956151126,0.5919756039961657,0.9824537168413832,0.001185628005691719,0.4861642261479695,0.5173342277973865,-0.05643259216901661,0.3357123931006255,0.49013275195701517,83.34739685058594,50.40172608155832,155.2015380859375,45.480100250693766,28.46616027944481,74.20229204578654,-0.5853937827285313,2.1393155364118095,0.9501521544079344,4.573412707461782,14.995291040839277,17.511191943401084
0,VQDM,0,7.596344706744275,0.20317242173410413,7.830509754098418,6.557614859182898,0.16388434051078332,6.775746696648676,6.158712473940568,0.21360225502732896,6.408400065130413,0.8112008814222881,0.03265472903563179,0.8478182508576468,7.612870719757817,2.179709687144958,10.323040674603199,0.5402313467750546,0.07588417884815983,0.6125458957603751,0.1855839740999608,0.11159786076835418,0.33547066677214044,0.9202977637427594,0.031860453608907276,0.9651681294202556,52.499229033641306,9.409483515329429,65.02842677886066,32.37998962402344,7.066961882868016,41.2769775390625,6.642536427939396,3.366566225008205,9.94486946763234,2.722399887286495,0.27882618765964234,2.9729739287093357,-0.24180971113639244,0.34064700137466397,0.20927742455234705,0.2859877953790332,0.2840041105675596,0.6283346315260199,-0.41131455770059366,0.2468354944225538,-0.17121926394279502,109.52528381347656,46.63617588081346,172.1343994140625,58.724353571482695,12.656048792204446,71.49994825715828,-0.04086171404767452,0.913352078292821,1.1016621994276954,-0.14300909949039095,1.5601176742348564,1.1042925411522924
1,Wukong,1,7.6495443481207905,0.3386109163935373,7.990450150037599,6.67104238154602,0.283036630725097,7.0510762415820505,6.207660291601066,0.3307871939392663,6.616373985634274,0.8117599384572625,0.03184660436300582,0.8558211916221281,15.592269593746092,6.3289939168605835,21.65782076719583,0.5956109919966279,0.17195613240027785,0.7711953898777358,0.2772534615025201,0.19316087093421108,0.5344245637651401,0.7997187217887726,0.11564246363027506,0.9158988508068362,69.5728541573834,11.312236884631997,86.01698291633713,37.355072021484375,13.120477875123237,59.616943359375,10.536654324557514,7.076615401041695,18.78722231181015,2.3602832506731497,0.5635115400188736,2.96875955485059,0.13623878176174992,0.38876883228333087,0.5745190943008809,-0.553360105559819,0.22139566418522366,-0.18133807004912914,-0.6378178646738503,0.2723293365152264,-0.3537853865692716,77.08381652832031,40.77760551249845,131.4783935546875,55.66874675070949,18.891462127463168,83.8753330494743,0.9297752932267506,1.0721797506151944,2.393398860489889,1.6000351517942621,3.7693549656676026,6.995302671747392
0,Wukong,0,7.2812218864004645,0.33824430064980304,7.643688723768225,6.214297840037808,0.4297968363858988,6.727536056690507,5.773637731292377,0.43496628045525537,6.289503793075951,0.7923377195175687,0.03581600772546253,0.8326482113190432,4.892799998326879,3.5421984432836116,10.541465891912324,0.591180640029733,0.12986993388576998,0.7605317833632641,0.1678829266711051,0.05805600956735098,0.25190094598373686,0.8461385766046633,0.10459812443032972,0.936694103800521,39.6526711169085,16.387654375582446,63.110455913735755,25.81964111328125,12.683736497089267,44.4705810546875,15.14615215584744,16.439791998161418,40.674239483365255,2.611309946218576,0.50768698339295,3.215180420902519,-0.39148201612466055,0.3374551212172499,-0.04467853338532765,0.21722904092782397,0.4291785926819223,0.7637033278966499,-0.5099700293843319,0.2816574398232942,-0.1380725176891046,126.56231689453125,44.52217133170489,186.230224609375,32.35788251297449,8.675585643084576,37.26143634627594,0.5069342008325922,0.9302572939911972,1.44784658624397,2.041052056300109,2.8580241669957007,5.332205779295297
1,GLIDE,1,7.048656118262968,0.3643605452703334,7.526876643248059,4.98119719785416,0.43623414025122403,5.561686438876807,3.849988730303938,0.4027818647076611,4.39213123046362,0.5460287518212016,0.04746334628126439,0.6066148798516666,1.484236475261402,1.0245899018715623,2.6957996740362833,0.7405527137569065,0.07906118046081384,0.8395294412640197,0.19878219048161777,0.047321037683160476,0.2567923754043341,0.9775577638142141,0.014283790811203016,0.9899594967966623,9.347172615151813,5.5281598659035245,17.829827180160766,5.3590850830078125,2.9081724730398086,10.1640625,25.697112779958225,31.84684188487119,58.573638918878515,2.39266656762778,0.3374748799672128,2.76034230820283,0.0330475000561578,0.3378441106955954,0.35554452100670236,-0.18500982292237936,0.4682689277602271,0.38652868569196475,-0.3423293278314015,0.44660554738353014,0.16546758178110288,96.65380859375,40.92945439249913,144.8858642578125,49.36256065007947,21.377868644467586,80.98637474371822,0.3624145223122612,0.9562638264249549,1.8748305395932703,0.439677840701552,2.2173546150169723,3.6179469792428094
0,Wukong,0,7.548783416623532,0.24805925422567635,7.841484170148359,6.5908366075832605,0.2829429518878801,6.904217407691208,5.871608933125952,0.3507858567943614,6.234719359071851,0.7779905931710632,0.042731559447707484,0.815756143228179,9.763565890042369,3.7906682456827583,13.659043623236336,0.45552794713422406,0.15332571988794058,0.6876136602059209,0.13835777485455314,0.09151754611083877,0.24263205811049202,0.7073581899749011,0.16949498208022548,0.8917587017038,55.37282568355035,14.686404671775396,71.70623039740022,39.117706298828125,14.796713866651292,54.642333984375,6.695986232137628,12.187840005720414,18.890754671106517,3.005061742733229,0.6913764840057994,3.509779924506461,-0.011517244667393262,0.3164125159478328,0.4318730862538772,0.10791752373408595,0.36563978888401333,0.4138816894703396,-0.741417524501758,0.1887130557753463,-0.5007904715292801,118.42755126953125,45.88350232590783,169.3800048828125,35.993506562166615,11.587091487098178,49.77017589335222,0.07032812850409118,1.0836813266534642,1.5420051519399167,1.0535972129109092,2.800440867294468,3.3272892465760577
0,GLIDE,0,6.569988567616589,0.6872022089975518,7.356846706424758,5.485530432739379,0.4337863208677679,6.025650326063362,4.871230004863947,0.30102112382402957,5.280230012309632,0.7454514923186334,0.042515266111428425,0.8149685614014668,1.6931624754936712,1.3658923014490139,3.2706133668745316,0.7545537971852809,0.07845355028729913,0.834810490409116,0.37941160116057915,0.1302253571154505,0.5675107598630105,0.8315637235385978,0.09280512928438436,0.9030435903682619,18.393426779264637,7.234114182079991,27.571123178628106,11.631134033203125,4.191555055992456,17.7109375,9.208197032181918,8.532383186455581,24.182591333212102,2.742077920533952,0.40986653780830096,3.207836321676258,0.48010255914865985,0.42763632486884656,0.855211206254314,-0.4615396932724225,0.5616798060467851,0.47466510292428155,-0.6479954335446171,0.3034310110245192,-0.1324996370202083,23.943435668945312,9.449527266181706,37.495361328125,18.892256044071523,9.768839714783235,31.11089335275758,1.944774002051225,0.9582429670910017,3.4271232553574658,5.741145109461945,6.4340629277268775,15.34974887977327
0,Midjourney,0,7.247101062026232,0.25742414866209207,7.575379604686514,6.071692223157601,0.29331726653709184,6.379718822090448,5.47728530538207,0.3568293908776997,5.872620107843618,0.755593162348789,0.038142709645041635,0.7951705015547745,4.152167333947468,1.3451305244008573,5.744770998677251,0.5295509897534558,0.06615105332055435,0.6223670016442127,0.1283498087820109,0.023032335857497727,0.15802430491124272,0.8537074409154228,0.07465585209347514,0.9301807642438765,34.437065415732974,8.714752775163777,44.91572642587953,24.847549438476562,6.4109148777086515,33.0341796875,3.688830977707876,3.188023409037503,9.303728672947507,3.0694067242099647,0.29444450447279275,3.3829898847837105,-0.10774059521592627,0.3626917212494302,0.353567764318424,0.052598739053057855,0.3442389314305757,0.5268641294192578,-0.8304404677418935,0.19978832548564934,-0.6888876160826664,132.04562377929688,34.41764218755663,168.38720703125,32.09572713157601,8.30121279650412,44.76809356660125,-0.21168058708314408,0.5142193556527471,0.4534420139231392,0.08628151664547393,0.6847320418356697,0.8908093696374371
0,VQDM,0,7.274677096297522,0.4328937822535282,7.6166779528508535,6.233079296324712,0.4745896938045256,6.733898815934916,5.547404879733215,0.61068593957666,6.217754267355689,0.7615961218467239,0.0634356224260348,0.8409743109179502,8.011969041812335,4.963612603730283,14.658548575680303,0.5783540496863294,0.12699716969394306,0.7244003301160067,0.19441542956446461,0.09746542486430676,0.30354365957444895,0.8038414547006945,0.17431132575207037,0.95411423340627,43.89261940252858,19.093183707099204,66.83803716537183,26.865493774414062,13.299776547521779,42.090576171875,10.654671031226677,9.748388247206542,20.680087267447433,2.664771181483328,0.39943656518819504,3.056123029317091,0.0,0.0,0.0,0.0,0.0,0.0,0.0,0.0,0.0,116.10723876953125,44.975859492207924,169.4853515625,42.38355380626776,16.472733829213748,64.11016726378081,0.16890551211854857,0.967790773201123,1.4456608720077924,0.7724394405661821,1.5051276044408803,3.004070806275437
1,GLIDE,1,6.9119746786710206,0.28245903723004684,7.2248191742767425,4.7870399626909,0.40743588614968984,5.325352951695233,3.6096786097025952,0.3242279410375522,3.9952201726680974,0.5215906184471717,0.03185051652837702,0.5586628665374445,1.3303802098096185,0.6997258352180631,2.1943214206979094,0.6835584647071717,0.06627661724767332,0.770164373397151,0.20787103519527605,0.06476689434419419,0.2944693125806449,0.9107209667152812,0.03545785254610182,0.9575684105305295,9.039143924145662,3.762387112502495,13.181279805566314,6.25408935546875,2.1248743365451292,8.8958740234375,5.9228170913352125,4.562105802962999,12.328651042766396,2.8182208836628537,0.2465530022013891,3.0913622368426816,-0.014058231977098642,0.2710353339065868,0.3217129947183103,0.04665322852334616,0.27516243253126577,0.422367995054232,0.41604807131293753,0.2580465583306423,0.6280926996162305,131.6767578125,8.059862351335157,142.5394287109375,23.24644339861601,9.599389031106943,35.904046384506856,-0.025614202558786676,0.6721022188937957,0.7108523338130011,1.210522176853511,1.526449429656459,3.5166177762705186
0,Wukong,0,7.682281757075707,0.32150629168372463,8.081904869992012,6.14069558736181,0.30752234349950025,6.489502987242604,4.932959445819419,0.2788134590056814,5.263872001204791,0.6418306829103593,0.01603960446723649,0.6577487335971183,5.701001794670422,2.709655982795969,9.36007033021543,0.5429146957106052,0.09389440653124088,0.6224380998502987,0.20239381325227346,0.10192215897330664,0.2715852144645491,0.8142542969126606,0.08660983402228924,0.9149602601016981,31.626499183667132,8.230828262413459,41.16895070294629,21.445053100585938,6.48797940561395,29.1351318359375,5.189230329837281,2.8026727868699153,9.295428643461726,2.9094133850239685,0.2510000668184643,3.2007625458694244,0.26499581689771556,0.2988077835189292,0.5520354178654965,-0.5142558596492302,0.22790927053039242,-0.24541835695701414,-0.7170668524365091,0.11258817249252867,-0.6058418356874156,86.17158508300781,36.904735187595435,145.0150146484375,35.115485372569296,17.004778736053105,60.12029900469261,1.485382639112234,0.9196295452507002,2.477089127929773,3.5580702420729864,3.7580146192090162,8.582004424636906
1,ADM,1,7.183356178283223,0.39407804872085117,7.643343799309045,6.0944397322427895,0.5284244462377301,6.634352243256628,5.680587578297043,0.675400751833881,6.338086115236151,0.788329144388557,0.060232034369027763,0.8604251863037797,7.206988806807447,4.553009766316864,11.966195534926936,0.6383065774778054,0.1575175283347073,0.8518033681809993,0.2388162912497167,0.1359307221496239,0.45401330206803714,0.8108922952088862,0.14773930434686794,0.9507531530419482,49.2164897472764,20.088310837880748,66.28817623693482,25.876068115234375,12.22227594774365,39.195068359375,30.12215076114926,40.42792555685807,76.84655586209342,2.2580777735498225,0.614490323123413,2.906269722980933,-0.15957634896961892,0.3848570931965228,0.4342307820674758,0.08116241937494395,0.386404056329753,0.47102679994974056,-0.5644282439136286,0.4231095217899754,0.07646385775766945,122.07829284667969,53.833033948461626,175.088623046875,39.1754482788876,18.138398389296093,61.90554140552247,-0.4574755444927203,1.4052599509394113,1.441481610879866,2.915866548148599,3.8429735797159847,8.358156397802667
1,SDv14,1,7.969838864307525,0.47141401526045335,8.416962625582354,6.466918313441611,0.40724809780851196,6.937503479264856,5.6861267533026965,0.32450399287083664,6.068501892897342,0.7140837047693662,0.02681620553704804,0.7346720921000688,14.367997918930339,9.433090962594994,25.411189157375986,0.535716367828839,0.10206444776650819,0.6479484824698151,0.13514425463821927,0.04627914992824831,0.21365089102529666,0.9056846779560298,0.0658036216973254,0.9784395348789392,48.732295823001266,19.219824147025918,70.32347204553773,30.653488159179688,13.507198382582217,47.3328857421875,11.084647091822525,14.679477069319786,20.204245415312656,2.7098717256723424,0.36655973128353014,3.157031749397943,0.20824276284371898,0.45288385304217565,0.7082219216392701,-0.5647540678720817,0.2806649294448209,-0.23169381205915765,-0.7925383924802045,0.14813771126219558,-0.5841481750221531,116.72319030761719,26.948254438518614,155.080322265625,70.82391087223381,8.148704908537475,79.1305221581602,0.37510913115684763,0.5327988618751728,1.017151434575622,-1.000881057760275,0.7027165247885621,-0.1658078543937953
0,Wukong,0,7.787627375254655,0.48319463079414765,8.48345554411748,6.6247017104912,0.40240693421674123,7.16234407295047,6.042235957174849,0.2999720777332591,6.405328769902645,0.7765970799684827,0.01851952656271396,0.7965420092959166,16.251580978166757,18.84997750476862,39.06275146053804,0.5501990575794725,0.07651675217246874,0.6138769913311831,0.19439154217531052,0.081691516591425,0.26829538737739567,0.8444202361317681,0.06443004674986033,0.9019966532736383,58.52885830187532,25.180046962746044,92.18124031672261,36.93473815917969,14.785843897370448,50.365478515625,7.20520597782626,5.6619652340396875,17.359295043928185,2.786797178087071,0.3301675175055183,3.1557183765951233,0.6132323105491002,0.3379290244784582,0.9260336824543228,-0.7442304006073608,0.23540864750809604,-0.3150637652206219,-0.8557142886766742,0.14175651944692155,-0.7741050615463998,58.70860290527344,20.099240437263756,85.93115234375,51.37454120326716,21.38508139366081,86.2629195849475,0.8048365568975824,1.0499246865871819,2.1147432694275414,0.7264961834063263,2.994015546944759,4.9160264599503805
0,SDv14,0,7.425416010553613,0.23368370544393424,7.631070660224342,6.440765283071782,0.2320710836866945,6.711151309332548,5.949260601493529,0.24406225338797266,6.2730359738802886,0.8013044468093168,0.024305511887967684,0.8372590826996432,6.697705188846376,3.157783551075667,11.136309326971542,0.5299945679243767,0.07913072639830464,0.6288422009597749,0.14505810680961967,0.04038528245721381,0.17778814748013697,0.7963166289722233,0.12822435953169153,0.9375825119823462,47.26448619104711,12.236839745291048,61.37378942534997,31.604721069335938,9.200311615478265,38.283447265625,6.113136994729012,4.633533856030132,11.826535000249308,2.8895203070488926,0.3536264343753886,3.3037520880798734,-0.2871459505272885,0.2908824442679297,0.09397557088457367,0.053563795297749336,0.2838312096276109,0.3845967879598172,-0.6461580053625202,0.21088820402502556,-0.35000528296589534,99.28338623046875,26.064478532457883,132.78564453125,37.33444700345147,14.723034947352355,58.92307624804002,0.21817780963023964,0.6207940088617311,1.1435555683740257,0.3780763602764516,1.8202023007842794,1.788255763067116
1,GLIDE,1,7.363177807445638,0.4549526733891606,7.836787663882827,5.272273153758849,0.3587413121862315,5.728996665032206,3.9276918792664377,0.2698095166769628,4.304351709124049,0.5340372941804592,0.029953541516305898,0.5606460731378078,2.983295835695393,1.9580283443151845,5.171951766817849,0.7285969657990936,0.09790151180220906,0.8804167242447059,0.2188813305891893,0.07970158387900003,0.3239824894950232,0.9606061134426085,0.01993960703218681,0.9807164595245443,13.994118105420746,5.63607976141465,21.26860744395865,7.701904296875,3.3560665905864635,11.572021484375,18.38419218963128,18.19521047209655,34.258216236553025,2.3402299911344726,0.317661828835514,2.714543686055328,0.08367501306546812,0.27310956049659363,0.36404541086258657,0.03507922505441262,0.3435812900997878,0.526442180639262,-0.5313092158259785,0.25584688001094175,-0.1998240735918611,102.1884765625,29.585152614745088,141.54248046875,48.769495696381725,20.012087360065827,75.02080651736705,0.30389471663611844,1.0928325227964075,1.752621416539797,0.46520286569418995,2.37471287945292,3.6076699170168505
1,SDv15,1,6.892663873211047,0.8507740260141982,7.711465801894512,5.356155201524084,0.8255993764582319,6.135374071954638,4.547539018290695,0.6187821787458888,5.2357316011967825,0.6591496771462914,0.02357958880524054,0.6887771439081143,2.4431405772667873,2.036797613004598,5.438129881582265,0.7443741102782491,0.16084028697994573,0.8863956122845305,0.4107892802318215,0.16678013920675602,0.5739548414996225,0.8967282766054405,0.09072034040605613,0.9667283137205145,17.818039027521856,10.90995229296106,31.392468665914365,10.778244018554688,8.028700363875842,23.572021484375,15.257588682986311,19.0791981596784,46.863173025609655,2.484778474364102,0.6063091056353249,3.3896347640706193,-0.0330398598980646,0.6121590788715112,0.6717285546325614,-0.06288390437058,0.6928947381772449,0.8489050958726884,-0.5358494489300101,0.38751030446295204,-0.0980542373054315,104.34149169921875,19.53520451194402,132.7852783203125,30.251144376526,17.988156717799704,59.35930099154176,0.15643196151363528,1.94376314525454,2.602184717618983,5.17282412330676,6.906723136683032,11.081276302788392
1,GLIDE,1,6.965616063309337,0.5479363833947724,7.662813557544089,4.883101044385691,0.5214738380755445,5.480399439850623,3.7736520496564587,0.43896934691803413,4.276032123065784,0.540744976816706,0.03433410703669293,0.585883836668978,1.5918645995724687,1.2608162204480255,3.4925368874401626,0.7926934025785882,0.12746796059707705,0.909633786863983,0.2684967094838854,0.11444666211668367,0.4090828576815805,0.9766823098858614,0.013591805508005641,0.993555331361224,8.752722377393198,5.080999401853149,16.057443962565493,4.92755126953125,3.4235041612509924,10.1541748046875,17.274228116662677,11.426632124516916,30.304869063370262,2.2339101938731485,0.3945072978456118,2.8155828982268103,-0.4672303390393532,0.36273369639199426,0.048677873979159084,0.24874216811377073,0.502713105509612,0.7780429276855279,-0.6957648240634198,0.2851164084941872,-0.3453848706560519,117.27055358886719,37.244536220570566,158.8165283203125,47.89870837600836,17.776856550437568,69.10955811309802,0.43853944747273993,1.3209569597191004,2.3209769104632363,2.2816991051261466,5.847610538761688,12.573466336054263
1,SDv15,1,8.146272781169463,0.22913963221151173,8.382075038560673,6.711345923989722,0.2385147731582736,7.000501892498714,5.917682864522438,0.21631600601581868,6.185538853992544,0.7266733241925658,0.025428677933158842,0.7629082509801507,20.822707341761983,6.650511268631793,27.490641337553626,0.3448058336499409,0.054179905800776924,0.40608106411978845,0.08319921505374671,0.024207317362816578,0.11591298366812833,0.7511883161879191,0.057295019600365024,0.8367449812885571,65.29844161774348,13.245554802070318,77.9090596509991,47.1192626953125,9.735596772238882,54.78564453125,2.407114192189348,0.9544915404737568,3.566214046698319,3.191543818474078,0.10702714072103589,3.3638658722573185,-0.27816561119984706,0.30804511133220025,0.034231846975954716,0.011766480520231718,0.2862182766896744,0.33244268404991817,-0.756485742936729,0.13615701275644676,-0.5667909811284875,108.57518005371094,31.111952202934162,150.1634521484375,51.99282228525772,10.002034188072857,62.4498149568625,0.4692678930210672,0.5181607528563025,0.9554062562952552,-0.062327090344969555,0.6530588802417855,0.7255125708024945
0,SDv15,0,7.813092566038966,0.5083103649721717,8.37682671852731,6.71561631130319,0.5753372875486997,7.276792613723609,6.010064690128651,0.5403167370314746,6.5518094364756845,0.7682652219460699,0.030407252214412896,0.8101141689334841,27.641582985914294,21.903370229381586,56.29969568846067,0.6635728888119239,0.12369789236007668,0.7867975796111256,0.3670235589484225,0.19052691117360945,0.6358839861882168,0.8414297136659232,0.10364916634053703,0.9607230852955152,74.64617701318582,36.592698343037114,116.53712832907785,39.58738708496094,24.19037745075681,77.422607421875,12.336022079941852,12.99822383921827,18.873908837298323,2.254367287831415,0.4790390400270419,2.9181267056812104,-0.44746875432369676,0.2732529425612616,-0.15170954856197605,-0.12708934296095747,0.3552940751808212,0.3154276878578133,-0.5749225608582644,0.21765283443201255,-0.3166746992900913,193.7515411376953,21.78984308395618,212.905517578125,69.62617164086184,14.86711650447893,85.65819692193222,-1.2125332813215488,0.5751813244597548,-0.49833207535708346,0.4458442779811723,1.773186367020769,2.9949618167788064
0,Midjourney,0,7.30137667664977,0.33667448481566353,7.699788438122203,6.208537951600972,0.3194659487067536,6.627871789400728,5.406423913481325,0.3774993224471801,5.931778001612761,0.73979645306186,0.02131192642381676,0.7688525383454051,8.931498163501521,3.1134595193585954,11.857982371189234,0.4599139507558198,0.028625821558126624,0.48917141312444207,0.12358386729849881,0.01617147068196831,0.13663678853267375,0.6895787806649111,0.111103244517126,0.8292506559705368,46.899256561293335,9.294718608366539,55.84426400491129,32.6307373046875,5.727598656671971,37.77880859375,3.263254182392275,1.1408863824112356,4.6568311691470194,3.040053907330839,0.18457803960234578,3.2834123087620113,0.4600317178762211,0.1684090010591132,0.6266063706642009,-0.468260680431798,0.16119382508544014,-0.27009333833631866,-0.9556764354476157,0.014539839799676164,-0.9400929791774197,110.9439697265625,9.247551467097555,116.7926025390625,32.606320807037044,12.501575859730464,49.85907944714547,0.5486145626668906,0.29466307031377986,0.9219362232123527,0.5533645833157513,1.0731605964790119,2.073437333814402
0,SDv14,0,6.165572259254898,0.6243312608016699,6.900885139775119,5.130963844100686,0.14359581310301134,5.312131295502168,4.942278935210794,0.07189075862523878,5.0332892379348575,0.809348385519808,0.07736349899028351,0.9305030683006017,0.9151016815869867,0.42451769228954855,1.4999532509763167,0.735125413896778,0.05293924050198371,0.7982962961270692,0.30885684072755737,0.06382634857712415,0.38335914502558,0.8920926992742293,0.03189642783002631,0.9293031702896097,14.382453575376415,2.082966046769534,17.444572512840708,11.166549682617188,1.4947450156383109,13.25927734375,0.6105297021499886,0.3213994567193041,0.9651309336094633,3.400122063481106,0.04829198748920027,3.4706202085704008,0.6956058191258081,0.13341663422741126,0.8053913079237971,-0.7816147629832069,0.06024166174681054,-0.7307558425153928,-0.5396892543704356,0.13071876812623912,-0.42222228178997256,70.76510620117188,10.978566210807859,82.9482421875,16.425547653305024,3.817581389920877,19.26571086266702,-0.842404405736811,0.8372503299595836,0.3660282520611276,0.9976868608425256,2.032919597183703,3.2632917760505338
1,SDv15,1,7.0241511908039,0.41349477079205804,7.573268971268284,5.531577901336803,0.3299400077124655,5.924626950695992,4.691035832167277,0.25118650995518244,5.015086752857659,0.6685752374586176,0.025609474193895563,0.6951927386331722,6.117374065511628,3.7686077066874852,11.901906277557334,0.7400637710375075,0.06705885821051885,0.7977848478775438,0.2875469081511247,0.13134261072551337,0.3453640106391808,0.9590815460015535,0.014881304059735024,0.9781765079322123,25.428870728542737,8.60431361100895,35.723009443685605,13.7369384765625,5.063588992924195,20.693115234375,13.56359655985457,15.84169475185611,21.926868293541787,2.4866972346617877,0.4539556746511652,2.861456581934112,-0.18057004487696937,0.29833343167848597,0.15538512246167258,-0.7474623264538522,0.18987526055354817,-0.4723253715080939,-0.2611246978445678,0.2138789642968707,-0.050163276868436565,104.56060791015625,26.09808985781444,122.252685546875,66.7391853083361,15.606933745480136,81.15570746112324,0.00851528325665471,1.6466462924316405,1.0368915852006584,1.2345906454733573,9.93153976497095,-0.07680426031357857
1,GLIDE,1,5.473944525615577,0.5163471161501406,6.217121236269755,3.782115536369165,0.3413245091056653,4.176590799994937,3.332609924009771,0.1666151275323703,3.4988212244684935,0.6116331574362619,0.033560232495496424,0.6396816739226112,0.2298429897132464,0.1474488685217675,0.45500972379692606,0.8979804714854693,0.05024509461454747,0.9380975509416731,0.3770174911644075,0.09368167838909125,0.46323424036854494,0.9580478854215457,0.016091998265694137,0.9749012177187903,2.66236303923996,0.8004552468125823,3.956125214271627,1.9807586669921875,0.4996037941379387,2.7779541015625,2.0824146019909144,2.236909292940963,5.9195043527110895,2.3300564169071385,0.2227250774784226,2.7023587505044864,0.00048552167155476063,0.06386032549736421,0.07598473491298421,-0.04193142384151664,0.08923180596455413,0.07149712686933246,0.32705173111692243,0.02500026113655775,0.3596435264870632,185.2996063232422,14.075074151396741,201.5419921875,13.376171776287084,4.839149899830057,18.756338514808647,-0.39092985586551476,0.33253042362722074,-0.0879577488423197,-0.45796439860593363,0.534361687005434,0.4799059344085548
1,Wukong,1,7.928611762732429,0.5499011715244704,8.30152006717439,6.037640040991063,0.4594989856799872,6.382860889037078,4.855884181461155,0.39816754656223946,5.198445369577616,0.6120747841030327,0.018022667297357672,0.6350528845553147,8.32955508954161,3.6703344656279593,12.675558823066282,0.5816364862521566,0.1531505548147857,0.8085671570623105,0.2299479596756282,0.1750815677823034,0.41005415868590267,0.917178104464283,0.04899834571166623,0.968162874477825,31.39049181972301,9.33649501398546,39.59322983593504,19.543380737304688,6.829237696532332,26.527099609375,24.64416628038126,70.87359894892448,12.702841264194824,2.6553524757497775,0.46468603368526695,3.1799172564443334,-0.19790047768886104,0.4155307478986651,0.27688137999005324,-0.18315384212128466,0.4133214785766775,0.40697530358606726,-0.6653673601170553,0.2359141277689718,-0.48729580278532636,130.1244354248047,46.938987072783334,176.927001953125,63.4626391952606,29.771786834949765,102.18775306997829,-0.08399444478787371,0.9343578760402208,0.6659753366883895,0.19479431905977052,2.2865829891629192,1.95223549095983
0,ADM,0,7.155649097195623,0.3547694692242727,7.427559225008711,5.766457633430572,0.37523435536361727,6.056150006731723,4.744534193146205,0.3781387202289382,5.030134561181551,0.6623865643980087,0.033053484463876744,0.6961004696144206,2.478093099942525,1.1584921909864165,3.6122483426240892,0.6985281350057945,0.07447918042508381,0.7632731736175199,0.23028601610889154,0.07384211618162495,0.33343319178349573,0.9193686573057848,0.05003405910468704,0.9643808666025,20.72407264317405,5.518967716842372,25.543924901059384,11.91259765625,3.482442163653277,15.454345703125,19.653902481407272,29.791555945099336,23.839203497877328,2.401217243314581,0.4510052788957045,2.9348762612753374,0.2302200897159941,0.47533641084046996,0.7470144754605379,-0.3118784361346997,0.38403613090243033,0.2342952640289867,-0.7641067478008586,0.17572261500068442,-0.5483064549039567,128.81317138671875,38.44290672084789,190.64453125,34.630861139467896,14.130690140950621,52.005424724827606,-0.2003258934549944,1.2890610122062294,0.8567185147527074,2.0423200203087126,6.643642713928845,3.7571238760854464
1,ADM,1,6.75177912397241,0.7317197073111794,7.461762166182798,5.035002321681841,0.52572509631656,5.604914468123802,4.008544025075063,0.47854071707950874,4.607560457603402,0.598361714594456,0.08680768913751737,0.6275701764090266,3.000656270175895,2.686860073772839,6.082532202695893,0.8724464871483759,0.0630275812338593,0.9444175155776001,0.5008766701841736,0.18217877306280178,0.7806078166593649,0.8627312478587281,0.17155151978020847,0.9783415806924206,23.253419007683146,18.241311392266415,46.03158723309217,7.514007568359375,4.152239509195461,13.4410400390625,36.95317772644393,45.073336701868726,57.57282423776182,1.6193206945976342,0.6925611465253991,2.2808152715970142,0.5146514739052453,0.40544910395053757,0.9449742910981813,-0.60042436735059,0.4267253651788465,-0.19352336198712894,-0.880173799540434,0.15310622649896966,-0.7449179371270823,92.63975524902344,47.147500771393574,159.943603515625,34.43118121204823,16.691542842458528,54.45874794811766,0.4096765155784119,3.6341005352984945,4.015775303727652,14.111369087704793,26.71794633670744,42.581847184525
1,GLIDE,1,6.6433527183470495,0.9844257537868176,7.27823109658665,4.734296149730968,0.7107536445371229,5.261238439232442,3.6087771087346034,0.3919955039785781,4.011651352550936,0.5497575390005228,0.052804595190101326,0.6094014579961746,1.6698980083931725,1.2405933290148174,3.4619576129062732,0.7980099016552762,0.11365264714052473,0.9623232532273804,0.33567837423203817,0.16444628157819027,0.6166345324211155,0.9624946386416091,0.024325074937197374,0.9831761842595803,11.399845311856321,6.232041541620779,19.88956225395475,6.3836822509765625,3.9344968857272775,12.1748046875,17.590536274315475,31.41529395254199,28.051942743431525,2.3054416989204523,0.5834715950015311,2.897178564398762,0.43208689254626775,0.4569650343031443,0.8817918360802128,-0.006538096051900505,0.5449259173033371,0.5651662665916259,-0.367995770748587,0.6308830939297395,0.6513922809057398,162.4790802001953,51.38076618227736,228.397705078125,37.510405756938624,15.73357065396782,52.821249658932814,0.08486490603386508,1.0850080004683176,1.4170150089795148,0.5829706399340646,3.786220315025741,2.967439031477322
0,Wukong,0,6.760654225425258,0.8764017003922135,7.617472598491135,5.308441210102266,0.8160005242724506,6.321407549449943,4.306931525626575,0.7144622632883716,5.210870420946312,0.6349601563412441,0.03719603375610044,0.6940805623685469,2.509005030687044,3.478381395261152,5.230615886400857,0.7881137442535513,0.09708061504202622,0.8942402028384203,0.3295440793042729,0.1742540740677668,0.6044186952384947,0.9106132693636733,0.10714263136992337,0.9826524038066328,17.433832635250017,14.677463044323414,34.22032340166591,9.04376220703125,7.3041464485380345,18.508056640625,20.966088419244016,19.301014572981387,53.9432955688026,2.247807300571912,0.42287931907459886,2.676826198524884,-0.3895479130374263,0.5111955957737337,0.42176690775399545,0.40384107304296635,0.5909478338738128,0.9448622365318282,-0.8354867629178949,0.16982248762331986,-0.5998900485354426,148.33737182617188,30.090239584125005,181.3372802734375,31.18485886378835,16.31510047724129,53.827510656318,-0.3826115693768866,0.7302413554631592,0.5506026895579953,0.5018277503585689,2.3810484095051,4.0232416447894135
0,Wukong,0,7.0650802097505725,0.36460337454473374,7.575798181997714,6.116505379764412,0.35357986519925355,6.57127671742335,5.769732292252579,0.33272229695285854,6.178717843417877,0.8169605203516401,0.029805200596686506,0.8513614199172902,6.286336355288647,5.210426470510297,10.420774675610987,0.6294816662051463,0.09647546960690073,0.7311699893398468,0.19531179821041464,0.06390080430377021,0.27901710354909964,0.7605831441775892,0.13073799194889163,0.8956567215067817,49.963959599586474,18.188046082011567,67.15470310417172,27.02264404296875,13.132049140524241,36.54541015625,17.225472939285787,8.31079056587887,26.203824002751936,2.372757498675276,0.32783950015500857,2.821126473593833,-0.04532273338371214,0.39655190713644256,0.45929804373649874,-0.3141149018926702,0.3104671332952153,-0.025997535042483425,-0.6135315639668568,0.3212431670928197,-0.10818464231068035,129.958251953125,25.34114243840216,170.8280029296875,30.076702750189614,10.3849066596985,43.98453492868241,-0.04077543687139118,1.254582408345123,1.2327479584817802,3.2915932247585413,5.903849581527725,10.304645299045347
1,SDv14,1,7.5412174025537695,0.6888767784275216,8.507171887724976,5.964702650732015,0.4700930929479326,6.623274795055006,4.972324749694724,0.34159148738244915,5.426923077298241,0.6609028641617078,0.02129607333313787,0.6851501153499289,7.559813961030033,7.4385411374338055,20.07512420477457,0.5577908354598112,0.10020259704752903,0.6360547650031604,0.18481385150727347,0.05778561798191809,0.23645527609749017,0.845548940373241,0.08450250247352067,0.9316338252616357,29.990248664154723,14.599812398910661,53.21256413971183,20.559051513671875,10.171802379446707,37.5618896484375,4.971553716050921,5.316567356529144,9.998583750743478,2.9485709269023266,0.38346710336284295,3.290153167134566,0.010677674987054728,0.24089985906062575,0.35005818052603677,-0.37105598107196086,0.25013107932664985,-0.09460935891778936,0.11219071981508075,0.6061623529810559,0.7319973025677466,104.79795837402344,18.43580710752863,127.7406005859375,41.93266783768236,26.58871487455531,77.29806255671971,-0.20776662274287092,0.8794997188197086,0.6835954489174567,1.1166954136821325,2.5971616405611435,3.8218049504738514
0,Wukong,0,7.859593895266064,0.34948142292542644,8.26629263699026,7.080633312199534,0.5271619794770629,7.667624104881838,6.249579101004746,0.627154182850233,7.017313711058172,0.7939631061346154,0.056596480748209534,0.8504198016644658,27.196984638762963,20.125472522574167,54.62288940460455,0.4759404179055298,0.21170653359063593,0.7617650532138728,0.3096932792559195,0.23042833770728122,0.6464065623765984,0.6832689697120998,0.16662337774246913,0.914690540709175,94.23121837317932,44.962571471982585,149.68222927280965,62.65534973144531,36.56634534486181,112.1947021484375,5.4076692530202335,5.417236372365242,12.213310234573523,2.8400427111181608,0.6239531688310734,3.44216032736371,-0.11589789316537993,0.3993826690501934,0.3631144149904335,0.08089383993089497,0.4476678148191818,0.530009369982519,-0.7529939559772523,0.1921855505360899,-0.42723410071762236,61.37364196777344,30.288536811062848,100.182373046875,51.13984288244013,14.933729746038033,74.15919719256037,0.900853423630535,0.9299081088755468,2.039881853135796,1.078542973984935,2.9905925359867696,4.365657237285907
1,VQDM,1,7.312442095688566,0.3788425223797604,7.795986429012647,6.257155877435524,0.6827120225204959,6.910041059855288,5.311175605179061,0.6745500771733427,6.0096994295520485,0.7258684863532899,0.08387219571621318,0.8428095377376719,12.165390479831984,10.053608825462893,25.226532482205847,0.4420442887156941,0.17763872065832373,0.6857952794162688,0.11827944769374038,0.05303056985347532,0.1837037404431618,0.7250865087819186,0.20637540958827735,0.9331960091144519,53.11933687324412,31.981633238956622,94.2232963003401,38.79798889160156,25.261270413206326,73.952392578125,2.7480828959992887,3.571035203038951,5.216231001238921,3.2287361423417247,0.3410043186500821,3.5911952503345987,-0.5737336101011977,0.17548982639936364,-0.3228605665697487,0.4468418675262198,0.2489582001134251,0.6599553894176144,-0.8789358667698585,0.1884440632595374,-0.7989966024251695,117.43460083007812,17.07498837703686,142.426513671875,36.10913637262062,11.163402104471391,52.40435870824219,-0.025399102537523078,0.40112609870532573,0.28182350424993463,-0.4672377235676829,0.5849279129994679,0.3565028308027629
1,ADM,1,6.968151779178532,1.013882619336049,7.7062764624005,5.442438434817957,0.8102615255430771,6.317483833878782,4.710812533006115,0.7795889467953653,5.75203999353235,0.6793405783128543,0.06694839748840269,0.7636978000822672,4.7193165858646715,3.3899763618688015,9.140355824042583,0.7231559014951168,0.15548638416198612,0.8796831050316781,0.3482748563913388,0.26285548016119104,0.7312387146431323,0.9013110645231656,0.15181112331263494,0.9883149536621247,33.654632967210134,18.99003893512607,61.26838988526341,12.81036376953125,8.019830790349879,25.086181640625,30.04034943686171,23.65719141497947,66.55836948430795,1.7007838052395647,0.7847652209306304,2.713431832066462,-0.45782868474793126,0.541660763947716,0.3397557183883297,0.23353412407419255,0.5629515408663583,0.8310296886084259,-0.6116661147078375,0.2864608057575609,-0.1866069191436885,138.01870727539062,56.376364229198536,215.752197265625,49.50865308567139,12.554073545997941,65.85886963824976,-0.39459911505346423,2.1785170721174496,1.1943842804696811,4.064182176140913,14.001686299693304,2.231067999746137
0,GLIDE,0,6.849472787131264,0.609552103665687,7.465014433757474,5.636976104679592,0.37330378353753413,6.049462528269794,4.882852953669236,0.27974737836022356,5.19702104567382,0.7161859017922283,0.04952214371212624,0.7791496046047663,2.9489822983591596,2.1660933541766108,6.372666977670699,0.7475639441840595,0.1077119631515241,0.862754529078058,0.3592357229464687,0.16507582726404224,0.6320151017323781,0.8442139491065043,0.1644205066004632,0.9727738266660312,23.314068010731617,9.336175389107497,36.37186241233826,13.734573364257812,6.968005918552062,23.177734375,13.99066165874181,14.686030369123767,35.6561247304248,2.5802249810263787,0.6524505010016264,3.4182973092262845,0.49468777165962496,0.6239264712268336,0.9830289323906516,-0.5725027124875479,0.6768898965587529,0.5736436114610276,-0.8344122312233386,0.15579022580669197,-0.5816168223750281,45.63226318359375,39.825272636865144,113.1260986328125,35.39821346563701,24.163562628676278,73.27100824135111,0.8527079154790393,1.3896369143884781,2.3034722389113846,1.7997400756188981,4.054096067246399,5.435179954388054
0,Wukong,0,7.511150868096193,0.4264078162241621,8.034836198079077,6.327796135711396,0.32653082287745877,6.695516351997461,5.487296266596026,0.2495709912771432,5.744898821020482,0.7313489708627987,0.022757503710211954,0.7636347564627116,13.958660945570369,6.277877988644265,22.281264270754598,0.7785723697337733,0.07327677136064487,0.8815292002050769,0.576180238825103,0.15755524845534974,0.756504198925743,0.9466991930972426,0.022215774663237004,0.9671424952109362,49.55675186337216,12.231421436289732,62.17271052302112,21.4617919921875,7.221714422053436,30.34423828125,13.506676530642991,7.008547531054712,22.460983271854367,1.870651251934495,0.42601099362182476,2.351798587491473,0.15528121844918893,0.20303967403325054,0.3889887863107957,-0.018034908210356932,0.12164048684971279,0.08474388657638957,-0.5647092819437599,0.33480437698375154,-0.04428901851488425,176.37396240234375,32.647690850221075,211.631591796875,92.4107183252508,8.452156447534792,101.60926187653439,-0.7048845231358771,0.7143615514893336,0.1533465711775973,-0.7751975223287294,1.0542256902248914,0.7902600249611729
0,Midjourney,0,7.620241438941498,0.43786837851762495,8.04188818490282,6.585724957849453,0.5448908406118517,7.139323663620051,5.819853027494608,0.5198820235679621,6.415235876398299,0.7625141671826174,0.03169485351624912,0.8089130555444233,10.713268923020607,6.978087764746513,19.224233906525594,0.5080626196169276,0.15065172358417075,0.6428579283127952,0.14743232802396267,0.07713421044772284,0.2123888486279064,0.7989459229612513,0.12982512629467105,0.9421797243321535,54.61962445624131,23.899381711175945,84.31968895278345,36.54179382324219,18.68629955583634,60.5057373046875,5.356942554974578,3.7088008912487833,10.47779581042331,2.8821523049152615,0.30454857437976585,3.2502714272483484,-0.18344705493845465,0.28349793387702227,0.19127639596997506,0.22709340852628582,0.41960133265743693,0.6403315380714172,-0.30107693855796935,0.35399550281639636,0.14477293917788153,150.01510620117188,28.97933874304945,193.7396240234375,43.148742599692966,13.335611867030925,58.58952747608145,-0.5486396114083804,0.8638332263196326,0.2609486590236616,1.1277514458578217,3.502027338129857,4.107302973059717
0,SDv14,0,8.130675114391853,0.4148514852264159,8.531714107664502,7.152335044561444,0.4217188859933497,7.560295644223258,6.3294976951372375,0.44340515938981423,6.813483992543287,0.7779472881945292,0.024775985261287107,0.8062715618233942,29.194238871764036,18.676578266940005,45.84826989244783,0.44114933097446896,0.1534535465389417,0.6600978540603382,0.1287932685183856,0.05199956861693396,0.21105739075868024,0.715491262063253,0.1431004677032328,0.9053639292770914,91.07425929203066,34.4935067974825,126.82670964009743,58.802093505859375,27.435173271085905,88.2774658203125,7.259285567792874,8.75226473393256,10.667779029967964,2.803205108407389,0.47357746001840195,3.2211253390681813,0.08836136596150301,0.3371793379320727,0.47374188314359805,0.05457501894389137,0.4516729002480202,0.5334828017123538,-0.35228457182152473,0.3635758668460484,0.09828645329441167,110.19477844238281,38.565784533489115,155.4423828125,57.63763041390953,17.719080734570714,81.25332554431725,0.3155524668609523,0.9467576415874132,1.4319386664989624,0.5477358814954439,1.816053833968834,2.6958244923224557
1,SDv15,1,7.273189014224032,0.7969455464919508,8.244880698066279,5.9605315691506675,0.686605393101469,6.793437027637404,5.279662910137132,0.6765680666628919,6.035404776445713,0.72597616962242,0.052912083773437764,0.7929540963438366,7.021807250822787,6.831937452904628,16.87385784753718,0.7365080677505687,0.11914833634561388,0.8711265528482031,0.37099076182127655,0.18331988630803678,0.5984529655467128,0.932498397631579,0.08369539810497367,0.98384292941547,32.90847564776942,19.67033344018024,58.69130831604767,17.9156494140625,10.876907803370313,33.7840576171875,16.83224261440389,13.805434069461501,33.89263046026241,2.354545713035506,0.5191847936230453,2.9643949227306123,0.4810045273671217,0.4254724199107709,0.9680370389504276,-0.639710378258662,0.35034311206770086,-0.12823025727500792,-0.8542807781330599,0.22676064497911,-0.759099446577304,144.55397033691406,29.134079542003548,186.5943603515625,61.351176191890545,28.719512240736194,91.65320268423585,-0.5104598790782603,1.5896849850587285,1.1255820774266567,1.855308557180559,7.938291536244345,4.798560491463634
0,VQDM,0,7.253082290715016,0.4007675491740489,7.585303160769497,6.209053032642846,0.3690972261862475,6.614819599574217,5.575980261967615,0.3313666738902323,6.032304210032956,0.7693182445588687,0.03211083847214548,0.8036246163658154,5.239454096887599,2.2735808207409054,8.476178173815814,0.5765849897189225,0.10373931565102797,0.6704708993536543,0.18086413392636044,0.0791439406620282,0.2727184847686951,0.8716429059432931,0.08555469883117395,0.9456486857796735,38.423738906812844,10.905699316945642,51.86177269339703,25.379058837890625,8.5281391327126,35.5633544921875,12.48848669098447,25.451170885663267,14.49163062180952,2.812422372460831,0.42116393113289646,3.2673442322477655,-0.11408441385700564,0.5548753472093769,0.5876731665428367,-0.11125809707494488,0.6726717856097574,0.8181600991869159,-0.3182414569342823,0.5971765807479863,0.5207748766045625,123.49064636230469,56.566337058203594,191.82958984375,41.588478287720534,17.212776444876813,59.02042753577103,0.08813952226085922,0.7874375876313138,1.0127550013382796,-0.24540703406838418,1.6185274944883181,1.3698244643554534
1,GLIDE,1,7.2579754088657795,0.3174657161746349,7.6703200072118705,4.942611742302106,0.37764486135879954,5.4353510972147685,3.7494567070710767,0.4151693034977221,4.385594605494731,0.5164031177553053,0.04976364734850484,0.5747528361395451,2.400688896073477,1.3900444547197186,4.040395093222476,0.6700192321566762,0.07879261135047035,0.7439032085836399,0.16008005841613177,0.046224942009132096,0.20374788713375588,0.9675945338188543,0.012220971172336217,0.9807643079916453,10.261033538002643,3.5158713844870975,15.445509262648812,6.6130828857421875,2.5233767198304555,10.453857421875,8.265642759926344,4.164388237183013,13.264178065543895,2.701595879940003,0.1802231620869348,2.9313692822150204,0.38803361465320546,0.4260033783653854,0.8455252584307786,-0.47240544905904847,0.41021442502556976,0.15581587851189954,-0.9311181159723865,0.04329787837033856,-0.8801894864070532,112.52203369140625,25.612846476777417,144.0968017578125,48.71628990145841,12.662071716797211,62.37729732045527,0.12328308297690281,0.3259081077288185,0.578467760779402,-0.7845543516480582,0.6233939446569695,-0.22852751077171574
1,ADM,1,7.664214957696721,0.6653197926880606,8.367479694680203,6.440885337025753,0.9642716692334518,7.370067708144047,5.916458905017752,0.9937875780825468,6.863166726329952,0.7672035747565709,0.07683718962109826,0.8591313665752583,19.04077486752805,13.038085600280548,36.270963246409714,0.49098389980778046,0.19507911847354997,0.7358374828704881,0.13479413834074422,0.06732859618233905,0.22693614845316046,0.6995884702246803,0.10023567296938223,0.8318921540197617,77.57797085832242,29.05929192460396,113.02123136492015,46.32307434082031,29.165196663895948,83.037841796875,16.662392146295268,16.50836373190093,40.31860102566492,2.5021197617959006,0.7459568079797316,3.348493010471466,0.45701234014622993,0.19201804246946985,0.609094886265729,-0.5939265407203764,0.23662768313856228,-0.20677355361917743,-0.6462772397670764,0.16755598826598644,-0.3852466985481573,157.63143920898438,30.124676465348312,186.74755859375,44.412747440820525,13.221412014123025,61.03242165380786,-1.5857987900706703,1.3565490431637317,-0.009181977163327373,5.604857653371596,7.7040100184209175,17.290962865723927
0,VQDM,0,6.424128556998183,1.3892566948954548,7.646694802899103,5.8400924885612895,1.43768472432379,7.127340878644905,5.561542601213269,1.6592832097756331,7.109079538963458,0.8496393082325487,0.10405137996626593,0.9569560640823083,9.586635659761598,9.295181995942636,22.074903254125747,0.6129028739260989,0.30976125495089896,0.9764827806122448,0.35735226923150526,0.2468956273223744,0.6744510676019879,0.7040219888908665,0.2908319189950492,0.9393949902918239,58.88495250585328,47.6220122356422,119.66997111494385,42.102264404296875,38.32299818655031,93.8143310546875,5.8297485057823355,9.800362447207503,13.987989043033458,2.6732519840765594,0.7354311820896107,3.4720385017903097,0.16735922019122476,0.4607629354600331,0.4615045498887004,-0.36726815378866573,0.6078320439338357,0.6172021039337666,-0.3256936293080852,0.37342196130497285,0.026986357156538236,143.65599060058594,45.128462578391115,190.3826904296875,28.31745752352706,19.446596941960937,53.258096558385844,-0.269924990417775,0.9597724614587528,0.6045669051196582,0.6252464872754178,3.2643186770767683,1.6678985943063451
0,Midjourney,0,7.358118499773886,0.45884886549597004,7.858437651884374,6.1227693058407,0.4745779098105202,6.674384149944513,5.516689797970967,0.4450832897331711,6.019707190678961,0.7493535711249757,0.03175519507547472,0.7779855236142059,7.369439142120977,7.033208219482071,14.128937744079128,0.6411991069520779,0.12164193555318725,0.8376689175948131,0.19654452805855935,0.10930248019048977,0.4076872897922511,0.8496462004902134,0.10720339337876576,0.9303389805982263,42.74841956743616,24.70294430438134,65.64231132815215,24.17529296875,14.470660733091231,40.6219482421875,20.564345807773627,22.035650043244473,45.11152468581516,2.387892347162205,0.4828116081295627,2.957654122150526,0.26826852212540125,0.1878918174148719,0.46826334890758714,-0.4401274183702803,0.2618739375645756,-0.11521135124296537,-0.350659421622179,0.2956668587451301,0.0823492992446106,103.51336669921875,18.840012870617166,125.9593505859375,37.95027157458517,13.563096140135714,56.193369956247004,1.7235348639436485,1.9824944520961152,5.564272118002435,9.262408736599134,18.238080262249206,37.76780753620307
0,SDv14,0,6.973467483859301,0.18792904718688527,7.1666713217463975,5.6306636833726404,0.15878305662810555,5.7565479268240844,4.601803207965557,0.16581630697399544,4.771871073081771,0.660083106445765,0.0220943987763043,0.6848106259696283,1.3682242826239295,0.4016909965992722,1.8161626629818597,0.7057157368826786,0.06342131747612156,0.8038669123518795,0.21875113027737306,0.07459406220686753,0.29368964151845606,0.92348516322694,0.04973902422957776,0.9691996567738124,16.150052831709225,3.0123193522910023,19.029927200021124,11.121612548828125,2.457613374004848,13.7142333984375,8.677476943674314,9.670186861567522,25.805070427064617,2.8143596744420973,0.3910570011379535,3.218794462323678,0.2433966518392334,0.6003287330538394,0.7522174123601917,-0.3747163361066645,0.5997495236336619,0.6635573357338005,-0.9070103253928622,0.08751948796750339,-0.8649040742150722,84.56965637207031,38.88633354861467,127.0714111328125,27.8872448614433,10.62891294068084,45.14664932034717,0.04296326636193552,1.531470880925184,1.330985252731498,3.143437969430048,8.396903850316548,5.49990046769908
0,Midjourney,0,7.6360112204145985,0.47441094843987053,8.17459523891377,6.527394404400516,0.45350935591041575,6.9661664522062745,5.932554903642773,0.4404962052641274,6.376240787593021,0.7768357949622765,0.030989691634932617,0.8051170604989011,10.520969951203883,6.671210210099324,20.566638026738538,0.6334020221559878,0.10042955586903057,0.7554440628508428,0.209634443349294,0.07065037828545692,0.3113850709289126,0.8812121006245448,0.06807358256407905,0.9447262325379266,53.19208425109934,17.785312780117774,73.98051201580046,27.619476318359375,11.223381143174798,43.2666015625,16.158272714172952,8.482907646382484,29.475632154712947,2.2558599463420927,0.3730939818868317,2.7326177852479407,-0.02063833046842429,0.4049072322712574,0.43129102061769076,-0.3291130677005358,0.5024441262866384,0.34465659611301536,-0.2764640249535708,0.3680295953901795,0.2942304239236101,92.06901550292969,27.802318064566954,131.4754638671875,55.138138072671275,19.208524050272967,77.5548953517783,0.07206195000595247,1.28928238867953,1.5337813696824285,1.2247402075812486,3.6882302893996877,8.29730377592611
0,Midjourney,0,6.760843640342892,0.4123042840520694,7.236461196539468,5.806650716704409,0.439369690683813,6.26035547017916,5.294220912177531,0.4960416648942404,5.742652837986963,0.7827172585453277,0.053502951169978503,0.8411927702342767,2.8330603436397714,1.5366149532633244,4.9528218694885355,0.6874167710012486,0.12699191389366193,0.9018294932290831,0.33286510022669663,0.24920382321410411,0.7098266224376302,0.8414579114727712,0.10848382328206589,0.9304603863112728,28.096392638312203,10.095394174459235,39.75403677789302,17.866989135742188,6.822449580490366,24.1690673828125,18.38316613099431,23.975806289423343,34.32954366690235,2.521383976636283,0.49908300733716626,3.005304680264847,0.3319691675776349,0.25277610049365623,0.6095828683477749,-0.5844339403523324,0.28705623191277246,-0.22651463328588117,-0.5299292448988064,0.24149231609102592,-0.2031512093940661,45.23957824707031,22.56592727156091,68.6888427734375,26.204296762106793,10.156268478482799,38.082957989507584,1.326294557964263,2.916121377309749,4.118591148404585,11.643717648350904,31.884572361822066,34.59778206716284
1,GLIDE,1,6.893631894102456,0.5374269322739101,7.438548426702951,4.990783930738297,0.5858770542459184,5.544960665645235,3.705575291259176,0.3914005404480199,4.206736512641075,0.5370232219709961,0.028327897538705994,0.5734992677354034,1.5977298797123023,0.9823989531766656,2.84858138857395,0.7193681629333346,0.10740605314014967,0.8753792158466529,0.25878957732654306,0.15015368659489017,0.48026661694350553,0.9289168751018795,0.04287866520448231,0.9687728177270072,10.946781806795236,4.4320741127250285,15.683977136613944,7.25677490234375,3.1081114297016743,10.819091796875,7.931758351882449,7.51277091274422,21.018883967149822,2.695918520006958,0.3731996019936729,3.096185448671755,0.041604240043652735,0.4837007628021665,0.6374557261377538,-0.4737774538652316,0.49676951913766604,0.21219771728538744,0.06334413329773267,0.6185511821497686,0.8321809538034398,135.07801818847656,20.88662161553352,156.6815185546875,29.52374002693243,12.832171161157964,42.965383209301095,-0.43288004464990903,0.9731995165577538,0.5071707153677101,0.8342924064256749,3.066332423294221,3.0499993587029293
0,Wukong,0,7.624905496844863,0.3140924098097523,7.9912820583893,6.609269848777202,0.2272564323398283,6.878605686972759,6.063869270124522,0.21977753518176385,6.36918462861856,0.7958284551377428,0.025065240915686123,0.832710505678045,9.611468987189792,4.751275494670132,16.996715265967516,0.4178577450078458,0.10277049201632261,0.5573892842675674,0.09660697307096881,0.02458990045421317,0.13261908287957086,0.77570767220832,0.10657004107936553,0.8936748818968496,56.52993169823901,13.867317012195043,76.64479059963422,41.04718017578125,11.641710851095684,56.796875,3.176854035387162,3.8959191999641174,6.579981310255536,3.1468104257955867,0.34737474720896927,3.4558932135416365,-0.3148737630977908,0.12936937895812645,-0.167726609307715,0.21603455511232572,0.13369896948863863,0.3750585305543662,-0.6177804307980618,0.13814767107234419,-0.4027529526160999,118.49885559082031,27.72262901842844,146.001220703125,38.06810360723977,6.302440901403826,43.771440256328106,0.2393447352109106,0.49397287499135833,0.6992472285770389,-0.12348214539774896,0.670155645231461,0.5730098524545388
0,Wukong,0,7.216030019466123,0.44349253874805833,7.659021952577136,5.981673261618142,0.441606269330566,6.433208315581805,5.255172767323111,0.5743702682446369,5.795111483559412,0.7266359409363974,0.04818172659041616,0.7717135737471439,4.109807182421584,2.8382496438812814,7.60899018172085,0.6369757848116013,0.10629805707063572,0.7445076331994721,0.21229404209047936,0.11359376496064326,0.3387971625983858,0.9237217686420784,0.05665407626798989,0.9759429351527029,30.559295584845607,14.489550250714549,41.31405492198767,18.08538818359375,8.432816005101376,26.701904296875,20.60726233328414,36.287712494668675,20.18187310701424,2.443055972297528,0.3308455443087162,2.804529374535605,-0.21716447934966712,0.3523137840965705,0.16629692876071792,0.16244054688364915,0.38313414279060043,0.6937163738089562,-0.5679608632198414,0.20367617167694857,-0.28161377532927845,108.48219299316406,67.24901988473832,195.2215576171875,49.58211895102636,27.74336713796465,86.97255407199451,0.46140924367136493,1.2455188595816935,2.0985164474272615,1.51818357575918,3.4109264065119778,6.276600720783253
0,VQDM,0,7.380578404630899,0.45505409173271794,7.925755593094103,6.214014571573902,0.6303596929730642,7.072214280733041,5.493290461661346,0.6863923454528514,6.487132611112918,0.7422313602781474,0.05284689044368177,0.813992238109085,11.54555317135536,22.068260965063754,28.44062480316204,0.6191855201586416,0.11821834893544306,0.7103214130568188,0.19932364504843764,0.10698281852453648,0.27342817159322436,0.818308841473588,0.1830173255242613,0.93487437609127,45.092203376122626,43.772637233330144,98.86577740533639,28.472366333007812,30.346287793136366,58.0889892578125,15.574535845670184,8.329255410355499,27.06144980015214,2.4956770032201936,0.31460962730334624,2.8481731217970894,-0.3745200349706921,0.2878789105444387,0.02204698303617593,0.14070167772989833,0.36120810046214014,0.6044281356536663,-0.6356903033378762,0.24355386002104457,-0.3500182987003537,92.59664916992188,35.91199509073233,128.151611328125,35.968867356729604,13.92247574222689,56.88394600980729,0.7435770401512276,1.2556668471908985,1.5114401502810662,2.8538336234107167,5.174718539101206,3.659252572861194
0,Midjourney,0,7.603846353368259,0.33770783765533374,8.031112901860789,6.626725003803745,0.3252852008720152,7.009432959318806,6.000003163537713,0.32389912044107066,6.4243723895860025,0.7888677059650993,0.016296361711709634,0.8109901602876641,9.861812961585107,5.3626624678763655,18.05131763353494,0.4637884952088107,0.09971662318771336,0.6193713110109601,0.15334267239305258,0.08030332360934103,0.2822950372314502,0.7189778152707693,0.11529101362483732,0.8544267409558257,55.54283178555255,16.91937330304047,77.19635855702995,38.495849609375,12.385546455560151,56.7891845703125,6.299825504328331,6.691846852625872,14.859131065265117,2.938164086166493,0.30246495843508636,3.2547844059250517,-0.35114494294133364,0.2532413067739315,-0.032245796274599205,0.48302668571834506,0.305811080066808,0.8817794471382553,-0.4696047822044071,0.22565811777103323,-0.15784746158164698,119.89364624023438,37.003983757865974,171.0784912109375,36.05278712404184,16.156270905941245,58.70752509248645,0.8803401806388819,1.7919602835616033,3.5341532026172686,5.477508019444702,11.850680878113243,20.232684294318513
0,SDv14,0,8.019088705914976,0.10639879203149429,8.130521187983433,7.262368153965887,0.20538633439419246,7.536514060326798,6.860522614205829,0.3480352460976228,7.302401561764491,0.8557916529649116,0.047107483252547315,0.9155614145670238,29.65926217492211,9.807826344124193,43.61355829947729,0.32561834213988106,0.11113428369551777,0.4616152026019675,0.08257610414917861,0.030211413267057858,0.12645231275464036,0.6542412557467078,0.20756170916627303,0.8861578457425823,110.49276150723058,28.899871196709817,150.34618702029104,78.84611511230469,27.95150997168748,117.7984619140625,2.741586066775273,2.2689044024782863,6.149961378197244,3.1434529369569066,0.30934941153827167,3.520632810764286,-0.20136548175599595,0.23055572153616902,0.07508707888428412,0.0809064213767669,0.21606956549615414,0.3327503002966248,-0.6188145235705546,0.1555420962108878,-0.44057878003753026,111.55174255371094,31.77283585729726,156.2181396484375,58.24074607988966,14.07086213666978,79.48515171033984,0.27923446625937987,0.498660004652481,0.7047981622864741,-0.43897637062824424,0.6755892450445149,0.3341475337886495
0,VQDM,0,7.214013856764345,0.4303311645659374,7.657101518311381,6.136654162192189,0.3231444629772212,6.473593636806266,5.543222821533762,0.19142429266551184,5.801889874853657,0.7698809529987274,0.02840018191425521,0.80194062811509,3.394228734607271,1.8482247872551394,5.465269904258005,0.5809688154306571,0.0851646724510804,0.6799187288338067,0.1637903040309434,0.05485887038664743,0.223700579234493,0.9114811425856479,0.03328058105960347,0.9519761572872862,31.403073418821045,7.945783157819191,40.89602842261821,22.54437255859375,5.616319329640759,30.2578125,4.789964808280125,5.819580469160838,8.204991991584016,3.012950171834203,0.29251172594638875,3.3175537859179745,0.08082996310908153,0.5093072674724367,0.6938753977471618,-0.2910215664219779,0.30739118848752195,0.05541993536040199,-0.3304948871067819,0.18313720668586952,-0.10996347090022908,119.14599609375,55.10674016754957,179.5738525390625,36.49157500853765,13.381614355753436,53.73877688162293,0.4318975510864937,0.951853383620412,1.4425564515991702,0.7613087356817969,1.6957985966069347,1.800741547019673
1,VQDM,1,5.773953372450533,0.342693801608602,6.209558533205167,4.800815062417852,0.16686594254563497,4.980788982935423,4.476320569022997,0.15613228545804111,4.664530129146874,0.776556055093395,0.02538038848759742,0.801287648070695,0.37878408741969005,0.1197547276665785,0.4783960459183674,0.8261684640749275,0.028475424451649262,0.8531341529667421,0.31149199023082064,0.07154527128440703,0.4073102905813104,0.927992504685168,0.056590634960577736,0.9738368943764815,9.064895014526385,1.1033165003950947,10.548784865692474,7.18145751953125,0.8489225242040597,8.3424072265625,0.2640759017510965,0.31814128928127516,0.6762863997845248,3.405007272452383,0.13233994265952626,3.5126742566302647,-0.33230882011231966,0.43978188879855906,0.1075532728348981,0.04858935023746201,0.3969411302136414,0.5499427586431059,-0.32808074675876264,0.23224927432032938,-0.08690930725273242,110.81962585449219,21.039770490556066,132.7469482421875,16.614016315794434,9.20704924767099,25.054055268438354,-0.13159366672370887,0.4760272137792531,0.3609189877454537,-0.31718887443901944,1.2855096064115779,0.01144735144429787
0,VQDM,0,7.638263995448661,0.22769612075088558,7.841262832366846,7.148440290191223,0.27949913646463664,7.445739115142781,6.737408831956708,0.2980671857290074,7.0419611329905525,0.8817711634019855,0.018841549304922423,0.9036256558315174,22.197142970324734,9.36634266944372,33.55022862733061,0.3225894720868116,0.05131706819668931,0.40350021919311646,0.08641155012241455,0.025083279458095162,0.1270911569751049,0.6057399551144665,0.10208082545013167,0.7429211397422262,100.76108880198403,25.52266144900343,127.90985928411739,71.58168029785156,16.921619034468417,90.5355224609375,3.045678094790091,0.9620672526753151,4.338577127322502,3.1396653941906947,0.10187614487322563,3.301877453824971,0.19748951804506443,0.2586887457452818,0.49287019497070617,-0.31247751826965614,0.2721220731775687,0.08045745105837973,-0.794288883228146,0.04656112774502907,-0.7403998054408509,97.21572875976562,22.447279891670323,131.8150634765625,42.441068179061034,10.738443553421332,50.80301220666628,-0.07384165731761097,0.4407800031092055,0.299110252538575,-0.2868093174327414,0.9821976414738028,1.286813043997832
0,SDv15,0,7.859202598021617,0.16304287728109068,8.096869110641265,6.9367319411864665,0.1773324102803305,7.168975438863372,6.437554230197754,0.28884000698400875,6.7871558993540955,0.8191358983959839,0.03337580664776865,0.8705852226679875,22.40281087116562,6.8821308561231715,31.05442029242252,0.43838592044608915,0.07336179837940048,0.5352566805367994,0.13146803156993936,0.040020893459477944,0.18219747665598052,0.7339078150016664,0.11973255758777564,0.8574482237508385,92.15831209325933,32.10535984447051,139.31607161290754,59.770050048828125,20.4787725111194,81.888916015625,4.269304292689193,1.8844278706674793,6.40426863507702,2.9429336792045415,0.23157395272172637,3.2204049280147227,0.2660698004483916,0.4014737832992195,0.6075254046161216,-0.45611432972514837,0.40710981192723206,0.005784842049618558,-0.6004523334059426,0.26737851607587926,-0.24171515453397058,108.81234741210938,22.32392821850879,137.005126953125,55.1017180042642,12.577289292919854,73.55887647929845,-0.18120431554977628,0.4958868509135153,0.3608098435032838,-0.39047896354460865,0.80581437998755,0.5882502723239265
0,SDv15,0,6.967377871657764,0.3906177751917304,7.390845305544818,5.480152000868787,0.5566271219600508,5.96369203434705,4.66916509105638,0.5935229170591311,5.221908799171057,0.667604468903984,0.05530431975869547,0.7092244148829518,2.2272880940570685,1.1978476282265,3.765865634448226,0.707044408121094,0.07145322872880637,0.8109928377469117,0.22095797564927636,0.07213087694868285,0.3165786933774303,0.9176871836774569,0.05205143367573742,0.9662173539139403,19.74500641383921,8.279065945506995,29.318793988405965,10.867660522460938,4.232870836363537,17.0635986328125,16.282978597954077,9.769328431311653,29.13865961814671,2.3850108853035463,0.3526815192311305,2.8107845797743876,0.265222297291991,0.25844386968703825,0.5513467530489551,0.4838326888095516,0.33891686484745864,0.8717620564944585,0.33653026885854764,0.4456161423794714,0.827476146293722,117.06044006347656,30.176198934728266,159.753662109375,32.76699310917026,14.779549113206553,52.862847851492376,0.6989473872814187,0.6025279872535501,1.421677934583986,0.8906511133142154,1.8491579661467323,3.3257062733975533
0,SDv15,0,7.628465277564172,0.22119178272609427,7.831244955259798,6.395579630451991,0.23802464252433625,6.663556589342148,5.5339603173851355,0.28467873065687105,5.7706168405477545,0.7254105564594591,0.030014416028878402,0.7550311970832215,6.924266889192024,2.608935655806808,10.25830410289117,0.5198163907118547,0.04902092102275296,0.5716178232305096,0.1170971093285722,0.025072477047563716,0.15000113585610172,0.8941570657949203,0.05841930724070036,0.9525967979794518,40.35672032767705,8.907131466919564,49.00717889259516,26.602432250976562,5.268152226847659,32.0152587890625,5.557074590873084,2.4397629017573172,8.799833302368626,2.84436768113484,0.1978070572198128,3.0621966199849964,-0.3445384381665042,0.3455868999546165,0.11147426827011414,0.16813017955055018,0.3440807150731332,0.5511951054013314,-0.620559845355926,0.2697690145628723,-0.12585571018256522,137.33399963378906,38.641672155059254,179.2786865234375,49.11609136686155,13.386830558885213,64.53278807876495,0.1578130803642673,0.8954441175793214,1.2661437834902707,0.48883369050878717,1.514792685957283,2.429527652015788
1,VQDM,1,6.616168905426887,0.3301087240406391,6.941167545232879,4.901677125510232,0.19299966881769304,5.156050377949832,4.1297922824740745,0.11042813794797707,4.268035129065815,0.62528471716828,0.025853226344506236,0.653233863084159,0.819562116658006,0.507010724379905,1.215753633629379,0.7595367756545874,0.05087344625345938,0.8220941933575425,0.29954032129692565,0.09333742405883431,0.39667704289319594,0.8834773119476237,0.09024824835801606,0.9811533399196766,8.70770262060265,1.6176267033731981,10.537680431821483,6.5233001708984375,1.2086213571960724,8.0098876953125,4.072219812025684,2.487856536463321,7.416255959294089,2.933974667607464,0.2013418786505583,3.2483798685781453,-0.15308781485077272,0.38328660855653673,0.33722890602429123,0.01987319647523537,0.4780470305278362,0.5464988824224046,-0.2838838108337224,0.21757583994403124,0.014320159273191524,100.61103820800781,30.808024553557264,137.23828125,23.022730994462865,18.55940131724601,55.13926615068719,0.3391081190662111,1.4345742836865354,2.1030484861455814,4.002468517845832,5.070853827500882,9.78955763217827
0,SDv15,0,7.254793749972229,0.4264600448188342,7.719220722436944,6.364064006448625,0.20337721548836987,6.625224263457639,5.87020000062371,0.13199948763702746,6.0387306994852175,0.8114894182896378,0.04303639534501199,0.8815343236124935,17.176136419556272,8.004282879090068,26.987447641093514,0.45208238949272156,0.052082709234418004,0.518118000930058,0.11694173912626105,0.019400114504632738,0.1411179003080446,0.7206480031622506,0.1919517376541513,0.908159759781684,65.348019111197,15.605042326005309,83.28675284612567,45.278350830078125,11.295472403559144,58.7218017578125,3.165424899833241,1.9220562776358567,5.670909842664083,3.177344194450571,0.2435765236273359,3.5061744790049496,-0.23845488657692965,0.40601655307393714,0.34107202253681534,0.32875385190857953,0.3982758896728496,0.7334418116303278,-0.8114917176708961,0.13632459899439706,-0.6589269549396244,101.20233154296875,14.260460614059944,119.0252685546875,47.907438918626795,10.828701562496201,63.83181818399042,-0.4129406086231645,0.3797448228820048,0.07675092462656732,-0.4789503482511067,0.8426849046660262,0.6261430523000107
1,VQDM,1,7.965632858478661,0.5265798579179527,8.451401613681858,6.8897139483505345,0.5800145219902785,7.388677528633817,6.255188614350621,0.5778835898724575,6.767646563450401,0.7839041910632836,0.02690470374769275,0.8096425554612112,22.980488249263868,14.465618478316593,39.69827245134172,0.5246390412373019,0.165860055854049,0.7509062687054405,0.20411014615688405,0.13619595354033645,0.3706530740117131,0.8200742996367854,0.08958905766442173,0.943023825153326,78.98576021337817,30.096976534759296,112.58699352849952,48.30107116699219,23.923145960455145,74.8231201171875,7.69761351731582,6.035958315643316,15.921334352264878,2.6600338027983867,0.5109861230481999,3.1964745550570384,-0.15045259359316168,0.42545486093629614,0.3865277923800815,0.13662088261008248,0.3198781682324004,0.6030812218010119,-0.6654690719131207,0.1554575990226663,-0.5017630324924215,79.51789855957031,31.444739002746044,124.0599365234375,64.39825593500983,16.145242103391983,83.4472292674522,1.222206494636733,0.8932436506563995,2.088245923526637,1.1573121900779413,3.6303364332989454,3.7671946783971784
1,SDv14,1,5.272003554219223,0.14565220556654845,5.495468714046286,4.715979510005224,0.08646780436058335,4.8256343167838605,4.446794854293143,0.08411547159871191,4.55835983336735,0.8437574693765977,0.013980551398234797,0.8576326890012081,0.5451327377015621,0.3900294233521058,1.2241994598765433,0.8391758307915391,0.014924708660839977,0.8626229745370371,0.5475791402873682,0.0754181994584497,0.6465863393931206,0.5440592295770704,0.2822572745323267,0.975378838539925,9.57051753744039,2.0475083535627516,12.879764204924742,6.9571990966796875,0.7331466177399428,8.0484619140625,2.464890017930352,3.69362067520514,9.0881114259501,3.3245265134834847,0.28383475271689196,3.5415392951442706,-0.0002966110196565702,0.595922749071718,0.5463268258054931,-0.1674782326109152,0.677592123644921,0.9895717464996885,-0.3851692057018591,0.3950292045676825,0.09179425041520048,189.0045623779297,8.76213231036271,198.955810546875,12.701661808640472,15.861857003348664,40.24429805780471,-0.5903890972098458,0.645539095423001,0.001478379709920533,0.26959619871981744,0.3766191270789084,0.7502701133332668
0,GLIDE,0,7.774592357795954,0.2689196466195091,8.084858494030033,6.4381514879774135,0.27977047160128354,6.744848371057708,5.356594531654361,0.2717089890042981,5.683384878705634,0.6887407693149057,0.017601689637691004,0.7153958994775482,10.590178928197453,5.856440066445259,17.771068554736743,0.4852760024961744,0.10189614459896278,0.6118736001015498,0.15745553877100857,0.07762923100109734,0.25821457908563256,0.8730346351313212,0.05773946301993791,0.9374171686135553,45.08959339558422,13.741874454338182,62.34019601510478,30.365524291992188,10.246158276142319,43.7269287109375,4.95138469437469,2.690800616367739,8.646764291909378,2.916150138490819,0.2384863790099434,3.1628753774674037,0.042303589132568174,0.4112993468247497,0.5505516995836075,-0.2597258628967515,0.33219669298079496,0.14076251344272236,-0.050175617217995155,0.3065420463091696,0.31346689780436915,113.82035827636719,49.68022359181585,187.570556640625,52.83109471554878,14.710720451234307,69.04319748235721,0.23874646497787386,0.9100699132535572,1.1860868250260332,0.7296203565675122,2.194507813263184,3.7088716796447603
1,SDv14,1,6.664730781900348,0.2555572913538676,6.991517585463561,5.866539436700547,0.15909356787955795,6.068179650850864,5.459194814312696,0.1790971051901203,5.668262817787763,0.8199722608760354,0.033673743982999285,0.8659284108292383,2.0589541480654763,0.7723239875810028,2.982113331443689,0.5957128903772395,0.049523682598601626,0.6619762598999497,0.2106352356236919,0.04138329056669275,0.284266614416799,0.7104051108826102,0.22674329952617733,0.9500692038292332,26.04667243885887,4.327446286319984,31.499519666772336,19.898971557617188,3.4729730133548755,24.39794921875,1.2670712827401571,1.0503007831641418,2.774717814874672,3.307646225979704,0.16383924223271967,3.4805304114069213,-0.20860238034550446,0.10356072083879203,-0.08523339325132623,-0.05566149279026835,0.07090232770378752,0.023540561503800628,0.17241323230748523,0.04101317238289763,0.22086427910449605,116.82899475097656,14.4931662010459,135.223388671875,20.478200413140126,11.347798946058278,35.51959222283142,-0.05915623761040392,0.7438092330428148,0.6473946865724484,0.44718134195928855,1.8421761331824613,2.706593282078532
1,SDv14,1,7.854287455051566,0.4833924823433542,8.340056824485849,6.332976571457172,0.41490334270710394,6.80575328170981,5.381957929762725,0.3033508577936686,5.724038643741055,0.6856650492064723,0.016931327163849916,0.7074647227870323,11.54650174595304,8.323577611801886,22.641644128716376,0.5077874434090102,0.1849346098303112,0.7367337899315216,0.22579568899794578,0.19353778380482164,0.4755278560966763,0.8507933447420245,0.07402976932643943,0.9412635740162225,41.90442620522636,17.414877573377012,62.20896001782826,28.606842041015625,14.634935229865185,46.9205322265625,7.26012132449021,9.757502163994893,16.04274661519832,2.8794379181525334,0.5181973069111634,3.4195799085006557,-0.17139451260739733,0.518346681620444,0.4972982290964686,-0.03448198653641039,0.662402371404519,0.7911727704348465,-0.8497483933702933,0.15662667345707393,-0.6557157137754446,106.13990783691406,32.77895023456881,145.1170654296875,46.96500022545625,10.887143439737608,58.240481739552685,-0.09315059674304221,1.3552111991510336,1.148740959612252,1.0632324405835298,3.599891557334535,2.5553518509308644
0,SDv15,0,6.670886284140064,0.6492339947871324,7.492663703382144,5.550228346258846,0.4186648814356283,6.168800299722833,4.698349937812393,0.37451588064840774,5.223800245015157,0.7065979374202084,0.04011802192028594,0.7609071458945182,2.0804037073452077,1.6399212873875622,4.592272730851604,0.7188472215106037,0.08450723502112273,0.8212515462157663,0.35053872328423985,0.14560130990043058,0.522134876371641,0.7953797337224285,0.22350859720161353,0.955513760804914,19.267076915797702,8.235738375370932,31.88380418045361,12.5421142578125,5.100482929408574,20.8802490234375,9.905425827943333,6.049504869349399,20.543832695675036,2.69072679337208,0.22879368010369938,2.9421001171793835,0.5548370600826624,0.3683119635883753,0.889109840338824,-0.681679157282738,0.32266693654840806,-0.13992739774940188,-0.7202769420287003,0.26328446642992764,-0.3191628495581459,148.51588439941406,40.819780195267086,198.8350830078125,24.727360509217092,13.146728625840975,37.92306192626134,0.2992032691660527,2.950790311929056,2.0047296376141777,14.032016572133529,38.845517974445,18.799744181181637
1,SDv15,1,6.030339220768134,1.0442068555507544,7.489255819869081,5.2888525515873965,0.7186902878738666,6.077355891500053,4.582812477929698,0.7652783320918604,5.564818780962813,0.7800896177334653,0.1788791667610656,1.0172230329712997,10.654090748712681,8.795418096739084,26.026280332734952,0.7238279176194518,0.07437620247077813,0.7999242138303788,0.36908468816774354,0.11754689322977593,0.5386557464995745,0.84773018230723,0.25038668369123523,0.9791128232869701,37.45945388562064,13.302930113733199,57.151284389551265,20.027603149414062,6.422107571934234,26.6778564453125,8.25536233918539,6.490887255092542,15.270263087807741,2.5226574991400197,0.5153285111970601,3.073076677083126,-0.27208333477971614,0.3382530473609322,0.36176736024753897,-0.2934158722611973,0.14338115709465493,-0.1595299800887792,0.2852176295850235,0.12013551834511405,0.4447130825492145,148.53262329101562,58.70984826025346,208.400390625,69.2350544929717,31.69952081472154,103.51112385286,-0.006117237358832572,1.7091608141748031,1.078353800955457,1.728389774067614,9.061012186521227,1.1069118589096405
1,GLIDE,1,7.7328777304848275,0.17864099094619518,7.990857541029291,5.767743568566624,0.19100104242166308,6.011475397947083,4.358264110162029,0.18801151040496444,4.607522201264129,0.5638218518434308,0.025944330990128158,0.6030121538777774,5.153105882109798,1.7834777478424846,7.383472891471417,0.7008328405306934,0.07036848925425536,0.789151590879329,0.290684239426925,0.1552220214395587,0.5186969940189963,0.9396985846160643,0.01733747905522619,0.9600233293593365,20.501853437574393,4.635236902660352,26.37771997963975,10.666824340820312,2.933091211665345,14.5830078125,14.265978673497557,9.739444045395214,26.197377430551793,2.264151040828235,0.3600302094884415,2.65193337449011,0.23259652232992722,0.41421611862759466,0.7039034241772151,-0.5678553445238496,0.22279330717035953,-0.26154791920306625,-0.7948943938897449,0.39523975267591166,-0.29129871696832466,69.18852233886719,31.71336328227643,113.3961181640625,53.03373947247949,10.388244521657214,69.68242143531486,1.01827867308355,0.765947686939376,2.014956346181207,0.9287971289020631,1.8517737244839516,3.4083284710751487
1,GLIDE,1,6.564514322874196,1.3938772982805478,7.58807955318963,4.67470643445187,0.9653372604982979,5.465386101176046,3.451384525926731,0.5118383993019336,3.9175327025311635,0.5407503370676262,0.0806775642197946,0.6399189236294398,2.328374369134229,1.7637940064801982,4.474205365016381,0.7897945563715217,0.11359320962325997,0.9718359276581003,0.37598747594096793,0.186712093072476,0.639364446959678,0.9585554537471837,0.02205650090054001,0.9817692899569388,10.810585215937934,6.212460978472424,18.67670564450614,5.5171051025390625,3.3504167095074338,9.8001708984375,16.67161588828096,12.19125454226767,29.238550330098697,1.9398209819513825,0.42377348750577987,2.4663938694755814,-0.13849316081145838,0.47991265754058593,0.553562450267048,-0.18547738563104862,0.5462532173067529,0.49489125225300573,-0.3196618350082848,0.5403701426083837,0.3011662278554815,90.87814331054688,55.38760549858426,149.3695068359375,41.95455878197821,23.600432359191032,69.19656950644946,0.24807321607644683,1.4112741839754621,1.9869528642738028,1.0064925985744255,2.594306219098708,2.960610779822163
0,Midjourney,0,7.3684425323253855,0.5077692751358512,8.12343497878448,6.584057889336292,0.42597716687702564,7.267866511264388,6.248122678956014,0.3204322209874384,6.72667802181639,0.849345323061803,0.028486802422594534,0.892965706508535,11.462440112040202,9.510370505897995,26.040606201971592,0.49519328398830703,0.08460928735782303,0.5988672563911903,0.1467470795982059,0.04609425651414021,0.1964376021747926,0.8252739693796948,0.09766677670276938,0.9215655883634543,62.37679921622063,23.500093921677117,101.61543250922685,41.6087646484375,15.079278548245608,64.1884765625,5.143371789514755,3.217053661245325,10.173406619335498,2.9227856485654327,0.2699850111817426,3.211642915672854,-0.00795977308133407,0.45773487849904926,0.5622818539278811,-0.15018958744637234,0.39917449137842237,0.36334054460300513,-0.7394723428539786,0.15277171403901768,-0.5892660743813436,137.5118408203125,43.43347315433165,175.9276123046875,44.005647017218735,9.911797421325227,52.664344451926496,-0.41589145537663813,1.152184844391251,0.9697851105260723,0.6866855346633767,1.9865913278964966,2.738585535944613
0,Wukong,0,7.301019228871737,0.35020762721502807,7.6363680125580125,5.781853731398437,0.38152784229676573,6.165398316776713,4.7767906759974,0.37016377794960964,5.194731453056282,0.6534856995419189,0.024576382398099617,0.6806543926324734,3.27403681018125,1.83078680022227,5.327273675673974,0.734107184517423,0.06080548447440481,0.7782377190376226,0.24241140305320674,0.05657532695613687,0.31710485950091805,0.8761727321490534,0.073237956518305,0.9570643244672454,23.43955746515619,8.90223441064465,32.07575657079541,12.517868041992188,5.327219631805875,17.04736328125,14.930208562826369,9.24820154057634,29.82323175507399,2.298197603160226,0.2932446665002633,2.7448876043448256,0.5247540841879175,0.25905815221877004,0.8093274895858731,-0.641293760073324,0.2607963549825222,-0.3093517990191168,-0.325872497295231,0.4135547446798273,0.21720427926491237,88.64222717285156,13.32447629800145,105.223388671875,29.608745848513262,5.527713923001325,36.16301838029767,-0.4466226161896161,0.4173920458816403,0.09222727049136084,0.049019638660449866,1.0373380197514257,0.9713071579285113
1,SDv14,1,6.9298460960460355,0.6663759231793516,7.6763077752207245,5.161253041547953,0.6508286277964697,6.048224326291299,4.314273565230756,0.6061705070657414,5.120643037283643,0.6212122878893974,0.04432922630796935,0.6783772040327676,1.8711699632109804,1.8973044604285627,4.166110599332336,0.7440037019035731,0.10494053969918435,0.8718026548527031,0.23577355851689155,0.1298636831294746,0.3324063245593847,0.9731523322844617,0.023409230938380224,0.9910156100659537,12.912875187082578,9.944959788408312,26.053949582985176,7.6090087890625,5.44622534909053,13.485595703125,11.578023435572053,9.560758523177384,21.21413912935119,2.515810701855443,0.3422325902452227,2.9599447298552573,-0.445595580525739,0.44202672026973255,0.08502246198253033,0.22703932414407688,0.3461474372215952,0.6978588042550913,-0.7439172435673231,0.10901828035102061,-0.5764030892384167,141.6077117919922,35.69470623749474,176.4571533203125,48.18225762738839,18.294381853785218,67.47546984706227,-0.2855098004790189,0.9848080335269915,0.7862672201016032,0.24005902331071372,1.9524271455228412,2.055892364368764
1,VQDM,1,7.328738863531896,0.10950497788660783,7.430264002157422,6.347096112992041,0.2114849335267067,6.558084190937767,5.800757901855196,0.2251449676955045,5.997496859637964,0.7912682738050721,0.02088927044862507,0.8126568780477924,5.301465569590105,1.6189177549449822,7.27420959703326,0.4909534722942495,0.08907451436333988,0.6272621289746898,0.15655420469958228,0.03541366229744244,0.18725542680662677,0.59228945495506,0.12313882140917554,0.7779085054534312,41.30342773605141,8.234691280577628,50.11959697968557,29.335784912109375,7.225852597847238,36.8082275390625,3.900038118704626,2.3969666002095433,7.820930782007937,3.080711333458577,0.23193456264939327,3.3021834677316444,0.18499316884393058,0.12367650958382281,0.3337524679761511,0.22275923205039758,0.317342655757919,0.4816750220617393,0.2647369099862446,0.20459293847197044,0.45410432846500537,120.22453308105469,8.34856483516523,130.323486328125,20.47370930206896,2.4222624262698127,24.23264590246012,0.6637643902146956,0.3678345001524435,1.1073803985601778,0.8148920020031633,0.6993371897769116,1.3626548301637347
1,VQDM,1,6.870528373103435,0.644841365780208,7.5904155782759535,5.528537405104751,0.5403192844517074,6.156380812247261,4.921394193380797,0.3779006321007329,5.404716202805111,0.7176929439693929,0.0199726978738864,0.7434345723514837,2.7831618505330393,1.8884047167569873,5.388395317617793,0.7447771883839202,0.05372655773867766,0.8153591255921556,0.2887869429969574,0.08347987937359698,0.37016182193788894,0.8471133419531405,0.10981752427279966,0.954658052500911,21.469933070343032,10.011878965770272,34.632443108892275,12.421096801757812,4.673070821705312,18.5963134765625,12.843712172958558,9.46815628757255,27.26696226712467,2.55719099148948,0.431694783493396,3.163815966964809,0.14517388746432341,0.2970711279631248,0.45466591121803696,-0.37017091868934754,0.3002417900374395,-0.034439255693426825,-0.5301414496532681,0.2414548361651479,-0.22209971860555,76.52424621582031,23.268789958163683,97.1363525390625,25.315721801372913,7.149566083429443,33.87223659821642,1.1613403588880153,1.3985094996802854,3.016509815117768,4.570897265267744,6.28307135683993,12.066358865108324
0,Midjourney,0,7.358969012595916,0.2564062674760294,7.7596759458814475,5.6405154077477695,0.20570461329146908,5.95468959888093,5.023973064587237,0.14167244662538725,5.22812164924388,0.6832581957111571,0.024045468399249353,0.7084059260196198,2.977583720119993,2.0232688212246854,5.150281872008064,0.5829613138848774,0.08272533621726207,0.6765852051710821,0.15527198420457589,0.05648846361930193,0.24247311844972297,0.9221074678834975,0.03619232053102635,0.9742773446828058,19.751743121551527,5.560637004377282,26.27759564404316,14.793853759765625,4.401791966065397,19.9146728515625,3.0452046640250385,4.09464443961362,7.904294424456754,3.091885687451356,0.2829646687366508,3.362025550782982,-0.17893854446885082,0.46844958798886055,0.5277727320838169,-0.16842040332870206,0.40238539302907084,0.41044171840614835,-0.5520545472661782,0.17257840287693021,-0.3005363503035367,140.4564666748047,45.01559580267029,189.484130859375,37.55225663702964,14.231564713225236,60.63207433772345,0.3705733149954906,1.0672126464191105,1.4853726387102728,1.3371777712746638,4.215066501300367,3.6808633118576513
1,VQDM,1,6.539105732315906,0.7578976086600654,7.284102802703449,4.829054551315423,0.5315050106715492,5.433046057856164,4.097571940233192,0.39339785822800444,4.614716591106393,0.630852881342737,0.055882761538836534,0.6934764693831601,0.9168338559382089,0.6762448792357411,1.8805026061350472,0.7970963609982042,0.10878995934654233,0.9187318388003349,0.3624905904516943,0.1988248896429019,0.5768602563084366,0.8902839019972496,0.14660468739314472,0.9665325845508561,9.338160883277851,4.307586842900352,15.132228450060556,6.048095703125,2.940601044890705,10.752685546875,8.311739000109174,6.525431385522542,15.6005235886033,2.669223362837737,0.2899636974287437,3.0165682495559447,0.09016322690323614,0.4797142325428386,0.7769051016765866,-0.2591145654749362,0.46221522794405406,0.3663190458677543,-0.8169043042794034,0.23001409990339916,-0.6173844043126077,89.30889892578125,26.58883258822793,122.795166015625,20.163502534940758,9.787827576135973,30.841096210517673,-0.684655480259185,0.9318131863971371,0.3520205459422748,1.7899635542131735,3.2640433390116503,7.5681039439994615
0,ADM,0,5.934883678196147,1.3301718711053718,7.588170257457244,4.892564196740745,1.2362043242192935,6.493528291420773,4.314666410856255,1.29003617723565,5.9953139841006635,0.7159859510632989,0.062348357060049514,0.7901139988860945,2.4939630402218773,3.4778276514443847,7.456401860512734,0.8617080883391426,0.08879755251062235,0.944667363473167,0.326081449981624,0.08536539424537677,0.42925056564903663,0.935416415489367,0.056821038022283915,0.9911482774569658,20.3594483382308,21.82592038084968,52.31508390799688,8.76129150390625,8.76321722283396,21.7591552734375,12.945365826178318,14.075733132443494,34.763375308670334,2.092175410616007,0.4161568148375884,2.5673526498736257,0.43376976964588343,0.3662472494486435,0.8775892197051632,-0.6848994902597981,0.28913456925555253,-0.21741358012197556,-0.6839998983800927,0.34745947807133465,-0.02337445092922273,114.53648376464844,56.05826743952248,191.4937744140625,29.518733110833523,19.99021691472144,60.33836982545183,0.41007841246684673,0.8560466301792259,1.4763616704361153,0.3361844498386042,1.9489813857562444,3.1999431368039866
0,Wukong,0,7.535942327824062,0.25812794317699533,7.955102687371237,6.636411006069775,0.18852641982426221,6.867138601922697,5.992378577950983,0.18268239762888575,6.249623414894847,0.7956098133415663,0.023359843796041252,0.8300940407007547,17.920553971009717,2.7596231907677073,20.928922784391553,0.34922633622846005,0.10234617507985916,0.46400869718888327,0.1106106112318852,0.06890264224701996,0.1761167259007685,0.5472806043677845,0.18446682536148004,0.8172145370876444,72.1959244825016,6.105755752844808,77.93212899810766,54.64167785644531,8.875329440811962,62.3104248046875,1.1886637725665914,2.3512465562323155,3.8642753498816043,3.3938412036151577,0.4107503214895573,3.6953596385837217,0.10873194035368675,0.2986765185259589,0.416948331844926,-0.21665886362272224,0.3305993956970084,0.30912973994843773,-0.535775370315708,0.18115203832074528,-0.3922395992511993,132.984130859375,36.31507750420488,166.6629638671875,39.62091277270092,13.250863761800238,59.03660530102066,-0.19724428033344787,0.5845517499960444,0.6343080039246725,-0.412760617226978,0.38011909790438325,-0.036475757443017454
1,VQDM,1,7.501649073408012,0.45591883630382857,7.984353753326227,6.077073313507328,0.6916555875117898,6.835529744857805,5.228212748257706,0.716422649227973,6.021449984194159,0.6937976934820014,0.05919403357996086,0.7544439723557143,7.590517058964796,6.344278335415282,18.50328227355761,0.4729094102628188,0.13868000045124276,0.6866482812782274,0.12364758278915011,0.051904091615619395,0.2108802971901672,0.7797944077227185,0.11720030768937355,0.8957361225147276,37.93703064729003,21.316347012714992,71.02478896611869,28.264633178710938,16.365401283536787,52.705810546875,2.328177534468994,1.7667949471362308,5.384698804322767,3.176903210916582,0.22006873099223453,3.407119382946674,0.008305025169142471,0.32071117507716435,0.4984610812693176,0.14182036842878834,0.2438079742975052,0.35271795121575156,0.12067182038896443,0.4040017393781927,0.5121737483165785,137.35894775390625,20.876761944141958,162.7158203125,30.45393063150005,9.889424080986386,42.662640292906396,-0.029846058364451016,0.29653225652782683,0.28394723654424286,-0.1104260312876047,0.50118969813449,0.5087915196079775
1,SDv15,1,7.753227810359044,0.171545295398362,7.956248952890208,6.651367176832862,0.42420535062419934,7.133107155834837,6.031998811100867,0.5053740068640168,6.5439872683406985,0.7772152610710235,0.05313785448695357,0.8275834863007017,10.75054173506788,5.3851421039228455,18.766375444853892,0.5555057604714828,0.1432661123459884,0.6934760725148026,0.2446155983310438,0.11042529544075257,0.37030825612862495,0.9246230232846904,0.05046992780052232,0.9774479701301604,55.8281975237806,20.778825355896494,85.00673055657738,35.41148376464844,17.707977586046013,62.1806640625,10.064397885882034,17.200217235448147,12.260819647890893,2.68586747486864,0.5059559000918099,3.287384088366659,0.09208894585665733,0.5008810256876047,0.7109192544229375,-0.17663134831001542,0.48682892580371867,0.39787840150746034,-0.8223394669255799,0.1369128025682388,-0.6290703387405362,109.92153930664062,50.41759855564027,183.517333984375,73.15966991644288,13.71948211882883,88.98277215503111,0.20623238977521383,1.0421404969300339,1.6776862728624882,-0.1846610209987264,1.5902238964299809,1.890001865951531
1,ADM,1,6.672884458476425,0.4908291368228792,7.208261954951672,5.318167723520555,0.6320040804132907,6.021149352490161,4.772997812386624,0.7683925373395867,5.721949434555087,0.7119719414082237,0.08044981818656101,0.814474302741432,1.3699036182760147,0.972715352266819,2.691564704585539,0.7605471895934632,0.12622274448358448,0.934782954967732,0.3331243821742197,0.1849255774451816,0.6419905910182013,0.9564822209090914,0.03188447970177232,0.9811638615169069,17.51829645189423,9.582637444079833,31.090751591659746,10.221481323242188,7.410903974993882,21.6700439453125,23.32836128978135,23.36539953377092,54.33294551851398,2.2686853391492114,0.5498287307583888,3.064878908485369,0.4642971157501543,0.6130820570065281,0.8889976861588317,-0.5870727185876917,0.563406778866858,0.388416821463914,-0.8932608917655048,0.05246900232851457,-0.8288045406383598,71.32701110839844,58.56938511911778,168.9552001953125,33.25262537101506,13.651753054205983,53.08610458835642,0.7749106738893248,1.0549731438131191,2.2602867375648126,1.4135643418540171,3.3502182011500863,5.521062589787653
1,Midjourney,1,5.840043426205064,0.9578652827100163,6.770907628856128,4.901144556212566,0.9887419002688963,5.999567784032382,4.5572889271287735,1.0093575219984137,5.731380371272207,0.7739079526502427,0.0636376904209615,0.8532816956272506,1.9567405448869382,2.702308532163435,3.995815224237843,0.8003969946100852,0.1527696562437602,0.9691126740047871,0.4730229413718212,0.24138307029728753,0.8105229910675451,0.8012376806895385,0.08131397387294914,0.8940030881511942,18.984502061894094,15.561336232969293,40.09691572263877,11.466873168945312,10.1256526342701,25.3638916015625,22.525350914028934,39.06862275840255,49.44947580775177,2.36810568580107,0.426400198777032,2.8491911189882266,0.7194163847383406,0.33017098220879204,0.9499328742391899,-0.825256334269872,0.15219381573742946,-0.6348471843573003,-0.868299293426828,0.1401100740397545,-0.693687604570232,24.339309692382812,13.560052436666707,43.3817138671875,15.33668583017004,12.334002813750107,26.53410357569121,1.0688275625020922,0.7740933262150772,1.9167849411258961,2.3228150247006294,3.2649330674966857,6.992381893427945
1,Wukong,1,7.938993308231687,0.24162201196907102,8.165541767926502,6.2490989559584795,0.3404580926815643,6.6430144160439095,5.2143040219227235,0.3100855872832235,5.614796670714739,0.6563202911781165,0.02261601954150053,0.6877121707315046,10.788056042729618,6.279574179136528,18.01980780738228,0.4849596727025619,0.0910061827189225,0.5710390468345012,0.111658059451084,0.033851259659819846,0.15506558029070033,0.8749917441419539,0.062162195884340715,0.9352863438409511,39.10368560992624,13.700503744103553,56.56838471609176,25.887969970703125,10.316525083012374,38.337890625,5.370066059731424,2.8667353787545067,8.552623006909947,2.8970249134937154,0.2838221285434492,3.222160296961145,-0.08807768056644935,0.24475611337211814,0.1594638626587133,-0.40207189633973917,0.18588764684000345,-0.18149214237813782,-0.45762208142357685,0.22250366592350965,-0.12319310515278045,96.37559509277344,19.785184537102673,120.2525634765625,51.66520056430882,7.951690380630225,62.49111580840221,0.8755535634239794,0.4785952473556755,1.5905429180996087,0.771140195127843,1.266218282088684,2.6587353697785385
1,SDv15,1,7.639516650290906,0.24876402122583838,7.880287243870999,6.270344200196986,0.21592930628683224,6.471023943427014,5.451375713846096,0.17447864444256242,5.6189918777329355,0.7137911754578257,0.017091385042816258,0.7318132523389417,5.303719303114767,2.104287372132063,7.942044497197032,0.4858750549369634,0.0802990948607796,0.6044952153462686,0.106050051500506,0.03919257511123466,0.149409982883492,0.9213127218978058,0.018792441439419307,0.945729095749823,33.96619775280516,6.921154207851145,41.66332001273116,24.798431396484375,5.564176068433104,30.868896484375,2.542866420604452,1.0982950277137886,3.3635799172563865,3.1782600625489628,0.1652511839647285,3.3638880451956745,-0.43053911870137185,0.44183410629443437,0.21358226015907944,0.3762179401978471,0.3915157177856587,0.7388418924831333,-0.7764935044374903,0.2537480414595398,-0.6916258741312504,140.98654174804688,32.025183435676475,171.0550537109375,46.27956362015295,9.577710208539992,55.057299918297666,-0.0113404304818336,0.43550420982634597,0.6579455763077469,-0.5900513299573505,0.4132958979141199,0.050030718103464045
0,SDv14,0,7.763306417574052,0.25119365005326005,8.041574139596847,6.7755949797177175,0.481229363628669,7.30949430540675,6.295952028351003,0.4551666529625314,6.833884465186709,0.8100951074734908,0.037143222667699885,0.8540762677805985,14.745915058008174,9.31275006161559,27.22073019022428,0.3607754156210047,0.10952286500181826,0.5234050089725361,0.08656851074077146,0.03128537024451232,0.13175056128760582,0.7281877196359924,0.15756831746555058,0.8942568524101548,70.77219566493345,28.57597986502576,108.35446516033102,52.419891357421875,22.15461703550221,82.047607421875,2.3547604116325127,1.8196482323681964,4.820808548466481,3.1744479416898987,0.2129962901336287,3.407324095484737,-0.05121011301002771,0.2857099093744187,0.2302992126934656,-0.2395795964767542,0.26198784776698575,0.14208635851095114,-0.507758483642698,0.08791381400060869,-0.4313392053750795,128.27987670898438,25.167883423442714,164.4124755859375,40.523518567742364,8.35315954931381,50.721276403052684,-0.30634403107805774,0.3946800995521495,0.1297381976089273,-0.2267124054410873,0.6887105217814098,0.5920666260392802
1,GLIDE,1,6.869393120436577,1.0148306842458947,7.540934042232099,4.881309073478288,0.6517538504196845,5.388775404178524,3.7674917149491507,0.39541940964850547,4.164658117312731,0.5578152835210701,0.07413189368004727,0.5919677729699586,2.675821601788866,1.8639996424282526,5.2560330845301095,0.7305113779035235,0.15800145623521225,0.9460034089149998,0.37884865057344635,0.2793807149032542,0.7478995891013356,0.9616343567896812,0.01652411351892647,0.9812846840803958,11.82300283960489,5.6499956761384,19.133844946877435,6.589996337890625,3.9030612479499815,11.916259765625,18.144439213454703,16.412084965790186,41.959129413753146,2.2956537924228324,0.5506629142371106,2.9171487233982782,0.3811029344740096,0.4868980754648296,0.9018471131804775,-0.23197230402358254,0.5294747076477436,0.37520514954656325,-0.34196741792483376,0.5459299760995843,0.3544052064512756,72.27247619628906,45.69468155207541,137.2076416015625,47.16722913136523,20.835692875782637,66.1127143822423,0.9343218061133669,1.4274567236989943,2.5841562989826894,1.8852746286461783,6.825901364876374,6.109215407541033
1,GLIDE,1,7.330720915199041,0.4230184822576308,7.675996935243079,5.135441055184411,0.38655794471577004,5.504275892353026,3.823388138613577,0.4156941284260168,4.429882914154951,0.5221077103776236,0.052928985461603524,0.6027395083455636,2.872819773163897,1.6106103214505243,4.321973812673226,0.7748787718014655,0.1006192014968977,0.909284315974076,0.350624324420553,0.24646735582361848,0.6700323511947149,0.9725804025976983,0.016304700990318017,0.9891399925360544,11.580093680444161,4.323249160552532,16.402156014935645,5.5459747314453125,2.290543101329106,7.9105224609375,30.015265915498766,29.678523383741066,57.95102741498707,2.0277901933907394,0.4456150731429734,2.673680124220984,0.14863784207534322,0.4951212196963517,0.6768961111556562,0.13978838085535153,0.446461300469581,0.6060957949570209,-0.4696018536782187,0.5914354733912299,0.6259278941335443,108.48991394042969,63.8649989293088,199.665771484375,63.45276161975567,25.887434673984757,89.62431241766159,0.32013971973698147,2.986731688188852,2.64956970191391,9.187304883761717,24.144801046380273,28.100704290337642
1,Midjourney,1,6.344594068208366,0.43996698645790583,6.8100549448446674,4.436557564972772,0.3564089314881925,4.898687774875501,3.725284726684531,0.2579052143233027,4.094712713493368,0.5877355544021168,0.023439909011701454,0.6232442135487664,0.7313312694869616,0.49845298967610907,1.4088088939279413,0.7900459210018695,0.07877091740602771,0.90668998212711,0.24426680322277194,0.10950340701331894,0.44983813332742195,0.9654879457907007,0.03612007706272235,0.9934251737021876,4.996838054127354,1.278359344840057,6.765472570867109,3.662384033203125,0.823691384135013,4.653076171875,3.2451358266142223,3.0290481585389673,7.2962332268710846,2.8241894947699926,0.16117986133673998,2.993522247152868,0.25778538536331286,0.5146771788578253,0.9568134689695786,-0.17931652770111278,0.5611504724848408,0.590770694039916,-0.9317762832294472,0.08655865126099566,-0.8452744835829727,118.84580993652344,51.00139424146841,174.6529541015625,36.20086021915115,17.297264594330112,54.43592449396107,-0.13859872259934952,0.609138512276888,0.47363371383137254,-0.48745868690344385,0.5968304336402873,0.17994655120113534
1,SDv15,1,7.700269906401652,0.5943647284007922,8.532801161269461,5.969658598409837,0.9010861671444658,7.125279008744997,5.185017942331228,0.90890843563431,6.274846719625998,0.6688039523251311,0.07006444809822032,0.7590941078011311,14.719561403120313,15.94405396916161,42.13844944806637,0.5104510155940489,0.09956121300105977,0.6155098709016735,0.1162133847409354,0.025835904010149152,0.14792141884534904,0.8357336956631212,0.10188305585026405,0.93434958862741,43.67701600401199,34.94795734990389,91.75422525120774,27.914566040039062,23.453829244309645,62.197509765625,12.563057507508063,27.86751879557831,22.22324664014333,2.8449054546049295,0.45753490309959016,3.2614981180971236,-0.13982540091744888,0.20186602208920892,0.03675080044970487,-0.08995818864333158,0.32994600039289607,0.31548747292392165,0.02620225234916346,0.40398196660488034,0.38233412872672173,88.55587768554688,15.709648578786231,111.4720458984375,43.821136469829995,16.4333550674318,69.48857413358101,0.8088841192890223,0.5079149304630407,1.560417380917588,0.5720422184090098,1.706797891846046,2.8973023597125804
1,VQDM,1,7.504035547333267,0.4601943290586497,8.0544107722965,6.784280358131114,0.43633073243324655,7.340678227066107,6.423352831794405,0.40549501106676755,6.9923659058831005,0.8562258357530226,0.02337961981020354,0.8816547552891598,19.79792020975058,17.853637722915174,42.821632298752874,0.3878875708368885,0.16006592575427347,0.4497145745185786,0.16686791267352266,0.17713177716539846,0.2532497009675536,0.5389567361877756,0.14344125475062275,0.6927959829808603,79.26578303832838,37.05670808839612,127.84583719012792,57.98200988769531,29.029382721951514,96.1153564453125,4.010916299300057,10.150502594281017,2.976032373902401,3.1501416614322864,0.5703381288238676,3.4725511671602103,0.00681118919248494,0.31889550504574654,0.39382138909951037,-0.11585191498458138,0.3249428838834646,0.32906350790476213,-0.32362452326553187,0.22878598261664618,-0.09378398852555989,92.78289794921875,56.817881117758446,169.3936767578125,35.13806818755987,18.236931564003463,61.65132182598505,0.16722548540455687,1.454095302713187,1.0923281382480114,2.3454391633379816,6.486668652997662,5.401843672326095
0,Wukong,0,7.1026697639357845,0.5908751300227391,7.795219712609269,5.943865395434876,0.4355752798546476,6.467089924445729,5.389472907506893,0.411310822197787,5.91296244831622,0.7604098191351336,0.040538712354534566,0.8045029237574599,3.545936759397046,2.39093093546403,6.684399801587304,0.6770251484067779,0.09232415278364754,0.7747402245650459,0.27548197737111996,0.11583547769467857,0.4426305183409302,0.8778384962210888,0.10522303532413428,0.9618116207481129,29.140652160332117,11.87337029892286,43.566477439199026,18.34368896484375,7.244094263012248,26.174072265625,14.426088131297243,14.177669107623192,27.891725782660288,2.5806597354760656,0.38190064894013853,2.9422422672993065,0.1588407061079047,0.3715531499544295,0.7893464921000466,-0.08324228665688857,0.42700375407428015,0.4179815273718148,-0.7032867476003496,0.16351780098084295,-0.5207823034652295,154.3998260498047,33.968057797651404,189.1060791015625,34.15369324755595,14.415742525380395,51.93584959176679,-2.0718205144179906,2.2301660415438214,-0.22080466556332018,9.514628081205922,18.99630146343108,21.75407808816169
0,VQDM,0,7.040559883553848,0.6308480301006656,7.5246323214703,5.770709215627439,0.5671518092569815,6.164451168890425,4.997957944659486,0.5450849780442991,5.45732147328071,0.7093034028824627,0.033750400460926956,0.743419353608465,5.367001180535874,3.253868836152035,9.142844840482496,0.805905173883891,0.09073772529701948,0.9223668874349256,0.2784915750522273,0.10692396985006888,0.44774265379591793,0.9337702176056413,0.03138188918972432,0.9624798905141945,32.43754747663546,12.053171766156721,46.03825966644913,12.644805908203125,7.004405424535716,22.647705078125,61.23000328443684,113.8829690050777,97.78416632326295,1.5012402948915402,0.6163255962948458,2.2931020591195974,-0.2535032580455593,0.4538579387993902,0.3604966544126061,0.49885389661549917,0.45636212778599916,0.8778701549446799,-0.6481885716629147,0.23813640638569142,-0.28165170782155524,152.39512634277344,38.84676157120754,204.02001953125,51.50788871077798,19.22128698763207,75.57644386145097,-0.9860819839356461,1.3345515122010507,0.09861733387862417,1.7095820413099827,7.043618430948591,3.453803060235379
0,SDv14,0,7.034585549696452,0.5468126931006807,7.601208402939687,5.997026032814753,0.8014323278342307,6.930518570640059,5.502390954290989,0.929909057931696,6.5825535298745095,0.7768544414103561,0.08229356153202992,0.8612006489456694,5.076579944767263,4.541303638908826,12.969153025793668,0.61472973413947,0.1612446821111976,0.8261186023957202,0.2109425361879407,0.12568059035673385,0.4116849453190148,0.8440287753920037,0.08412161317171409,0.9324111553794054,38.08252547468683,24.63853330917683,78.26274284700695,24.1182861328125,17.209145885822725,50.915771484375,13.774352155938281,11.334430288815021,32.2990992876188,2.568360124233943,0.38352526236446,3.014425948844453,0.13575307281614488,0.5188545132191904,0.7542240859514349,-0.49279979903434123,0.4426765822128108,0.19532769904249964,-0.6993487837167585,0.24091254774731075,-0.35632631046085717,79.49630737304688,53.68290515732797,162.5924072265625,29.30385864863738,10.838220523704697,43.70854934043284,0.66675441928503,1.1415732519118151,1.9204056848617332,1.7551819657699972,2.6673319221558254,4.969737907256844
1,SDv15,1,7.179137586450758,0.3971224191539981,7.541294295915543,5.796050219467875,0.22022795486721286,6.025826204985902,4.935012798803842,0.17379489230613357,5.1262225597155755,0.6886167599560385,0.027433500556245115,0.7213348274098255,2.4989998169406658,1.1081823671968332,3.7069185602481767,0.612846947140254,0.08296613788697586,0.7276750200659297,0.1797851207313334,0.06333188754679982,0.24121399225975157,0.9152762591813155,0.07321920802071558,0.9755453742479681,21.058206474151596,4.5754212144678394,26.816701226486146,15.23779296875,3.4565491248543587,19.06884765625,5.241975643033544,5.734496365114868,11.672230090092121,2.952720909157466,0.31878389953407066,3.3148286835604566,-0.14181572319949248,0.6706290002156216,0.8335735661136779,-0.21801690549443617,0.558551160615309,0.48538774647193483,-0.22950017792345676,0.7012420898061531,0.8296425028574368,91.12626647949219,45.29386004542894,159.8182373046875,39.73900090942738,20.69395446877675,65.77238244816562,0.08030596166380968,1.1134409640134706,1.170876843674662,0.8142895952321204,3.1372500075669123,5.522383718228577
0,Wukong,0,7.494487465377806,0.41129297313738283,8.007099122193399,6.2452999687826125,0.3286503834708071,6.593054496744722,5.475850333133048,0.22061642351063918,5.659284718338563,0.7315105926645522,0.022043737725547383,0.7645179531018811,16.90447329105256,9.993836066877002,30.9132505432729,0.5574107258494312,0.0832099539850571,0.6667332382289298,0.13641094560225503,0.032752309942262144,0.17900764129020072,0.873209439454042,0.06074977578719431,0.950594418444402,54.638048398239484,18.415536045493415,79.23046726616303,32.69664001464844,12.305174200323084,47.002197265625,8.328412083960126,7.097291303063752,17.65828893920835,2.7553232484259484,0.3436225836636078,3.1321470315160598,0.043960133277909576,0.29058943425957945,0.4848710260879508,0.009104282919624743,0.3059579398099434,0.2617019442397566,-0.6939667148816063,0.2728729992373273,-0.33945230459940245,109.04525756835938,33.00135392513224,151.876708984375,63.36183525187036,14.07773670422183,80.26816159126204,0.2006167857438969,0.5276464158396509,0.7558511431891337,-0.8203360316145749,0.3721870794572008,-0.43549562640894246
0,SDv14,0,7.130031849232001,0.39713606102127996,7.637946098494115,6.023212390387643,0.2646805281065865,6.395070140220641,5.419242929961079,0.2431299846604567,5.691430070397018,0.7610284714091633,0.02857721722891087,0.7928549520522596,3.1902687109276604,1.9724579692823418,5.675653797398594,0.6011132945254027,0.03771878047078036,0.6384829184884382,0.16870564430373253,0.04478373476276047,0.20987101376547868,0.9104786681509742,0.04135325300605017,0.9609380269336436,28.619914445713512,7.895998317329276,38.66857374395363,19.978103637695312,3.8636328955845194,23.790283203125,5.343713944505821,6.74812869588243,11.277836004236399,3.0192091212051166,0.39244528083733626,3.4558926053041557,0.32542666361158534,0.4239047433981298,0.7717027601797928,-0.4966111764104523,0.4106332228979689,0.12492581266543532,-0.8969553387803186,0.07723019438522997,-0.7863833952669346,109.95742797851562,25.39187060027981,143.495361328125,37.35151075464215,17.75326426253424,61.18720177604813,0.40174265398911263,0.741306643399687,1.0564318624093825,0.562311878516484,1.8130119993606877,2.7259455537502926
1,GLIDE,1,6.156813276625137,0.3188770990304002,6.429090344709518,4.101127764481102,0.30662563251713354,4.293440537559858,3.291225658553472,0.15435535048584292,3.417531070368377,0.5351624030564885,0.023179892748800304,0.5667935095156875,0.5710400009251386,0.43411956833424153,1.1852821278974557,0.8793773593274028,0.046203648995499766,0.9288457405946902,0.4390402938898858,0.17001461834230452,0.6832660300268454,0.9751228933627559,0.0118709415679717,0.9898763002193025,4.224726119819273,2.216294580372199,6.477881969518204,2.5488128662109375,0.8511936214235082,3.263427734375,9.051784167070245,6.883990206667992,17.66103709367733,2.357486947787654,0.20394105666050527,2.602972585270838,-0.014453569826619495,0.42073637474995484,0.5336376963022282,-0.4237643206073052,0.43419321743476824,0.18321325797469123,-0.3565787498400237,0.3904401460663539,0.18956227066513917,119.09747314453125,56.02768516439828,216.9771728515625,30.224823305783765,19.069340055989127,62.122583438255035,-0.462826481124607,0.9991864875460458,1.0295015932831577,0.21203036527197988,1.6260332124789514,1.67758420440739
1,SDv14,1,7.729237547343709,0.5226098266039984,8.296209788355512,6.295365892372621,0.8646650347887359,7.317085754187911,5.429057518202953,0.9625790169121379,6.574398488816657,0.6975458979137354,0.08282360077103887,0.8009250675155706,13.338874384389184,13.28838186069972,31.59122309224616,0.5562283191290619,0.19581648290429193,0.7819443020074712,0.18863419426117517,0.08130733904822836,0.26390335683360644,0.8733078455412793,0.14803435640234788,0.9739252512700254,48.61633141782498,36.8461096672572,100.8688075495929,32.535400390625,29.209471202199932,75.0738525390625,10.748610108503307,9.06642105604196,23.034541818007952,2.661564190585022,0.5027375010291937,3.40916567719906,-0.2305253727905442,0.36192237852312387,0.18037377267724275,-0.5375165607763576,0.19744286707896047,-0.20882620767023358,-0.09601727689243321,0.4186956093100147,0.4068436693611338,118.09397888183594,36.52435771001877,170.13232421875,59.44207458791439,19.143235145571914,81.24483408574504,-0.2565839276455081,0.6798394831936455,0.4696573192914659,-0.18958390335622033,1.176052902503307,1.3342963733005218
0,VQDM,0,6.858342950501479,0.7784581082089254,7.604164590232845,5.301146790890462,0.8125653930242427,6.059980496796413,4.499769915485616,0.869260513029746,5.357151595351373,0.6507975063559395,0.06476950496856687,0.72754272681351,2.5424970154439097,2.0183957762608227,4.9293907667233565,0.7255498690563258,0.11067182211048762,0.8742482756991685,0.237269736601339,0.17988738366048934,0.4613467699597041,0.9660109544307645,0.019699172014425843,0.9929299370651288,15.932528233255953,11.145086958183663,27.680005403198074,7.7111663818359375,4.698011272886385,13.824462890625,24.505539694050345,20.489080828900388,48.930472367218115,2.17416173801919,0.4351538013047179,2.6926720289946076,0.2373422393743668,0.4305985017578987,0.7826326171861466,-0.34715753582226133,0.39022563347575867,0.1463441380828412,-0.8414387978940813,0.08121085140765467,-0.754971287761384,95.76643371582031,47.40063953485348,144.037109375,49.84039998070304,19.213011420286062,71.18507558522947,0.28458851986297823,0.9104094898881756,1.4076734847390613,0.16958939352915436,2.0027749317370955,3.730324931093701
1,ADM,1,6.9690258476211175,0.31923278245679715,7.358945087756963,5.122792768914499,0.355675251254067,5.568630215402042,4.175733295671469,0.39753327289656315,4.614203350942022,0.5990477325977845,0.04976146828453372,0.6260141262844632,3.0787109621047497,2.9589385147229343,7.398037426776266,0.7681708614814715,0.06850462622824013,0.8493128609797471,0.23807094094194037,0.10478925748068557,0.35176126203415814,0.9202095908025314,0.09442114332030381,0.9843377961515019,23.16495891654383,18.170370838196785,50.944680605685946,8.534881591796875,4.682885800414977,15.9659423828125,33.680353145564915,29.17475969496645,69.72542135583197,1.9061452030903014,0.5578768019133082,2.58959196545459,0.17442339007375762,0.4346932709915642,0.6793743788682823,-0.12393372887490511,0.3816624588033923,0.46451824261108354,-0.7807328608980473,0.35702400971411086,-0.3244028440658892,114.67135620117188,50.4284122319739,169.323486328125,40.84157342182962,11.302618727757466,56.74520645580051,-0.33258954451759315,1.4490777949558638,1.19231695067077,2.123885874321903,5.685938285758369,6.239539177458984
1,VQDM,1,6.779647400339206,0.277048029863609,7.135609021300208,4.748667949754449,0.2480891215712781,5.066134853989112,3.8482313018771253,0.2040055771424173,4.070043169045342,0.567574595414019,0.017694514029702537,0.5924041848773277,0.9211594323782754,0.3530009632732414,1.350917363473167,0.7228281441902303,0.06245229556207268,0.8151322955731441,0.25329033114026206,0.09674049757851591,0.33398474350850366,0.9074121352770321,0.036651776560109976,0.9395347987478804,8.85051380217232,1.9991752671431566,11.248616280337462,6.22869873046875,1.4266482721742852,7.8809814453125,4.580899158666515,1.9326950285218991,6.750145682857473,2.934263834606188,0.20044780539502147,3.1732338712781427,0.5370885936193379,0.2816651613753645,0.766911196118119,-0.6704209768351483,0.12494723300781836,-0.4473466618582383,-0.6964830689442197,0.29841738736999834,-0.30666688430674216,49.71888732910156,11.735735586735727,65.4332275390625,18.27556213654956,4.9780833793127774,25.159674851826914,0.809149628630028,0.5315222549249944,1.4969428859902008,0.893579182443656,1.8281827075722161,3.159393423444774
1,GLIDE,1,7.372793827995023,0.43874147671666064,7.955191752511027,5.294360203347632,0.3840424819210764,5.7524059109020325,3.9325340092536356,0.29554200600918823,4.233894939974045,0.5332969842292647,0.022209076110411535,0.5649999031717441,4.282879757082237,3.435902684855347,9.32413312547244,0.7104920629814351,0.1260954586078529,0.8544325002073119,0.24006129714492366,0.12241695756650617,0.4196732314566851,0.9375650018327899,0.037749734160867944,0.9737690854672552,17.333096754829807,7.102726481937688,27.11730276015816,9.756622314453125,5.477464396807269,17.4278564453125,22.773526180000957,23.44212797981252,57.4030535581433,2.3404494921968952,0.6346018415413972,3.109562261541143,0.008021513225468051,0.39042344961378517,0.635917010466079,-0.0796377519153517,0.34532359054988176,0.2877893746023246,-0.8492490302617963,0.09408074070515472,-0.7365450428709839,67.65512084960938,36.01088412384251,117.627197265625,47.79868377565043,22.41276752100724,78.26457374423117,1.1362999983224613,1.4179517898759337,2.3208384517242227,3.9133855315963837,9.008504489722649,8.62172904923495
0,Midjourney,0,7.451865437878122,0.4249621842239335,7.930289277280707,6.139382578760346,0.55485008895319,6.719570273389113,5.43365013597555,0.7323255032368179,6.198125111969644,0.7270922964561772,0.07392491836975026,0.8071816136508569,7.442972403805287,4.661330229647561,12.804604335947388,0.6671004020678403,0.08988703052674908,0.7779735355133375,0.2567179667492778,0.14872790022780316,0.5225093848916383,0.9022177431597918,0.06590978492786538,0.9670288940207223,40.2504712833438,18.039026284300725,58.6574776634335,20.246078491210938,10.235035050368339,29.06689453125,19.83741097672126,18.445314162844248,25.941408828268823,2.1942576394553344,0.4294718170493352,2.7703159958988017,0.16045473997634285,0.40953372976035524,0.6410365172427305,-0.1416172421702338,0.4228227545514448,0.3672253115489112,-0.8601133131891633,0.14338248842149878,-0.7006322636772836,99.10066223144531,58.02742967356678,196.179443359375,52.447192788332075,18.151847737928975,79.21496025920943,0.11572170622141176,1.4674449336290423,1.7225232137804865,1.8063311546354068,3.7332037092390418,7.604594423687035
1,VQDM,1,7.7766462112327215,0.1994984008425559,7.972272376324869,6.3922924078953836,0.23250409251056434,6.6191104762111825,5.479674304621687,0.23180557192268772,5.725271852659283,0.7044554100979723,0.018007849103130566,0.7261601948425844,7.7468176217246185,2.892036269121835,10.358052248677259,0.39963391661489334,0.058934316599919566,0.4843789295150063,0.11049136370962315,0.031745036734416136,0.157051249720409,0.7286075642555886,0.1098178087925916,0.8687188969324071,40.9776939537423,8.6458043014824,50.33518195504425,31.547836303710938,6.8725530086887625,38.9718017578125,1.2599331259167588,0.5530695614996091,2.181240522165747,3.288757883634014,0.14292463080133425,3.4245346716256058,-0.47889047226409176,0.36528439231995646,0.19147965517482432,-0.3200050601253248,0.23448444879229807,-0.008868580004723004,-0.10676464507628368,0.21513457640724418,0.15394586986231568,172.4453125,23.517789084162576,196.5230712890625,32.2489173959863,11.188091673897045,48.626878703123694,-0.9475341677146387,0.3913529701326601,-0.42899071013191625,1.3234629955576207,1.4392756749223117,2.9297042140327663
1,Midjourney,1,5.454507620934012,1.0321560950291917,6.642654763204909,4.163160974597798,0.8308454271670678,5.171290491655201,3.6024110856567466,0.5727117680027719,4.301999682323693,0.6653154583599603,0.034940026022845565,0.7100313376387206,0.67108949337837,0.7742686603361106,1.4480682319223988,0.8585484579853142,0.11046711476441938,0.9700880062673218,0.5282026874927758,0.2975041401466819,0.9018067333200362,0.851134765399485,0.18330524256547642,0.9718415888359626,6.666679310222604,5.0130087580749825,12.22595203565874,4.42791748046875,3.3928024341920215,8.3101806640625,9.841190804213678,14.428431110051143,21.17854165807256,2.5277333789748826,0.5067253356483269,3.2336567125635107,-0.7228247804298742,0.23108314619821402,-0.4172362440267897,0.5063254040729377,0.3152314494740776,0.8046987689012352,-0.5519042135413726,0.38373342922059656,0.011753725627750948,177.00840759277344,32.340039102661294,207.9615478515625,17.319361881830687,15.891650182996992,39.737588331139236,-1.6881790926196856,2.2183334992112234,0.25200304397877354,9.546390152243601,19.663914894468846,23.170473897677976
1,Wukong,1,7.593860161141387,0.6838729716265557,8.245717316946156,6.438492960491992,0.7759404434367124,7.2399782622427455,5.610731878497969,0.7740854158027136,6.4128001060575555,0.7359842191177848,0.04823717723480245,0.7970736025634941,16.393201547835595,12.312594173852645,30.85125444853874,0.5357092107548767,0.15762376984390242,0.7451642967995603,0.14454577392703938,0.05227289225718872,0.21056554089793683,0.842489138667669,0.10761034718699092,0.9568102748358992,57.03803604138057,31.59798174145597,96.62501411800346,37.284759521484375,22.465461101595253,67.710205078125,4.905869644695268,5.622501206057279,11.081954105885277,2.9588841967995414,0.4051688799405046,3.3351788501989144,0.38725071453310456,0.437416631859145,0.9519308701798661,-0.39598885911738746,0.4865689952800267,0.19433698407602232,-0.8117163789880797,0.18444316900248434,-0.6706625529593561,121.13311767578125,44.1799969241136,174.9913330078125,52.65517597378885,21.25066831808376,73.86822006306605,0.20768987473049383,0.7372178237829453,1.301178157337586,-0.4924693580457431,0.9501633906215855,0.9764901776250066
1,Wukong,1,7.815445048517117,0.32940464919788204,8.131156974640266,6.442886238684085,0.35559083320014906,6.814251235794329,5.543363867883465,0.4582185291054406,6.105759625092238,0.7088715453096444,0.04469314620352608,0.7663060083437793,10.61194059872214,5.681945133961448,19.893395002677032,0.7491977117179849,0.13862826126819092,0.8633059287927378,0.4238415996936823,0.19891575460294456,0.6819603247080228,0.9419722096782737,0.035992767095085185,0.9720571908093023,46.113559181480085,15.841905680757888,65.787805216376,20.431320190429688,11.687773526568149,37.9713134765625,24.564371939458084,20.200353798971957,33.11280724962911,1.7637544921979127,0.5382550113437141,2.4239996907258723,-0.20944253370811344,0.4716291006312691,0.42261220676629246,-0.008148103077348673,0.3692584891690631,0.5074811165358397,-0.6167000275309773,0.3280898753061409,-0.1009756751769575,110.40650939941406,64.13617799779831,199.62548828125,82.28238012957529,22.369927622975055,104.75387409841468,0.48888181991986623,1.4254270728048382,2.440272604837954,1.0897453412448006,3.7646725873380187,4.206975239725757
1,Wukong,1,7.4039978345161,0.3155976160058239,7.763972895711971,6.384441080119666,0.5904388068345132,6.986765888073338,5.816842035891333,0.7222953190127315,6.576886800742446,0.783770194931334,0.07631375111273644,0.8734215287135922,8.024633413840077,5.633652165223662,16.16538180665786,0.4703242134118823,0.14424696168211112,0.7072130339937817,0.12434438582546141,0.056679210640425665,0.19933698763606178,0.7890737536949428,0.15217265097669933,0.9396719187660272,48.729980113981505,25.152537531635005,80.03225868548347,34.79682922363281,18.776658882342833,59.2806396484375,6.5660897824245055,13.86852209624845,7.480743704895526,3.062094883022507,0.32373366208172166,3.3804624866694972,-0.2620586412290431,0.42479729302131974,0.4387082980204895,-0.015115594124740214,0.36229683232660065,0.46995860428822367,-0.5856428829201448,0.26267866338330986,-0.3175199743430098,150.6200408935547,29.495343333744014,193.2972412109375,36.24520160097826,14.928558716092885,57.90088365030335,-0.03612595106352007,0.3849146715936384,0.49291450891151023,-0.2823273692355558,0.9353150135574859,0.8015604347246745
0,GLIDE,0,6.657004638843996,1.040441064112345,7.581608384843721,5.923743439371253,0.7916205150900187,6.81071884930409,5.546857928920079,0.6790841752458826,6.416574645373371,0.8415414867532333,0.07317492566457057,0.9697329580028775,4.44574542056406,4.571585882227617,9.917295071963977,0.6429858481989368,0.14464022059503906,0.8357551295981355,0.252595893974858,0.16261031515216204,0.5197503173003271,0.7840285539840932,0.16857317346684644,0.9435923271285798,36.0163863770898,23.617947412635782,66.76126129345683,22.541854858398438,14.500263623287191,41.8095703125,7.111110957131684,5.916108423252521,14.346737898959567,2.804987651868256,0.4608307503571921,3.420674222818086,-0.24543070710883633,0.353090382165253,0.22445276158963234,0.25023924224542327,0.40787819319309604,0.6998114084782079,-0.07211726532657384,0.5969992321639681,0.6053221165320608,141.486328125,44.79776849461047,204.532958984375,28.719441848625976,17.030805226353642,51.12551790023733,-0.43934686548706536,1.0230312158043322,0.47179649000359575,1.2543968818693907,3.118824967554116,5.40484990085265
1,SDv15,1,8.179572963165079,0.2218737481013223,8.453458230275153,6.4159142043364445,0.26847904231337266,6.714332068131916,5.199027657997158,0.2452226835371874,5.482096411705946,0.635340808794475,0.01619470868023587,0.6577703574225093,23.895437935012033,5.66228423204886,31.406206203546354,0.5305425379730049,0.07100921479740253,0.6349537942255215,0.2648774602436277,0.10377857449917326,0.43286239285570255,0.9005261995533169,0.023859131208417417,0.9242928386630175,55.9017353635729,8.669742339455906,67.90943382003091,36.40638732910156,7.3552608703559965,46.2225341796875,2.89093594142551,1.3263567075484963,4.685508150777088,3.0396767492588426,0.2216478797952739,3.229885016167249,-0.34588408129416554,0.1171476926658731,-0.21343860934382053,-0.13998726880157542,0.11449702588328767,0.030412139525727896,0.03977939689977873,0.08993185738931803,0.1294688314665486,118.79246520996094,43.00541672469216,171.8343505859375,88.38767099846143,5.991907811267224,94.2298525522246,0.08859030125032247,0.6719457257454006,0.8975814399361635,-1.1535439562547607,0.3453918160502103,-0.6491576289184433
0,VQDM,0,8.090051289952576,0.3644287080753663,8.452419502923682,7.350465722201532,0.37449936887396384,7.651753107434871,6.972185841874308,0.38918957068073995,7.359826463510965,0.8617975285258324,0.02778734305107081,0.9006359214021444,37.07529496173474,17.49789187812498,53.51580363048002,0.3641698873220576,0.17670646755737732,0.6364815469996827,0.1289831035410726,0.10270139764322943,0.2945999194463881,0.6109144560535048,0.12109874152475643,0.7225033914069727,125.17280528201607,39.155257546012564,164.41790346314025,87.33601379394531,36.128536114379834,121.4901123046875,5.44817443109555,7.837663281051736,15.766409948238525,3.0530953501630727,0.5622077266731867,3.4703625388678185,0.05434095875750185,0.21235953396646062,0.33281137161998864,-0.056467722332119774,0.26214819896589825,0.23719925915228735,0.013545826764083842,0.4449791642220478,0.5903014708961858,104.06625366210938,44.65203864833529,160.1265869140625,54.72580167796754,16.389425157480535,72.61260149962315,0.8857957999411209,1.307541458518163,2.6545606724090605,2.684674346141522,6.594601060657969,12.590722022195767
1,VQDM,1,6.962809487423003,0.7681806765227837,7.857495361254497,5.747510339573299,0.5046756097618494,6.321538010963236,5.041145722755193,0.4047265057823952,5.535689992997167,0.7278012257906366,0.04913469982111929,0.7944045454285393,3.694822557929426,3.39029123918552,7.933569145250698,0.7015429181824524,0.11445345347416913,0.812129885665984,0.36886601094199184,0.16230663126203246,0.5543118965269792,0.6699649824332499,0.2154223261955312,0.9123418344832293,24.49478376199183,10.523962912808463,37.173166385727214,14.950881958007812,7.144824595667268,23.5240478515625,17.307773151825767,17.80850619036253,40.58514789731249,2.5596970955579446,0.4457114060983726,3.1376417380329924,0.45160612605256534,0.2654404456468927,0.7608710933036029,-0.5051601687249629,0.29943164302487973,-0.11192395927093561,-0.6026753587579137,0.3534279635212263,-0.05694821150615223,127.04838562011719,18.670494589438977,158.47119140625,24.261588956067705,19.58995457099693,55.58996057316414,1.9813208763748267,1.7670361272178616,4.237396234006871,12.896171553671952,16.78543141693881,28.420295930625045
0,ADM,0,7.742475359905642,0.4299669293137351,8.157716972921296,6.749048694696844,0.4455823103922887,7.203861397635389,6.208623466717144,0.3557642328446461,6.5673451604028195,0.8019467844893663,0.015698459884136734,0.8182276979620389,17.64827529319023,11.289779719458569,33.003931838939366,0.5134119117310347,0.1298481371739336,0.6731903418367444,0.16563177150348524,0.0894635208811498,0.287958151609873,0.8376827309022764,0.1017066236360075,0.9400048013140049,70.4486119749726,24.74225488338039,99.26669106089165,43.845794677734375,17.94465071252862,68.413818359375,9.276286851994392,5.932705881338756,16.35599811654688,2.68310238383532,0.3657432567016248,3.121556398736969,0.33674044860803665,0.3216548090578904,0.7053943023163871,-0.08547172606267536,0.35458729298766006,0.3833011952292026,-0.7086232767236673,0.20403559315462896,-0.44108506636630784,146.54464721679688,41.30525252660103,200.8812255859375,59.05758258807559,16.803957725117566,74.7432453151167,-0.21009556013740072,0.8565741065056499,0.8216748433970947,-0.15274389549592873,1.580632499672659,1.4172800016297313
0,SDv14,0,7.648736868929884,0.37221649659201056,8.022829256479087,7.021538596991709,0.2542640551008927,7.375205371752739,6.65596648169784,0.26840575993452315,7.029822068790654,0.8715701034404187,0.04190814098063675,0.9249127240365538,17.437376299622873,9.05439497691681,31.770442117819364,0.3154228728176892,0.06719999665525225,0.4045276790001535,0.08796187560779044,0.02753329549067739,0.1293596573962284,0.5735353810653618,0.2816353679269406,0.8637225399119166,88.389696271011,23.85866597320824,123.98795228715863,66.0264892578125,19.483398971722046,95.1868896484375,2.3555872012530816,2.889534022255383,6.140704947042873,3.244922765570627,0.274406364246257,3.513256940217301,-0.015545680669909218,0.31487456596065877,0.34700350287742915,-0.2687382892728934,0.465217968692481,0.3797612204338482,0.3764612424632139,0.22821821238016332,0.7470539320935885,153.25047302246094,49.22869712400123,213.27001953125,42.15625207164106,16.5520505563217,60.758788820619735,-0.2515816614314067,0.7241817424723678,0.6410152295114079,0.15771959566958973,1.087959668624751,1.1475257825913623
1,GLIDE,1,6.469566035293061,0.6489023733460807,7.167550453372706,4.280755897892803,0.5197644648704762,4.908941540630556,3.3414215947777723,0.2875049883246978,3.772765587932575,0.5186124119069636,0.037428253471716945,0.5511514967324457,0.7959347295052284,0.6618859373312299,1.3038278100592091,0.804681244685751,0.09160630952249743,0.9296604839852608,0.3491219164591121,0.1615193210348152,0.5992477973968325,0.9248311305915253,0.047326226634391,0.9731046808830892,6.591939739158102,3.1845387040879984,10.162164194544278,4.0396575927734375,1.9169495898370723,6.2239990234375,12.093486750651042,10.894587474307018,29.762581678583885,2.5255387613331353,0.38171350629430695,3.026196953573465,0.04878800720388071,0.5494759008959701,0.715507868511182,-0.2856292158047339,0.5869669208533552,0.6563638291786595,-0.47687794373390135,0.41002276806938365,0.13794138881110585,104.00328063964844,44.66127862373021,154.0032958984375,20.731997941642753,11.114455073920013,34.87061023861663,1.0566422041994232,1.1117460988994876,2.6324283576849337,2.653314224732428,4.228263985655616,9.581024702594888
0,ADM,0,7.308190953698189,0.4570738291296194,7.95945280975298,6.112185906161435,0.3636230518151007,6.677608759035551,5.359882780710155,0.2616882281792205,5.784223308157669,0.734325103231114,0.022712456550985166,0.7564811717350658,10.844705894510602,4.105803935858567,16.20782155454779,0.5715097371921727,0.08010642634518715,0.6948475108564172,0.1638787400325143,0.08267256147835533,0.30982819037226655,0.8801724476233748,0.04369172876026546,0.9304922653045473,45.85992425368471,9.645295937526033,57.792156093452576,27.995803833007812,5.8178287430725355,34.4300537109375,8.135440106708943,8.29931896481633,21.40263220906243,2.8179124101059587,0.4516901744669917,3.2116183682123163,0.10763287756558415,0.3071347416243254,0.48187199496841665,-0.12795211577403187,0.3894966706664186,0.41113252632806463,-0.7011526238585182,0.14517300524064547,-0.4439277953538889,84.70997619628906,28.903752897952263,119.1094970703125,55.15104633439651,13.164779365923724,73.96138720768707,0.5796746312634525,1.1730673911665201,1.921094884076189,0.7302272489004178,4.574028120815262,3.440139424158681
0,ADM,0,6.883102672806849,0.635309060243318,7.8030763347858,5.8232779540545545,0.5236903489594468,6.594083044159043,5.296001133740048,0.4835771140163028,5.963246120977079,0.7696551568633574,0.01591375140440818,0.7880487518072757,4.63618458089255,5.58712790044026,13.281735697751365,0.6101727571602741,0.08103111178576396,0.7172352819778197,0.22423150140211273,0.06774566165205917,0.3070409822011246,0.7517831436618677,0.09289934633153343,0.8762935133699667,30.759586160746316,18.622036142055673,58.13559637645635,20.493499755859375,9.69864069816405,33.91357421875,4.2426611576238535,4.228684557441124,10.909694301546958,3.0594797252234707,0.332520865343101,3.432750448288361,0.0727580785269666,0.4002056022062442,0.567245619107795,-0.28597750965996155,0.4369324478877287,0.33886391066493804,-0.749056765539994,0.19006262325763254,-0.5096539938059049,90.81578063964844,13.149956453377483,104.2432861328125,22.182507971776985,13.599653553743206,39.76633772639709,-0.15794116703026023,1.1309264729542066,1.258430828380006,2.5301138682034074,2.7686420012375628,6.2874831416894565
1,GLIDE,1,6.876821384653194,1.6025257698280262,7.757566553558389,5.1225447169228255,1.0293007149491828,5.720695976619897,3.9702048571434236,0.6617367961858394,4.575782467256545,0.6039938390449249,0.12252585304012678,0.759574004098485,2.7940231865315583,1.6771083392832924,4.335070920729406,0.8824812038533814,0.07950829245514875,0.994000790325492,0.6077793427261964,0.27024456456940543,0.9863856988132296,0.9768323397092024,0.016299543281562034,0.9962403509141162,13.716143692342055,6.360030783661084,19.927881588182313,5.1007080078125,2.635681442798881,7.5938720703125,31.446088885034857,25.952551986843105,44.71231985979712,1.3932196679717253,0.441484633967674,1.9701832183687789,0.1563484748369758,0.39091667631727267,0.5962896026252897,-0.28894135056755993,0.37732669822197,0.10909003683831267,-0.4489097177698087,0.2807573629551864,0.014653381823638317,150.0554656982422,80.15117128296399,251.872314453125,61.01074293000475,32.47845223833362,98.79364782025488,-0.275893580992316,2.415741890018004,2.0402716173469346,6.7508623430778245,11.284926044273451,15.700925835938024
1,Wukong,1,7.394607507934525,0.6317331644182518,8.041197158350363,6.16758416446471,0.5614643465796533,6.745397021689914,5.309780267088726,0.5143174091072922,5.860132570432649,0.7180890206341317,0.03296254966123028,0.7596698917690676,9.243527351623527,7.116707914664287,16.403259046674222,0.730683428547938,0.09167269688286582,0.8729727415426993,0.33496867943731307,0.10452310347991671,0.4677276392108763,0.8291272482898975,0.09345636325936876,0.9506321442527179,40.1332411038674,19.14360749021915,59.782157370070635,19.699874877929688,9.638679840918943,30.317138671875,46.73948879365124,107.68909147571378,89.23870879316667,2.089150541044852,0.5979310165353013,2.7091387959677116,0.10388821159424325,0.6243577712910487,0.8661156466786406,-0.4795993012805547,0.4621323371492792,0.2471608127475594,-0.6533686843837627,0.48631822790863427,0.0814264888435185,120.1097412109375,67.06014732896207,207.802001953125,43.58078684900487,19.677432550174657,66.39737199153576,-0.8535664888088277,2.2612095919715354,1.645267224079559,9.48458668053439,22.73026997543519,16.515872268329417
0,Wukong,0,7.23104415438858,0.3726805319234834,7.65053947418721,6.50277459286991,0.19102960004781547,6.709404281528714,6.352562805945426,0.3603700947978552,6.623962431575537,0.8820208731445636,0.07868675740240143,0.9597319428173989,10.873384452160497,2.90993524544808,14.64191822562359,0.4018537717109195,0.048393415953821524,0.4361517690847339,0.11639452633539873,0.022431591805241596,0.142232808288127,0.5909226305769216,0.23134399288267385,0.8085729187789721,77.82996172672088,17.364706376372116,93.43856116650322,54.0537109375,13.530212616689127,66.831298828125,3.466602644840344,2.3304518302100496,5.803423466548032,3.114665248498311,0.22214388091154538,3.338140647340995,-0.12638409024946762,0.2834754488700318,0.15195805335653118,0.06588219543752297,0.3538822134644988,0.5484957497628737,-0.7788698219457189,0.20403032474304292,-0.44474895020869715,126.75790405273438,19.803391957254767,154.3643798828125,32.60753242251633,10.191818048871875,44.59202264623073,0.15944893423118842,0.7193111852190255,1.0324633906318714,0.9496427894944668,1.5067937317404956,3.280334636813257
0,Wukong,0,6.485027018697727,1.0325679816940407,7.362131903321388,5.2395168417744955,1.0282381711967514,6.271415738471266,4.491464198320612,1.021922264054761,5.61851079343284,0.687016898436744,0.07577596460587754,0.7654670295255239,2.2733353287785034,2.079758102348873,4.974813102324264,0.7737933059905205,0.13550394150306735,0.9371510814974138,0.4029370668374404,0.22481611980447427,0.6765205685781684,0.897030774278302,0.08465626261390385,0.969251449623306,19.4221430300392,13.165668488609425,37.266499770145344,10.792373657226562,8.37860215040654,23.361572265625,19.73625136635181,23.007246224821795,51.699876884487125,2.1712850665183403,0.5690026502447944,2.884255177381023,0.39488457390790616,0.5177689747621007,0.7978904943229617,-0.49405394293000365,0.5208081358161875,0.3958304210330695,-0.8987051911453906,0.09516902664390219,-0.7610106340476614,48.3577880859375,25.730224939045108,75.237060546875,27.658374060131706,14.334003358302688,43.72278544694883,1.1864519593385738,1.6400592632345037,3.6535423442291943,3.8420800234674855,8.578417124688452,13.700079357389676
1,GLIDE,1,7.153785298389229,0.6281544785528669,7.66656429626042,5.094904606086648,0.5962900135175494,5.573521904025094,3.84656663781852,0.40729841815242424,4.290236277642714,0.5377986363638265,0.03291442244608382,0.5850309880917647,6.153795676256627,5.2569330296860315,14.673119016125,0.7058802926940185,0.12191378379897667,0.862117747156836,0.2274878856825631,0.07278165527542878,0.330368143790838,0.951357754580035,0.027396479286784788,0.9859893505634805,17.7125420768301,8.72171265282669,28.2432162216816,10.650588989257812,6.251746277763643,19.6922607421875,8.28136466274519,7.246531474982465,18.80127281828979,2.646378150111022,0.48722207905914483,3.2853703063212842,0.4174675868931698,0.24990759354719658,0.7917307034640051,-0.6291631650475514,0.2670417518880017,-0.22934409367593978,-0.8895308031779154,0.12165543566715856,-0.6900148903385519,73.85072326660156,37.114247790195236,120.8990478515625,60.15355387008901,25.235737853474507,86.70630062400741,0.7465188257987692,0.7944742172453078,1.8656187033959823,0.23577986345949659,2.533498956932837,3.9814506596039085
0,SDv14,0,6.567973172204986,0.7484717594853262,7.283345817019388,5.364646443669039,0.553697146299521,5.853188987033898,4.40675877218402,0.46337089139449356,4.839084171781957,0.6721958547987099,0.03309084594290793,0.7179312266129141,1.351143235071807,1.0109444876269447,2.793099155171329,0.767590179024705,0.07735185486702895,0.8638809565584338,0.35769864850065514,0.1591910732709442,0.5442018215598673,0.8952427118178676,0.14801644841397754,0.9844885326017467,13.999767527992356,5.841381747889505,21.35203579182076,8.993759155273438,3.220337240244332,13.3271484375,12.550663383680336,11.260950044376614,21.291908301234844,2.581007137606404,0.4116707874700679,3.2567877334315254,-0.0739786496779423,0.3738208929745305,0.3090000981737075,-0.31616891997745566,0.4513361587370597,0.377794147057874,-0.13762776082247177,0.33710388683718345,0.1980190271460284,142.96641540527344,69.26413392480447,238.4632568359375,31.44102226618135,18.425034478484395,53.863827880000784,0.3402731374392527,1.9582671571333592,2.4071306442275135,3.8231361717411074,5.729869779149701,12.009717171291904
1,Midjourney,1,7.072462236468791,0.5466722768795818,7.780542690875064,5.9550933057621185,0.6228898086680773,6.582528470824615,4.901121480940258,0.5582521894132717,5.47290722537506,0.6968763128222328,0.09471015974474314,0.7970455412202284,8.268192874661445,5.291255487112044,16.242562968474445,0.4903700974032027,0.17203122729393658,0.7148827310752655,0.18664019675050164,0.10970977756791818,0.3426351421640965,0.7212588678727794,0.23009596397843593,0.9746252760947878,43.99645321069005,23.22574959082568,75.79695034540613,31.79840087890625,18.718908522508617,59.6334228515625,3.4419310729849983,4.353356532869292,9.609824383844735,3.1020464767367617,0.47853837485188405,3.5682819365484484,0.23677826272190944,0.39433080926538755,0.6475908463691012,-0.30332828300711867,0.36795588599846885,0.1830406105247785,-0.8772458564876311,0.08707936035945524,-0.7535104889955985,111.92933654785156,31.661473177533345,139.9896240234375,43.474274930978176,21.942808274632245,70.02551765107866,0.1270107117760974,0.6359253729942338,0.7772896592972129,0.09620530769393149,1.295344501188861,2.0118138113106063
0,VQDM,0,7.6171934059162805,0.3069213242501963,7.946176203054395,6.676188616582875,0.2775804760448519,7.0121489353398205,6.082735570591709,0.29515575651098014,6.471159899555698,0.7988407531230557,0.02993433571211873,0.8309376678565232,10.415736914702226,4.59046977598342,16.513654159580504,0.3780659322785554,0.08576360305700127,0.4856447884219067,0.10163631294699033,0.03216432884393312,0.14265017809134098,0.6687146636164337,0.09392499772075216,0.8014283374964424,58.47333819467829,15.101557110094534,78.84741009636846,44.1939697265625,11.513050294878813,59.9400634765625,1.867285940724585,1.175267630586655,3.412694390849488,3.1672178447184467,0.2107169909115419,3.4214704440169617,-0.39956709560818604,0.5002886212324881,0.3112302782626393,-0.13515897138817495,0.4955102924023774,0.5455740751584237,-0.5414723330097508,0.22647717901943126,-0.2670821104569383,175.28509521484375,26.42451586171276,211.60205078125,31.478387138626854,7.129732351213187,37.954839423182044,-0.13356497311920426,0.4284947927814104,0.367718419704595,-0.22465266631185496,0.5702551849186474,0.4339842788619699
0,Wukong,0,7.929981487585943,0.16823979018376495,8.106421413142145,7.080899979839961,0.1825790637635484,7.245341351818679,6.560713426071935,0.2728167647591002,6.815706587800506,0.8273602078679101,0.030607205926191514,0.8670235014650418,29.606437500492177,11.659257061586286,42.5609321853743,0.3668958306548433,0.10115806159810749,0.4727212389118314,0.10461152630688594,0.08937794792410435,0.16869340085548562,0.6535752528337239,0.0943018625494273,0.7582904981344925,96.48968758314483,20.77147501965713,119.49282247655636,66.55926513671875,17.8393836937286,84.639404296875,3.2325205420071708,1.7873348348472782,5.124751168325938,3.056040845678282,0.2833987129537763,3.3108392438862624,0.19366806724913,0.13701000972323354,0.345307591103428,-0.2529398631251927,0.12238431656189729,-0.07825493435574489,-0.7378046679701493,0.11520208003230363,-0.6536944409290344,127.21250915527344,22.713930797839428,153.7818603515625,52.00125466992104,8.303683162263177,63.18222507237966,0.322675035525406,0.40689037287141266,0.8646109802264048,-0.04992340984925939,0.9988980102499218,1.1063157118552382
1,SDv15,1,7.364624357809332,0.5531873911364429,7.876857538309301,5.731694631204022,0.6439600827623575,6.362569228737253,4.907808264594637,0.5503587898934849,5.428845943557679,0.6649733301253249,0.04180444716801075,0.6894922419006595,3.6353788368646103,2.7639155477710795,7.751956569664911,0.7298923273849115,0.1260954746448368,0.8632545609641143,0.3024902077334217,0.147071383721352,0.4994601722146675,0.9344014956784414,0.07326473312712692,0.9932455087006139,21.405615979964658,11.493730200727356,37.5178556630495,12.409378051757812,7.9063122483104005,23.9354248046875,26.788430127954797,43.83206622260327,52.021892854915166,2.4260530238727123,0.5790117412090904,3.0759841155983736,-0.10543817920534646,0.4073944669055797,0.3529889099600796,0.12928320343662048,0.6620408747100237,0.8704058741535685,-0.550995097627786,0.38244482693929543,-0.066787561681547,112.12950134277344,52.73215965336413,199.2572021484375,55.89898077933722,21.129653906124823,78.69720758211774,0.8131551141560215,1.523947146855523,2.0443848275313186,1.6887542839242486,7.43959858400428,3.0322698289592602
0,Wukong,0,7.0388925602474846,0.5283308852280205,7.56985764149767,6.288759588658106,0.40916587252785663,6.844018090241595,5.925970707746911,0.3302481209372502,6.450874800445441,0.844273736087886,0.046739648820250564,0.904031698477033,8.135531939917183,5.407780503685096,16.427560665469926,0.5328211325759475,0.09713203684927521,0.6686820307016959,0.20131149739392626,0.11490772453318396,0.3385941760414909,0.7637224608243363,0.24489440232543874,0.9550705645180858,50.41020012938277,17.717530818526427,79.69958409412061,32.78965759277344,11.157293392112718,51.9588623046875,8.144871694827778,3.8188439451082514,11.41756282740166,2.744836414461438,0.20868990177426724,3.0075349551436528,0.4363232363858121,0.2568593116384024,0.7758714662661468,-0.45502981621080313,0.41113632272790057,0.15311969622593097,-0.5124396162697256,0.2569691516339291,-0.2424527138475046,55.68211364746094,34.61986720211457,101.49951171875,47.922036724075184,27.756196698883457,86.61017069002463,1.015622333532269,0.681041492019662,1.650824100603299,1.3210396695443851,2.396065276909589,3.8154256829389532
1,GLIDE,1,6.705084918467,0.6055457274445204,7.292017823215666,4.846382026155656,0.6369203595680686,5.587670286068492,3.636660313531991,0.39340261058149206,4.110083777003371,0.5427576016859126,0.03767116006624606,0.577258410646954,1.8783977928555684,1.5896478673768821,4.002127818720082,0.8503028864379928,0.05356076749968243,0.9140702220830679,0.5437268787612524,0.13744902112249846,0.7075731710390148,0.941281559153099,0.026869645877317536,0.9718695578444766,12.35680371849261,6.140986725259821,19.979482502721844,5.5843963623046875,2.2205036189776775,8.24853515625,15.665215599426048,10.181964899286232,28.267310818446177,2.1387701161435353,0.4501722394795254,2.723348321603134,-0.857657906230733,0.10976811590859799,-0.6958418258068486,0.810846605679391,0.13340406634721627,0.9600352500844136,-0.9637017964722213,0.035041915370353414,-0.9035078879837541,227.2831268310547,12.063734570670258,241.4168701171875,32.53740053362161,15.393695955666898,58.00843212735364,-1.3643761832579395,1.2157312925106838,0.1671255046155209,2.787636078819205,4.990305711399012,8.787336666470901
0,VQDM,0,7.483024043458229,0.3292999445431549,7.962355887839862,6.870560037680822,0.28970217852424585,7.200819972639391,6.7304055703220085,0.2812130109513562,6.981021373688102,0.9002268257997281,0.036694059954831465,0.9337796379800817,14.860767567298922,7.490346443408568,23.567149805524075,0.36857153595604136,0.08001999611240714,0.43784401629581143,0.0927550630368052,0.025995684502567062,0.11091542855236529,0.7100698023022409,0.10522477754116816,0.8264166768508344,87.72999036520439,22.207696050373357,110.62448176829236,63.290740966796875,16.405943497309472,79.3184814453125,3.160735223597166,3.3938146370424915,4.042966168195019,3.1314009898892152,0.2288701807431607,3.3329944337469293,-0.026363085091588464,0.30894640620177266,0.3549264989616351,0.04280907247955623,0.3301218441266533,0.43982979160715646,-0.6781691102974517,0.09627516429816566,-0.557996558020772,115.755615234375,34.575450000921194,157.685546875,40.4547138840083,10.562608561865853,57.327043353036856,0.1748539068154558,0.5827557024122035,0.6137321856179356,0.15910571732064765,1.4800845285076982,1.024969685364038
0,SDv15,0,8.221223827025707,0.139019427031199,8.396324054637647,7.46979854626881,0.15862275951158641,7.654275292726705,6.948296929337134,0.16115924369740287,7.203371142913278,0.8452498242222228,0.017962593089497242,0.8697888296999026,51.51057093844493,10.778279658826575,63.48050073617421,0.24166340669939318,0.025485478694410937,0.268887205429044,0.05518443414572024,0.007609405696825175,0.06317388546236384,0.5241492067516562,0.0876085881746906,0.6227264212862982,141.52315651233238,18.87949330036184,163.8874044483394,105.56869506835938,14.777845816556184,126.2159423828125,1.0918415236959198,0.46814637134639325,1.8027668897435483,3.426496857981418,0.08049091276627593,3.513094088342948,-0.09039074796258718,0.1289521272679422,0.09600391929147764,-0.15183663557832255,0.14672243323973197,0.025442956312580672,0.13935171935379342,0.28683662885984645,0.540260637040965,100.62744140625,16.899058826132997,118.1090087890625,59.15781439532084,6.968374851055871,66.29669986153405,0.4903353268025895,0.2836639078420822,0.9014495935300482,-0.15954538179357533,0.5509418397933363,0.809549807156632
1,GLIDE,1,5.932386863021248,0.9097302572654776,6.986880185070645,4.050259673620106,0.6177412238160703,4.748808126541351,3.3021180789487032,0.22738874933591713,3.5393143613262756,0.5656522846529515,0.06334801970274011,0.6558049353345105,1.124582826475498,1.442068273474512,2.427156163391283,0.8748240297658603,0.06083438471394701,0.9521787013416478,0.33236702039674487,0.09471732649678773,0.4903582090201046,0.9659010254388001,0.017185169213832983,0.983843110700434,6.333170235294891,5.790966195243994,12.800940636528296,3.318695068359375,2.441812183774267,5.463134765625,5.974907018267542,6.605767759856336,15.366626722244797,2.2086304771977514,0.35709460365244167,2.753874066594093,0.2847822464261488,0.579179575177351,0.7827265179042854,-0.3231057145110444,0.5744908180793535,0.5979081042121543,-0.7968545749401845,0.19737561498465211,-0.4718902495795832,146.11849975585938,52.44361601515058,207.661865234375,27.3712620710256,15.588213777556556,50.06355970910372,-0.4285124123676851,0.6010188474156676,0.21739766872934002,-0.23487268311514553,0.9979645838613905,1.215633282803366
0,VQDM,0,7.399677374752245,0.40431335912956895,7.878244847174709,6.704400369460557,0.34265957708041944,7.042417129414949,6.156784767910478,0.3345445072846869,6.544878429182728,0.8321891783930535,0.013936501917289469,0.8513321420266895,9.73890295050313,5.7569129831664885,16.36292251275514,0.46108928905844265,0.07007545579493613,0.5559828378724933,0.12157073575829089,0.03490643628043775,0.1702257930810525,0.7532667301131784,0.12684574616804178,0.9111382310549669,61.32806001693291,18.96039996388804,82.23874895643812,41.72712707519531,12.293579622684248,51.95458984375,5.1780677411075295,2.61349485709027,8.952402094833355,2.9130566098030153,0.20033144828319763,3.1628773256052587,-0.385531804105897,0.36974092282037135,0.2068267313479632,0.1560507580298674,0.43073605560352696,0.602531582448186,-0.6388726065471257,0.21762913754927665,-0.3314329543022796,101.3775634765625,20.284390471064217,122.8828125,37.70625427973951,15.686723596440663,61.11675242271639,0.07150940904621887,0.4421552567722507,0.4838464130670471,0.17735679801537851,0.9012420882553288,1.127700044120727
1,ADM,1,7.7984837390834025,0.2928477242271339,8.116180646868806,6.628525504538772,0.2128293194266488,6.863962983929769,6.125321422944901,0.1793402614991939,6.32741638135178,0.7860736572275582,0.02517515970522147,0.8276686896640667,13.11279659795054,5.08356565418392,20.179036950428337,0.5497481445202542,0.054177780335767756,0.6103136794840398,0.17174967085964804,0.04262851248406431,0.21938492369576984,0.7780677934114821,0.09325756617939579,0.8780419449576373,62.97995772435009,10.495148096765849,75.84048361131075,36.28355407714844,5.685254897027218,43.4583740234375,9.012325622419265,2.710992710237807,12.721071127442194,2.6744595309235315,0.15827416559743085,2.8484011689181408,-0.1087731552182576,0.2749499731509756,0.2187098263656101,0.04173126660458337,0.22939694005077382,0.3184769951666767,-0.769852558678989,0.05083537831118646,-0.7122864493975933,96.85374450683594,36.08577684056471,147.630126953125,46.83562880641287,16.08617751822605,66.82094763120234,1.0714801357154786,1.0862410947106846,2.156278361311136,2.4673993461731527,3.4037932052426885,6.419532727581078
0,SDv14,0,7.14451162303618,1.3374854918159969,8.075382253156292,5.838126355034015,1.2481191029247514,6.9094704109825615,5.020675967149918,1.2220619777410673,6.286317459923776,0.697427627053314,0.07737067911863774,0.7878546761315304,7.2974498284556955,5.23886323247096,14.591291493449251,0.7217038228857231,0.15973904023776525,0.9573427461262283,0.3280119127383495,0.24844655194215987,0.7518455967705733,0.8919147787690929,0.08167027750964766,0.9612380960904716,37.80946232892544,24.598944752485753,69.92026405336037,19.546051025390625,14.52880820013298,36.947265625,15.554502336577253,19.011056654765806,27.351884969933966,2.095478668957912,0.4531466084141848,2.525427634721365,0.26984672941055843,0.35445215374288724,0.7250891880383509,-0.30384828877022346,0.40515736660153756,0.23698569319567211,-0.7911098497796725,0.1652058996818746,-0.6604894666703184,136.28269958496094,52.35823373876043,201.6724853515625,52.42238473256329,27.32658368294573,76.06999522513459,0.12310919810456572,1.0410344245520748,1.1537747428390115,0.28083007073136423,1.5564008152868674,1.0628373846029384
0,SDv15,0,7.628683377916811,0.3233513787834212,7.998279529451896,6.456608901395928,0.25458790786745983,6.721375504802749,5.772349484571476,0.23673096897356571,6.141759709187971,0.756980743664786,0.01983939078776717,0.7803898744241677,7.689408713427513,3.7513332755724997,12.51759584041952,0.5608736576555367,0.05774919282868166,0.6510154668719641,0.14715268854251742,0.04746459487202408,0.224849428982914,0.8574653106034745,0.06569189883983549,0.9206832416173691,45.4317379189021,11.129608512581662,61.39667414780957,27.8148193359375,6.16410859287758,34.362060546875,9.474007389948305,5.652606406003134,16.03114725764612,2.6648175402480305,0.281782677750972,2.988590218987563,0.3396828506751283,0.28345449598208156,0.630046765393026,-0.36463716625239717,0.21462743963458147,-0.08974152273935393,-0.7862370031359278,0.19428102038330092,-0.4989537528678002,110.54176330566406,35.001471900374476,151.6888427734375,44.51472808075324,16.52696402789739,63.443554186755364,0.2967111313656345,0.9401328854457259,1.281126589324192,0.8943535005055534,2.5691362142635827,3.645419742946879
1,ADM,1,6.542317858534171,0.425885084618409,7.02277278734646,4.953123812292489,0.5254677020790121,5.682403111562465,4.247470553460679,0.5177237089926303,4.99563390874659,0.64765748742902,0.048667284536251486,0.7236836514645657,1.398114993248457,1.140955628561972,2.588844797178131,0.7802867035804006,0.06926851741335742,0.8604204557980599,0.2551423821740965,0.06407986057546218,0.34772052610501314,0.9084422567497457,0.05131759054782609,0.959905370415506,16.712934563614045,10.816428273693592,29.02797318789721,8.026596069335938,4.169977438303018,13.9638671875,26.299102236009706,32.788843222384315,56.371534344749875,2.3004419733843733,0.5077887651950796,2.753777479999439,0.7092384552015213,0.32517299529429683,0.8946039595280042,-0.7927298741646628,0.3486074507101208,-0.36798183192876516,-0.7061135826241418,0.4251926468279441,-0.3617778456945171,65.37167358398438,18.27496167971683,90.665283203125,21.983221638416946,7.952182312503254,30.318679355493245,0.35130119522264003,0.5536477195280524,1.0171690735247056,0.5895409687963913,1.3004064601434397,2.2940437317763887
1,GLIDE,1,4.894875159970639,1.0386686217293601,6.181237937892739,3.557652611789381,0.5055577721343987,4.304397732219829,3.1524013860612285,0.17371075500924416,3.398024436068245,0.6660023502308899,0.10634466624466277,0.7787588772573631,0.224930220930965,0.32483851568969485,0.5469881818468127,0.9275394260660703,0.0676089096370058,0.9758588041698162,0.5466590679150143,0.18427966404343812,0.7469918950585017,0.923931630801015,0.08337096796247286,0.9902258662166568,2.5430379098288682,1.6410649624091365,3.6562014889378913,1.7042236328125,0.81275409154968,2.4122314453125,5.7358448055257405,7.156744001437633,18.1699197643269,2.1022208281119372,0.22407415910342957,2.466387682252539,0.6466846098341004,0.589874315443687,0.9956016961663975,-0.8634542369663041,0.24781866196328106,-0.6315592025266505,-0.7921820696281199,0.2878242885300489,-0.27243652313738986,47.19810485839844,22.509718159684514,56.0186767578125,15.107970179790453,15.97585802008572,43.85653270753564,-0.037914766212647194,0.7819431166623718,0.9984786061673475,0.20035880784068394,1.687959472906169,1.907496757371879
1,GLIDE,1,5.679049171740162,1.216990764658044,7.039743800240823,4.013811778527883,0.7260118126680727,4.9061843520887605,3.2380470385851132,0.3599012392571349,3.6533673513178035,0.5877797303386909,0.08959042478486003,0.7280492130309903,0.7994872862339384,1.2910274002470867,2.2911056783824635,0.8970980629575578,0.07185630825531826,0.9649005869708995,0.34787368036139954,0.10418208067596892,0.5063405819715374,0.9861678911274532,0.009093566302459027,0.9959787694378037,4.355422503424016,4.276244618852444,9.11841427096376,2.4139251708984375,2.1488545047226557,4.5130615234375,19.72779925485132,31.815686041918294,60.982797305422366,1.9765574681394202,0.28434916111778236,2.382234864804075,0.697544105881134,0.40057628820840263,0.9914269044432917,-0.6159657569958414,0.5825892247949487,0.35596864826546215,-0.9043268789128471,0.1590594842125912,-0.7402077176183078,162.72811889648438,49.97619563107718,227.981201171875,38.30016442251542,27.198904965337288,78.9827356347075,-0.32824325942101656,1.030134989938653,0.6397366497605865,1.1444637902660615,6.298758554977926,3.2685591730510284
0,SDv15,0,6.255272453564139,0.6608506369500745,7.269718648509375,5.30534512509918,0.3249889059485303,5.760685909111832,4.614638153285307,0.2890941829923441,4.9438594805056315,0.7416465122290851,0.04503779874241488,0.7947135807417105,0.9389660124755925,0.8263902633002191,2.328125492094988,0.7707267473143908,0.06981742700777728,0.8464391970622276,0.327793116757685,0.10620081536972223,0.48072059729279726,0.8412663155126463,0.14819449059921888,0.9701832041313689,13.658583303005365,4.815382520713198,21.453512137572382,9.234176635742188,2.7923124358766747,13.1378173828125,10.562631841418582,9.568941970903495,25.81176942380922,2.681522136857967,0.2999356552639285,3.041256417801712,0.5188309084024889,0.450598561427034,0.9315738242904757,-0.5254999294686098,0.4088111617734152,-0.13635607775053518,-0.686167532239105,0.3423309343483936,-0.16972598135149114,105.6881103515625,37.13258463675076,144.0780029296875,20.244616477261886,15.76459763475696,46.39288040751035,0.7048074924735818,1.6343400782049946,1.9519947937927515,4.388882381224181,10.02729803028774,9.81519513279935
0,ADM,0,7.750912920940225,0.34747449278675746,8.10044495616055,6.945216575851224,0.37602417786316156,7.273495852274292,6.523913802212035,0.4696008359180215,6.94921396240657,0.8418511507829165,0.049866041683276754,0.8864698351166745,18.7397371745284,14.494425747728924,27.639389841584837,0.4878020522877782,0.19868010158758323,0.8240996285249668,0.2628534393169441,0.25480712120050086,0.6968456616356886,0.6965726801359955,0.1764905506802351,0.8716987243245269,83.48149881334929,32.83961271914667,109.2324263444882,54.03314208984375,27.099877921139914,78.5848388671875,9.569739971007706,12.486491847814204,22.324091441730182,2.6448274821600397,0.6768830642963368,3.2839649376499414,0.043719872226499666,0.2562218333169397,0.3345967109910716,-0.002519923009683192,0.3501301582063928,0.40677382386338407,0.37942466100850625,0.28136544420551607,0.6502228402751447,117.55227661132812,67.15534833830847,224.564697265625,47.75074619646212,18.378306935976575,68.64847108629758,0.3282516164315855,1.701044041020499,1.426202035308283,3.442974010284151,7.471435959727154,8.40921973502607
1,SDv14,1,7.068107525119183,0.7407957496341485,7.81999822551319,5.721899409106654,0.7217987431391866,6.453470963964777,5.09256435992981,0.6748389708825179,5.706266856133462,0.7195596257098618,0.05451446339374523,0.7819110426282088,4.095296962100818,3.229427496214012,7.951887381109862,0.6766820695888838,0.136948644763683,0.8330266636335818,0.2283474086093548,0.089920171522361,0.3363863466296402,0.9205910587434127,0.04521852666795987,0.9594107622933211,26.542066362749853,12.34236229827212,42.00531539546374,15.945220947265625,8.864237179773653,27.4141845703125,7.91991931523105,7.434818910271186,18.01402484976075,2.5690539923573334,0.5258182027931232,3.2328054835233755,0.36902407111227326,0.3823695087795148,0.8162793243982576,-0.6325335236366072,0.24758844796374652,-0.30544522858127593,-0.7651276397994276,0.18812040544295966,-0.4548564440874857,118.218017578125,17.685805869562603,136.73486328125,39.996638254223896,17.539468270893618,59.306590194063716,-0.8198467010435304,0.7741842026973134,0.010479036275972395,0.869728682805802,2.4017543350631496,2.4313837037410866
0,Wukong,0,7.386484832006571,0.6170299754202152,7.970744570202099,6.166565443112947,0.7750073120339659,6.762825932587072,5.249085518986913,0.786103868182147,5.911571029633647,0.7066097390091155,0.06307816483056566,0.7599191858337733,6.061113214817181,3.9372187644015955,11.13623157596373,0.5713304231104127,0.17285162884573316,0.8108413856370796,0.23037223651781752,0.1537604119210152,0.45815128108503334,0.8953427730740715,0.07391335384259225,0.9653182852001323,38.40303056376065,18.668165999048107,60.81365250472756,25.593215942382812,14.547916151073215,43.36669921875,8.113557994101875,9.861263559727915,17.097362632657088,2.7391657253222963,0.47431678926362814,3.320804170323397,0.13303343353409972,0.40299881423117073,0.7035386165244357,-0.1032956543275858,0.4221205985342496,0.43173021752641483,-0.7809907395996085,0.10923979018996625,-0.6393275515986475,104.10699462890625,43.46715155842248,155.9178466796875,43.73427969755969,17.366853221234834,66.521025205983,0.49224604080725987,0.7903555991161393,1.2371950973484582,0.6701362324893145,2.3475034062688174,2.2503028675222385
1,VQDM,1,6.906998195287118,0.23505360450847226,7.163185949005387,4.890584322843213,0.2458302835695059,5.193906935850847,3.9435222235446075,0.17040460837038096,4.148985067526134,0.5709457693364515,0.015059984999898473,0.5923539962194408,0.9940545083774253,0.34714437691186556,1.4251730205971285,0.7395722303166222,0.050081528298576226,0.7920800752191904,0.2476012280103098,0.051700075181470816,0.3271611414310122,0.9271818270639134,0.0630144815838596,0.9834972031227659,9.168334601770455,1.687652807134674,11.617350355410327,6.4065093994140625,1.3282723806981405,8.3502197265625,6.511160798412822,7.775820872936132,14.031458302411579,2.894404246149401,0.3088713466551262,3.2235898835123677,0.42787015598708616,0.5873769806497127,0.9241444321226941,-0.7565680340555223,0.2436137131594469,-0.45329154874972943,-0.6230791933190838,0.48234398195112504,-0.015636218553758068,83.65533447265625,31.561209071488268,120.331298828125,28.71954833537977,16.745273185273238,51.90567428710051,0.3364631822206526,1.0545878321181195,1.715997761933811,0.7603174542380345,2.5937833142732245,3.893350153558623
0,GLIDE,0,7.049933390740039,0.9464041342953645,7.656516642608214,5.695495604700138,0.9446483470430742,6.399326271848015,4.859061846016735,0.8937681993491607,5.572890181251347,0.6842157702258121,0.05258251905781968,0.7364015530808354,4.129881643774409,2.4732008442046105,7.532493524029981,0.7570714446767215,0.1419943056883728,0.9213823314316589,0.4263967877391305,0.24356378508049956,0.713215517807609,0.9117067239167478,0.05760989387461722,0.9641109541429109,26.73707319816773,11.6888578773059,38.77539834993803,13.17401123046875,6.639670801328443,20.5504150390625,13.483718762202754,7.478883403537735,22.615559285458673,2.0289719183435713,0.4705454534016855,2.5960967080958266,-0.28198120692801654,0.4096065835275626,0.2852921474625185,0.16983815200841365,0.37280926034623374,0.586544727174972,-0.5691886440319982,0.27835167635681085,-0.22254563018913331,176.81768798828125,42.771910554072655,223.762939453125,41.77559668447471,18.378291328790517,63.509629118183284,-0.9521754867269597,0.9605042682651797,0.4474717840596241,1.0318101911419846,2.256940091515779,2.662194530072945
1,GLIDE,1,6.083049473230165,1.308338348591855,7.194327609949082,4.225284923115632,0.687578076359811,4.898690680185505,3.3266477270707395,0.2835227530644434,3.642983042133163,0.5710596348954258,0.11506511971762388,0.7670370649066551,1.729079196782881,1.7693847404827057,3.809911088277905,0.878564965209662,0.0885469116295044,0.9904592103044922,0.525011822917716,0.27309888108413727,0.9674210788625259,0.9103441643655845,0.13585519489846967,0.9829388024825719,10.667623026790725,6.283779499408572,18.570998688327272,4.3515777587890625,3.139968621367051,8.071533203125,42.26159554739373,41.367131662884795,94.341256848394,1.7280615716771575,0.5694710288387629,2.723280989704376,-0.9219349339517477,0.08980333856885768,-0.7981164256647271,0.39173492144571964,0.5486155674632348,0.8354119571874108,-0.4914484579609733,0.46033321382275794,0.09927292709234434,53.42036437988281,45.8031456741849,120.77685546875,35.36378201394186,21.843043335455924,65.7383686402095,1.508224805781009,2.4505754010711316,4.915443765072859,8.44799467623198,18.892300345809492,25.806444792287984
1,SDv15,1,7.131267070885313,1.1275505205299294,8.385238944305296,5.7415628202123,1.0242788861212107,6.987134492844412,4.862865613586129,0.8849441663811359,6.002601315605217,0.6823889194213884,0.05294253101672014,0.7681898408629689,13.63863453729295,16.10271987182848,38.63028952900615,0.7539349830535601,0.1635468819945602,0.8786815377059687,0.4333916660448771,0.22043361225480745,0.6833909587084046,0.8186222321610426,0.25580418607353234,0.9824677108826092,39.27686103136597,28.80910700249194,82.68239038457344,21.494857788085938,19.37379366219972,50.5152587890625,16.333357239355212,11.787600885284629,27.460449083508593,2.198532662287653,0.6026192104526084,3.204520486663622,-0.09108336928064342,0.588852784844818,0.9769929796609202,-0.14830001030106463,0.5628263522502323,0.6542956745671875,-0.7392021653168861,0.35800139578336315,-0.3749639929321674,115.01548767089844,71.9349472066149,235.5380859375,61.53363396360785,28.417600680919094,93.6398085542033,-0.04165419296210543,1.7038833362608337,1.4913278851946217,3.135610491373012,7.835119318674867,8.718644795643112
1,VQDM,1,6.544156616751532,0.651726683853972,7.067810595693551,5.484220750580839,0.7074886724313225,6.244365389330236,4.956426548083165,0.6981420910843092,5.813942335464112,0.754970054139002,0.046588728487146666,0.8176072065636094,2.2723200137983435,1.6221732097124886,4.360059996220711,0.7219653118402031,0.11170723747037258,0.899662358416407,0.27883510453815247,0.17458272010122508,0.518198037501069,0.8411074027943295,0.09384957341830301,0.9465419366006662,22.066400617091197,12.003940326196831,37.76488635985816,13.57000732421875,7.339713200772938,24.604248046875,11.000883991405157,7.0238941451727435,17.490256740060893,2.6419820594632513,0.25456693885420956,2.9506064471497764,-0.35680540641260283,0.3765173097073852,0.11333966221992012,0.2607225731439726,0.46411670814013267,0.8450881629626646,-0.8180415622563265,0.10679132371116859,-0.6560000949216962,120.16926574707031,16.471430153865434,139.4525146484375,22.605393975017165,9.466920830804314,32.29483213489708,-0.5193510277438442,0.4541354924870073,0.012466007118152888,0.7821627395855071,2.5184447259926688,4.471055772353607
1,SDv15,1,7.767070642455721,0.30041697178011134,8.123135112472923,6.107785877290252,0.28760839065073035,6.40760187817372,5.048107283765171,0.2858730624775061,5.391521099435316,0.6496836936280928,0.019899515141646604,0.672256268763735,11.689748628039194,6.7162477119113175,21.594272112780306,0.6117748724969704,0.12371823946669623,0.764884342686599,0.20067023432961245,0.0659870854606983,0.28413463222886265,0.9213553191752591,0.042002369406855415,0.9631621876629488,37.773533977772345,11.81496324215031,52.786806627233645,22.587570190429688,9.64795929450285,35.9134521484375,7.791868001897716,4.812471290552964,12.881465879380471,2.667171669397959,0.35739690290953063,3.123043889574227,-0.04725986823759168,0.48776007911333796,0.6803673663836742,-0.42796928390695604,0.41621252207180504,0.08075178375420076,-0.6827808965740527,0.18590332882583546,-0.47991774734289344,111.54588317871094,43.08427163380874,174.340576171875,71.09278796723669,15.899765828143302,84.1993404769695,0.0271685144241959,0.836633137443014,0.8359175456927975,-0.6262545654566124,1.335150664786887,1.536946700122908
1,VQDM,1,7.349254386801229,0.7473123258588756,7.90115105880572,6.022650378763473,0.675211596585551,6.546731402390048,5.2645067968187265,0.5717567417286241,5.746083200703874,0.7160445223603926,0.020782979762646786,0.7428092068100139,5.542988618335068,3.3821188246383027,9.071606217718571,0.5507981388257752,0.2202612185788636,0.9230189802029607,0.28667989510114383,0.3087346810699648,0.828462144759855,0.7813894103407739,0.10106806329706994,0.897257173432978,33.11465511126524,14.679948375149635,47.19414830141068,23.837509155273438,12.073433488583985,34.8743896484375,11.842832808198931,17.71379564858242,37.49603965085031,2.8003243557397344,0.6323163347016743,3.3498163058099952,-0.08629147767579748,0.4226975204657239,0.5427987218406114,-0.18728939373283715,0.3928377510493075,0.33180509158736554,-0.7302089757866141,0.18809556467108537,-0.5555045254927213,123.71656799316406,45.17068694900659,193.9942626953125,30.312793955536726,16.492126623632295,47.427990182568465,0.5086238277494085,1.5874158419020894,2.2518304496570796,5.170674955067839,9.621691430935828,18.616886128905996
1,SDv14,1,6.63092015046996,0.28541235452760294,7.162557913039244,6.236152930695777,0.06916641997921677,6.312169565898264,5.690634404557475,0.12096052292691839,5.810963094449363,0.8602599997576769,0.049169319627653786,0.8913417354064785,3.3146468258889206,0.4209449889240442,3.635128299004787,0.480577571855511,0.027382438823940976,0.5231918946245508,0.1657680694541614,0.024965452213491647,0.19369842151458383,0.5115074267012479,0.2572438962008844,0.9013038565253493,35.87734285748205,3.240833139699488,39.076681262285334,28.187225341796875,3.1825038423572605,31.222900390625,0.3269583725595949,0.4661846026674431,1.0183987052233807,3.516368432524562,0.09715652661485477,3.6087653421912425,0.03825997225116793,0.241988651517102,0.14811899621758368,-0.0655936815602185,0.31185963227297275,0.2711706221278182,-0.13829071469240384,0.3730438776454688,0.09718842631051262,139.56649780273438,18.600985808061626,157.885986328125,17.95413139132456,8.826901170559548,33.04701609492203,-0.051155851112464436,0.35022057191767236,0.20621273709542165,-0.1134821629911027,0.4225056157703663,0.19507311613687883
0,GLIDE,0,7.444117012343065,0.5766567602804997,8.054875657013483,6.2116620552658075,0.6716012864615787,7.060860419261663,5.516368962880273,0.8065950897002147,6.502641529216561,0.7374954288916243,0.057692340210321325,0.8158528156042231,13.078168181335057,13.240099065386628,33.099636440224316,0.7268667501770121,0.15828639558776417,0.9102366099529183,0.3638475751172616,0.2203600883898406,0.698973959619706,0.8675093691736034,0.08389265989466081,0.9655108233558489,51.74390813903026,29.13691560956784,94.06840219873693,26.199844360351562,22.11500526641876,58.6336669921875,20.3152766292657,13.339545664473695,37.72739601044285,2.019170068636948,0.6455447493881554,2.9105089210974606,0.34100612661672197,0.5296216709174104,0.9566743444791532,-0.6549339147961822,0.37551241101793237,-0.042912625038019306,-0.7971600912132902,0.13878684892344834,-0.5884644086589184,81.04122924804688,55.95327848362231,151.1661376953125,59.36000205007902,26.752779598880693,94.69277754642061,1.2098441084808864,1.6810437973259464,3.4783062395433295,3.9439941457979955,7.387174827761028,13.400202131528294
0,SDv14,0,7.38455789777974,0.1260290163368377,7.509926799359359,6.413507368916404,0.17577102449315798,6.586814188575409,5.752744224376091,0.20605805648252967,5.939913025582028,0.7789696352749662,0.023029088072343926,0.8058847270347402,6.792772465612405,1.7594698570861396,8.738039139266824,0.5966984863895498,0.08758929817175708,0.711902267064882,0.20905530836016134,0.07359789948805917,0.3245768183859137,0.8381408616374078,0.05687111201128995,0.9093779628156131,45.20591469959163,7.1760462836293595,52.338561184853916,27.957412719726562,6.570938309593538,34.2156982421875,5.479008690557244,4.779071906900614,8.40301542952275,2.8318971496621685,0.3382221969662183,3.0929544519719574,-0.26350302991783636,0.23811192351237068,0.011583774707728367,-0.13874304029380075,0.1869701607590103,0.13377965217649898,-0.08715965104171214,0.3091581782496083,0.3648667446549906,164.30075073242188,26.46715659615349,199.7432861328125,37.589021674288965,6.834025798279446,49.34523794525782,-0.7270103527708215,0.8714748562944235,-0.045279220828657776,0.07902901596369294,2.1675979455768233,2.881836490547747
1,GLIDE,1,7.01374547431817,0.8623843659422149,7.461605644222213,4.961406527572311,0.6286286849066504,5.588443010590893,3.95065166313727,0.5265734543057102,4.663668970275545,0.5678971216595636,0.06797607492802492,0.6309456982036333,1.544203539343979,0.9560039008087596,2.3474539989606966,0.8013893850380363,0.10602819690512327,0.9303694919348573,0.43631918794360924,0.2345549897404674,0.7644753493861927,0.9778230286729139,0.014688827421921602,0.9931546605460435,7.377902359662648,3.140836875355194,10.91564861683607,3.994110107421875,1.902596110097703,6.1640625,15.933973253419618,11.171027280497178,26.508003037480094,2.2970413020200557,0.4360916014294222,2.7879572148816694,0.12107220750270695,0.5491171848058337,0.7753239108032685,-0.5562357720472018,0.429188461422643,-0.1835455706782085,-0.7078271542314141,0.27811584601536204,-0.2579999713522864,153.97250366210938,54.27133319473276,225.838134765625,53.75549631549876,22.23414490429761,73.97605892067597,-0.48952696966840864,1.6535745570560516,1.0374424284707733,1.983862248408622,5.7713412313588455,9.08753306841237
1,SDv15,1,7.747808044901435,0.26044720466109006,8.026698412138517,6.150990659708059,0.2621858874891712,6.443734750472574,5.199169726165815,0.42051363474712,5.67865433312477,0.6703961805522588,0.03958011826281495,0.7148709055772862,9.452257621075056,7.633978253990127,18.536269368858672,0.8400745251601811,0.10904116590227275,0.9688888127561663,0.6128167920662394,0.22171778602117428,0.9361850428304125,0.9037902796902764,0.038189963624376606,0.9347582277015573,35.63472715559664,18.066219821391922,58.035609283041744,15.409072875976562,10.910694082413933,28.594482421875,49.252948680461536,59.00669984088787,133.690403517671,1.5373981553147087,0.734182055684207,2.3581991988434674,-0.6746489198984214,0.14448065860568288,-0.5864779291513602,0.7003423429410145,0.124649664276215,0.8062462535447159,-0.7657279580133921,0.10389399351330116,-0.6187570817948886,159.62062072753906,18.00771612080928,181.6312255859375,51.66910123246146,22.590856417148267,78.20648972527196,-3.292095261728906,2.5712506152778274,-1.0134582058159438,17.393315291968,27.78183356845775,44.95363511830307
0,Wukong,0,7.421959640040628,0.2668454135422472,7.760859110343063,5.9509907199779075,0.2599858408259297,6.218342679814828,4.844970084576664,0.24124531206379723,5.144163199200044,0.6526190106773996,0.017066460189523004,0.6755504800631038,3.580490377574641,1.3623991825910935,5.316672965482487,0.6438552822780987,0.05775235328367253,0.6982540347378156,0.18819481406608196,0.06319376909876061,0.27400425768456615,0.9333522723960255,0.027712331668382332,0.9612365030804577,23.827374645794798,5.3523966026026635,30.646552075129826,15.379348754882812,3.5720293814948767,19.6719970703125,8.483803799885031,3.6357031634053936,12.287695435021655,2.68925630996674,0.25935392176269945,3.0974488334571806,0.46313888064402264,0.3625906601265996,0.8118966604166151,-0.4888249544389342,0.32807049959561285,-0.08076363889585858,-0.9123775700912042,0.04268604622781681,-0.8629098826811692,164.12887573242188,38.665844466829256,209.1063232421875,42.396598123812296,8.67569977118934,51.798210459104816,-1.517104664452103,1.1407570972695658,0.07174439377457847,3.1400705170966554,3.152533887202828,6.622284988696402
0,SDv14,0,6.135683397952787,1.2942677625280485,7.546649126627647,5.406363276317781,0.8387070600003901,6.430686342852181,4.951496385971304,0.7133660144857493,5.846250795773128,0.8205105605556137,0.07117896563080522,0.9107551454482801,2.4305209858827808,2.4932029366240567,6.3714283745905815,0.7800398202165612,0.10685526429954348,0.8889384081178769,0.41239186069567224,0.18238185988012937,0.6414012474636073,0.7103927743702129,0.21758121440485786,0.9414183062875672,22.19931432877429,15.86429502726937,44.09605672415335,12.330718994140625,8.23621403150617,23.168212890625,15.971161152024642,22.845183858887914,36.94083322936113,2.6152082092103894,0.5651492258915404,3.297495221889297,0.5959352944746004,0.1780044540893563,0.7581176412696315,-0.6188618924350652,0.2003819288696846,-0.4442659218393713,-0.6849012369488727,0.21056077391186276,-0.39080552907358923,97.02865600585938,36.414528978167006,145.5159912109375,21.898872624790535,20.28768947284822,51.98135847074218,1.0638687615532683,1.2887176849610738,3.1704282676714604,2.95032734751162,5.341144185708441,13.327069777548527
1,SDv15,1,7.492408312373906,0.3234530771919254,7.890039215877257,6.474596584356016,0.37152620686591326,6.917344446138793,5.5512924596013775,0.31291227642209396,5.940012584833497,0.741044137108575,0.030101208236911533,0.771253040056342,9.719819999035504,6.494457279940284,18.79026173548127,0.43552192113311694,0.11509864680248023,0.5934052607185547,0.1269720361605554,0.04240114399758053,0.17048024784553076,0.6903907971309594,0.202788929870846,0.9538386535989962,47.50741396375196,17.727363493577133,68.51233757799386,35.322296142578125,14.744778402886752,52.0308837890625,1.8339635309644748,1.575752539798021,3.1561650930374685,3.2383333672457493,0.2512073575594948,3.485781921561209,0.04075750667852058,0.3280364108159518,0.4431474992867799,0.05263701390974265,0.3418714915371496,0.372567821479637,-0.24039503515939395,0.39190230422050204,0.285556946213243,87.8822021484375,23.281271519586998,120.99072265625,36.974671869612656,16.234633384236957,59.776323677417075,0.4337221589149525,0.5067286794174066,1.0480255190920615,0.07637128121130779,0.9263896793056541,1.3125481646977408
1,Wukong,1,7.154962987921385,1.03479438998182,7.786458374235687,5.925577220446311,0.9069889927670827,6.506026608499407,4.995732534790485,0.7786188188536612,5.556592161120177,0.7007363668416254,0.0675005502172287,0.8000989546815223,7.6920694095057085,8.69467866994048,10.55698459939532,0.6706935581696202,0.21231064362789612,0.9462599023693737,0.3699306445192247,0.24922263781506326,0.6533246420231467,0.7640964784997177,0.26959724281184905,0.9629573633932215,34.01791808921027,16.19553207284725,42.817797712556825,20.593124389648438,13.090183323653289,32.660400390625,19.19378814154809,27.957396618276807,53.55489390833212,2.339372385578442,0.997838553305943,3.561540751655569,-0.36734934706854927,0.4983696352321417,0.24294822408041636,0.30865714780560255,0.5948790731310689,0.9501050978372286,-0.7911088783687034,0.359784448236411,-0.35392814396603445,107.34138488769531,46.31557013966093,169.2972412109375,47.60874160923224,27.100716964868127,83.2611715639612,1.0649280098563998,1.3693690022696672,2.7699675448577272,3.0394326444121864,5.980070037701661,8.283040714473684
0,ADM,0,7.767473250111142,0.27168147282091826,8.05678451263986,7.330906842590009,0.16959645555505454,7.502061211342443,7.146188379122596,0.20910558430315648,7.363320940364327,0.9210881216908922,0.0405699255782107,0.9682672347466222,33.301210787411065,10.795075679090198,44.14443430728779,0.2480989177956255,0.06697170623325598,0.34591797934998236,0.06486714114192754,0.012650601441047751,0.08320579858374497,0.43940137878024327,0.21339501052193832,0.7311436705060986,132.9792628461908,22.919161268304777,160.39740575419222,100.98069763183594,21.17319664709221,124.9024658203125,0.9863106522068164,1.2951262473083527,2.339011378906454,3.4231062230587694,0.21028525517604807,3.640992043838862,0.04186069850062448,0.12389128609919477,0.20956110993583357,0.030027512869711993,0.16612527127948623,0.2112563503711933,-0.15179416808149127,0.2640105973233492,0.09845829811083065,113.29348754882812,20.868736264935166,138.0919189453125,45.63486109068219,10.867595807271076,61.25444014129888,0.19882137112774956,0.3854220729619179,0.847195901772305,-0.28043473914167166,0.403121190678948,0.025520579613564465
1,Wukong,1,6.620607025261465,0.4064488646635789,7.03074792346742,4.73434750525843,0.2828848580372306,5.037487534791336,3.837007519327295,0.20595664256348503,4.132644710334592,0.5805522160910045,0.028999435881922178,0.6085052603036737,2.023080485087554,1.6562586710283973,4.406516223387502,0.7915849703461266,0.06182389239775341,0.8658558618663761,0.26605119052258863,0.09727676631070055,0.4119544827518081,0.946422633016513,0.04300720667651854,0.9778373110018186,11.787628473301979,6.1341320193247855,21.302726843619865,6.399322509765625,2.572063881117747,10.503662109375,10.191771259323101,5.158778058305002,16.26379454296753,2.6425877510461673,0.25655943941745213,2.9414866222934775,-0.38188333268980634,0.3896311018265602,0.20076228132173762,0.11913293554387873,0.5015895181649237,0.6766743196219688,-0.6816826973952681,0.3006914332945816,-0.2793997533639708,132.87350463867188,43.50093118996223,181.802734375,36.00915415996814,16.421266266146933,54.14385505500444,0.05165786185588844,1.4342566505074403,1.869824251666218,2.423138448478854,4.779335375615289,9.090416388714786
0,GLIDE,0,6.645996347922636,0.6058888346658836,7.338624089764368,5.436429038736744,0.5548361232216591,6.1796881431111,4.881296482030994,0.5368364210241846,5.613176064812404,0.734982730368842,0.04806109443965817,0.7855005879808639,3.2139539192413085,2.5323598926301423,6.730223194601913,0.764799184164932,0.0782828693082096,0.842926045750626,0.26383343341805787,0.12093772920022212,0.45003982606830384,0.9293227160311981,0.08623770235285867,0.9855686042916847,22.819988835963883,12.335942872325832,40.95333933757459,11.991607666015625,6.236726730727559,22.047607421875,13.950863803751751,8.700626805166793,24.771522624188464,2.477440160145255,0.5409429058946472,3.2823170224846594,0.50244691820838,0.2304546673571435,0.7714652200481897,-0.8469588708556771,0.12217021430591063,-0.6481262788848032,-0.6936379839476611,0.13952690617605495,-0.49723304561093024,90.96998596191406,46.189675629958984,154.23779296875,52.62841152364442,26.64066575942876,79.62061606356446,0.274038203322531,1.0023403639427793,1.7271267468649518,0.3103731405597905,3.0212979062783756,2.935789603599832
0,VQDM,0,6.938400142076782,0.29582780049607565,7.242647282145116,5.5156253481940825,0.31631723526692646,5.8183721958508645,4.852261026920921,0.37603938109054913,5.311363977021975,0.6986043709537757,0.03307061735182853,0.7363574749546322,1.5003324716750128,0.7161106989749675,2.291446700207861,0.6789393165615208,0.059993032277681185,0.7715452801454858,0.1639179326437858,0.039981121719521555,0.21706623297870226,0.9616490110221269,0.021855896201996485,0.98485735700627,16.47244412657575,5.006691063857965,21.6750176200525,11.39434814453125,3.163821205899112,14.55712890625,8.261303479785,16.02043919430961,7.55084737873655,2.8983026013320794,0.30354273886527056,3.2253528458123975,-0.10514548097582824,0.6256799179209724,0.758555394542248,-0.3788301172351255,0.5479779568987463,0.47376731309958486,-0.6894689509046525,0.25413100856193416,-0.3030385141842574,141.28028869628906,46.566864513291485,197.1221923828125,39.33566306758156,15.822709720986031,61.343570793674274,-0.21591416703560914,0.7006382362485739,0.7238087242629532,-0.06631386835860822,1.3398785584259758,0.39170497758840117
0,SDv15,0,7.528950404236056,0.352053651489122,7.91161962274426,6.419779683140751,0.39833553165000696,6.80209569030981,5.679061520282072,0.44772710262846355,6.030180765789622,0.7540253881741962,0.045191759949605136,0.811639783299674,21.354878851135407,12.735770378407766,36.331997787541056,0.5920955556083803,0.16821465608850567,0.8098773092829255,0.18546233707671783,0.10219741038254773,0.32832916383137123,0.7307566979511401,0.10706757773958739,0.8932701037090726,69.27289594589263,22.009345515262815,90.52875418617589,39.77436828613281,19.49194372942414,63.7791748046875,8.813724374358763,8.448645521667817,20.34527505406599,2.468034713947592,0.7392992521318872,3.259125808945331,0.03868793837207829,0.16629537769364958,0.19965513834798188,-0.40427667439452447,0.16596895513717766,-0.2353758478198653,-0.6162319040185857,0.09166677609949665,-0.5095616810976054,134.297607421875,22.500235536951806,163.8238525390625,52.27613286361782,17.911651317828458,75.97965333066232,-0.4768336479233828,1.0170821911883012,0.3217239242190551,1.3697694689770334,3.806198304782706,6.517255907787222
1,SDv15,1,7.749254012909032,0.5663847327890792,8.293667895905365,6.317454931992429,0.6376605841155341,6.87942312322709,5.4935948243497155,0.6111996835499959,6.089942441438094,0.7070527651960317,0.035966596064615844,0.737901315968367,14.686918466750155,10.247758418686045,26.22631054736717,0.6944531471082043,0.11490879946712536,0.8880659042329241,0.252122411549714,0.07014934521348086,0.3569650057280552,0.8981678760625831,0.054068362490895854,0.9759364223535527,48.83749023431281,22.91698531307841,72.11485917079462,26.158462524414062,14.588132540243777,40.984130859375,21.608471704232528,35.0490389142463,42.56999600457256,2.185104706410757,0.563666477032338,2.6556527378799926,-0.29367403426232724,0.3479622394638484,0.27598969946091867,6.366071991467659e-05,0.314414377931403,0.44074291016461,-0.8262204422880788,0.12529857347442427,-0.6577626881335112,103.52946472167969,41.17044983417843,152.01611328125,64.40891654881327,21.96734788734508,88.0471309697814,0.2963353302892465,1.4158973553197034,1.9167878212074179,1.3670169358935893,3.226394568671103,6.770374163231763
0,SDv14,0,6.706440335411653,0.6467983190938082,7.3267051249200446,5.08621181165301,0.6219199578511667,5.617764597105431,4.184115539714201,0.5323299660106392,4.701034000896826,0.6228672452116268,0.043753472793502564,0.688900637313622,1.7770370517998875,1.335013027090528,2.809859910399346,0.7745284379033149,0.10787160072481133,0.904243134011836,0.34886180014315527,0.10666750662966067,0.4806764044663643,0.900970973395317,0.09081064564672012,0.977044244326879,13.613268535137593,6.3040928195245955,21.151882645977558,8.020370483398438,4.638821652830257,14.2132568359375,12.05153518660255,13.321716847325463,20.401378783302473,2.4954772040108324,0.48633232207992994,3.259904083296197,0.1610936760896589,0.41036367667812257,0.6828424129707925,-0.3010151715052978,0.38348491753719194,0.2073227011032171,-0.5628387604324945,0.32132641606915885,-0.19372616189826647,107.46231079101562,60.48802399565984,192.417724609375,31.445930880797732,21.2449057379985,58.24733928996561,0.2371254520373986,1.2612097246436962,1.6764873501100803,1.470968232323935,3.744817391404823,3.2702690036065736
0,Midjourney,0,7.98652956463599,0.3552682246923951,8.47221493704264,6.7188294196354885,0.5098768968932081,7.343514801249708,5.791268743851136,0.7133126253672467,6.600915645992892,0.7229309414424079,0.06295129193611085,0.7894455033643002,21.965788879932806,14.665978695139458,43.528196550611085,0.4856606303858479,0.10489855340666242,0.6361414124156349,0.1196024474249417,0.037547222907660535,0.15908188894179742,0.8004426840152573,0.08410667527437829,0.9361107705012632,68.34582702666079,31.23981272525563,112.09009693051394,43.53950500488281,21.62917813765557,76.1953125,5.591119932278412,2.570937917009019,9.004586377937617,2.806618600468213,0.23870996003193723,3.075118696235368,-0.1753114373393178,0.2156924615133551,0.1037337485089944,0.02309188913027168,0.2642963124364579,0.3695392335858839,-0.7902636074987501,0.1307502458033129,-0.6334717187281443,114.56062316894531,33.60009688311245,150.106201171875,56.99135983978949,11.755627231220455,72.85065945146798,0.003249828490801271,0.7279110949457942,0.9565237462246348,-0.35213354849527434,1.0296817665876699,0.5849681186765237
0,Wukong,0,7.729578894061855,0.17437107033239582,7.96458538855618,6.8911375378709465,0.47020390048222166,7.480839901971779,6.517038681349863,0.6129018242513451,7.306755372756084,0.842706621328742,0.07262543362572614,0.9293383245697487,18.49687513532614,13.644486108111892,39.72603694255483,0.4043709799908591,0.1596160594234827,0.6173232231404298,0.13579595776929743,0.12038529058291071,0.28004844261509826,0.7607352274951867,0.20535596659829014,0.9473943502302982,85.58688443338053,40.31980793373672,149.50450395430204,60.24951171875,34.40001112312159,115.878662109375,5.949418319909264,8.29121066043518,11.831694927857033,2.9692144891448375,0.47843906758859794,3.4635610601527764,-0.03418802660642774,0.28900123242533715,0.29456625579588475,-0.26265300952041626,0.29542573805856764,0.14158901799828763,-0.638757301738857,0.2633311274350001,-0.3627439932182152,139.25924682617188,34.66900667757739,189.076904296875,55.188957439594695,13.456063101244675,70.50661488652705,-0.09396727258640222,0.8148346274736348,0.8177554254199821,-0.11204921555552914,1.2312311393187745,1.8711154574473388
1,ADM,1,4.750513585677071,1.2596385728070183,6.386410212223142,4.050631832777136,1.128138739240496,5.629895391562856,3.7898502372581175,1.1201858753261453,5.3999428692765274,0.7948058944367022,0.06183103542696538,0.8467594485923491,3.8009630790973796,3.6738225964581015,6.753126279446966,0.9242411518282595,0.10399349467533678,0.9902235981198035,0.8100672074010773,0.2223400272137181,0.9765376404464363,0.4791618557702826,0.215564782347599,0.8507589156969213,32.17800015631001,23.424714211629176,53.06454478851484,8.834091186523438,6.943617574217419,16.949951171875,36.88378117858228,26.66227370661239,52.209265065389246,1.279152694696656,0.7319457757802672,2.183807286694999,-0.5243447924307278,0.2117459871439007,-0.21460563387053883,0.3900735707299293,0.4372802771615848,0.8591427269729248,-0.1676632936885169,0.41967427612670827,0.18964309405503935,197.33847045898438,3.2950356603160804,201.3233642578125,17.00943060839938,12.215976922320019,30.950492823637518,-5.542327382941287,2.1592006499754524,-2.370466649904711,37.364014849061455,20.239426718641162,58.41855687644842
